Use for MD correlation?,Dataset,Antigen,Antibody,PDB/model,Mutation,Residue #,WT,Mutant,Best ΔΔG kcal/mol,Label type,Binding fold-change/ratio,Assay,Temperature K,Source,DOI,Plain-English interpretation,Caution / notes
YES - primary single-residue alanine label,AB_BIND_1BJ1_VEGF_FAB12,VEGF,Neutralizing mAb (fab-12),1BJ1,F17A,17,F,A,0.0,true_ddG_from_ABBind,1.0,SPR,310.15,AB-Bind row line 21; AB-Bind line 21,10.1016/S0969-2126(98)00116-6,Little/no energetic effect (0.00 kcal/mol).,Single antigen-side alanine row from AB-Bind curated ddG.
YES - primary single-residue alanine label,AB_BIND_1BJ1_VEGF_FAB12,VEGF,Neutralizing mAb (fab-12),1BJ1,Y21A,21,Y,A,0.0,true_ddG_from_ABBind,1.0,SPR,310.15,AB-Bind row line 22; AB-Bind line 22,10.1016/S0969-2126(98)00116-6,Little/no energetic effect (0.00 kcal/mol).,Single antigen-side alanine row from AB-Bind curated ddG.
YES - primary single-residue alanine label,AB_BIND_1BJ1_VEGF_FAB12,VEGF,Neutralizing mAb (fab-12),1BJ1,Y45A,45,Y,A,0.82,true_ddG_from_ABBind,3.783,SPR,310.15,AB-Bind row line 39; AB-Bind line 39,10.1016/S0969-2126(98)00116-6,Weak contributor: mutation weakens binding by 0.82 kcal/mol.,Single antigen-side alanine row from AB-Bind curated ddG.
YES - primary single-residue alanine label,AB_BIND_1BJ1_VEGF_FAB12,VEGF,Neutralizing mAb (fab-12),1BJ1,K48A,48,K,A,0.41,true_ddG_from_ABBind,1.945,SPR,310.15,AB-Bind row line 31; AB-Bind line 31,10.1016/S0969-2126(98)00116-6,Weak contributor: mutation weakens binding by 0.41 kcal/mol.,Single antigen-side alanine row from AB-Bind curated ddG.
YES - primary single-residue alanine label,AB_BIND_1BJ1_VEGF_FAB12,VEGF,Neutralizing mAb (fab-12),1BJ1,Q79A,79,Q,A,0.0,true_ddG_from_ABBind,1.0,SPR,310.15,AB-Bind row line 35; AB-Bind line 35,10.1016/S0969-2126(98)00116-6,Little/no energetic effect (0.00 kcal/mol).,Single antigen-side alanine row from AB-Bind curated ddG.
YES - primary single-residue alanine label,AB_BIND_1BJ1_VEGF_FAB12,VEGF,Neutralizing mAb (fab-12),1BJ1,I80A,80,I,A,0.82,true_ddG_from_ABBind,3.783,SPR,310.15,AB-Bind row line 28; AB-Bind line 28,10.1016/S0969-2126(98)00116-6,Weak contributor: mutation weakens binding by 0.82 kcal/mol.,Single antigen-side alanine row from AB-Bind curated ddG.
YES - primary single-residue alanine label,AB_BIND_1BJ1_VEGF_FAB12,VEGF,Neutralizing mAb (fab-12),1BJ1,M81A,81,M,A,3.69,true_ddG_from_ABBind,398.234,SPR,310.15,AB-Bind row line 33; AB-Bind line 33,10.1016/S0969-2126(98)00116-6,Strong hotspot: mutation weakens binding by 3.69 kcal/mol.,Single antigen-side alanine row from AB-Bind curated ddG.
YES - primary single-residue alanine label,AB_BIND_1BJ1_VEGF_FAB12,VEGF,Neutralizing mAb (fab-12),1BJ1,R82A,82,R,A,3.69,true_ddG_from_ABBind,398.234,SPR,310.15,AB-Bind row line 38; AB-Bind line 38,10.1016/S0969-2126(98)00116-6,Strong hotspot: mutation weakens binding by 3.69 kcal/mol.,Single antigen-side alanine row from AB-Bind curated ddG.
YES - primary single-residue alanine label,AB_BIND_1BJ1_VEGF_FAB12,VEGF,Neutralizing mAb (fab-12),1BJ1,I83A,83,I,A,3.69,true_ddG_from_ABBind,398.234,SPR,310.15,AB-Bind row line 29; AB-Bind line 29,10.1016/S0969-2126(98)00116-6,Strong hotspot: mutation weakens binding by 3.69 kcal/mol.,Single antigen-side alanine row from AB-Bind curated ddG.
YES - primary single-residue alanine label,AB_BIND_1BJ1_VEGF_FAB12,VEGF,Neutralizing mAb (fab-12),1BJ1,K84A,84,K,A,0.65,true_ddG_from_ABBind,2.871,SPR,310.15,AB-Bind row line 32; AB-Bind line 32,10.1016/S0969-2126(98)00116-6,Weak contributor: mutation weakens binding by 0.65 kcal/mol.,Single antigen-side alanine row from AB-Bind curated ddG.
YES - primary single-residue alanine label,AB_BIND_1BJ1_VEGF_FAB12,VEGF,Neutralizing mAb (fab-12),1BJ1,H86A,86,H,A,0.0,true_ddG_from_ABBind,1.0,SPR,310.15,AB-Bind row line 26; AB-Bind line 26,10.1016/S0969-2126(98)00116-6,Little/no energetic effect (0.00 kcal/mol).,Single antigen-side alanine row from AB-Bind curated ddG.
YES - primary single-residue alanine label,AB_BIND_1BJ1_VEGF_FAB12,VEGF,Neutralizing mAb (fab-12),1BJ1,Q87A,87,Q,A,0.0,true_ddG_from_ABBind,1.0,SPR,310.15,AB-Bind row line 36; AB-Bind line 36,10.1016/S0969-2126(98)00116-6,Little/no energetic effect (0.00 kcal/mol).,Single antigen-side alanine row from AB-Bind curated ddG.
YES - primary single-residue alanine label,AB_BIND_1BJ1_VEGF_FAB12,VEGF,Neutralizing mAb (fab-12),1BJ1,G88A,88,G,A,2.76,true_ddG_from_ABBind,88.068,SPR,310.15,AB-Bind row line 24; AB-Bind line 24,10.1016/S0969-2126(98)00116-6,Strong hotspot: mutation weakens binding by 2.76 kcal/mol.,Single antigen-side alanine row from AB-Bind curated ddG.
YES - primary single-residue alanine label,AB_BIND_1BJ1_VEGF_FAB12,VEGF,Neutralizing mAb (fab-12),1BJ1,Q89A,89,Q,A,1.75,true_ddG_from_ABBind,17.105,SPR,310.15,AB-Bind row line 37; AB-Bind line 37,10.1016/S0969-2126(98)00116-6,Moderate contributor: mutation weakens binding by 1.75 kcal/mol.,Single antigen-side alanine row from AB-Bind curated ddG.
YES - primary single-residue alanine label,AB_BIND_1BJ1_VEGF_FAB12,VEGF,Neutralizing mAb (fab-12),1BJ1,H90A,90,H,A,0.0,true_ddG_from_ABBind,1.0,SPR,310.15,AB-Bind row line 27; AB-Bind line 27,10.1016/S0969-2126(98)00116-6,Little/no energetic effect (0.00 kcal/mol).,Single antigen-side alanine row from AB-Bind curated ddG.
YES - primary single-residue alanine label,AB_BIND_1BJ1_VEGF_FAB12,VEGF,Neutralizing mAb (fab-12),1BJ1,I91A,91,I,A,0.41,true_ddG_from_ABBind,1.945,SPR,310.15,AB-Bind row line 30; AB-Bind line 30,10.1016/S0969-2126(98)00116-6,Weak contributor: mutation weakens binding by 0.41 kcal/mol.,Single antigen-side alanine row from AB-Bind curated ddG.
YES - primary single-residue alanine label,AB_BIND_1BJ1_VEGF_FAB12,VEGF,Neutralizing mAb (fab-12),1BJ1,G92A,92,G,A,3.69,true_ddG_from_ABBind,398.234,SPR,310.15,AB-Bind row line 25; AB-Bind line 25,10.1016/S0969-2126(98)00116-6,Strong hotspot: mutation weakens binding by 3.69 kcal/mol.,Single antigen-side alanine row from AB-Bind curated ddG.
YES - primary single-residue alanine label,AB_BIND_1BJ1_VEGF_FAB12,VEGF,Neutralizing mAb (fab-12),1BJ1,E93A,93,E,A,0.82,true_ddG_from_ABBind,3.783,SPR,310.15,AB-Bind row line 23; AB-Bind line 23,10.1016/S0969-2126(98)00116-6,Weak contributor: mutation weakens binding by 0.82 kcal/mol.,Single antigen-side alanine row from AB-Bind curated ddG.
YES - primary single-residue alanine label,AB_BIND_1BJ1_VEGF_FAB12,VEGF,Neutralizing mAb (fab-12),1BJ1,M94A,94,M,A,1.42,true_ddG_from_ABBind,10.014,SPR,310.15,AB-Bind row line 34; AB-Bind line 34,10.1016/S0969-2126(98)00116-6,Moderate contributor: mutation weakens binding by 1.42 kcal/mol.,Single antigen-side alanine row from AB-Bind curated ddG.
YES - primary single-residue alanine label,AB_BIND_1CZ8_VEGF_Y0317,VEGF,affinity matured mAb (Y0317),1CZ8,F17A,17,F,A,0.0,true_ddG_from_ABBind,1.0,SPR,310.15,AB-Bind row line 40; AB-Bind line 40,10.1006/JMBI.1999.3192,Little/no energetic effect (0.00 kcal/mol).,Single antigen-side alanine row from AB-Bind curated ddG.
YES - primary single-residue alanine label,AB_BIND_1CZ8_VEGF_Y0317,VEGF,affinity matured mAb (Y0317),1CZ8,Y21A,21,Y,A,0.0,true_ddG_from_ABBind,1.0,SPR,310.15,AB-Bind row line 41; AB-Bind line 41,10.1006/JMBI.1999.3192,Little/no energetic effect (0.00 kcal/mol).,Single antigen-side alanine row from AB-Bind curated ddG.
YES - primary single-residue alanine label,AB_BIND_1CZ8_VEGF_Y0317,VEGF,affinity matured mAb (Y0317),1CZ8,Y45A,45,Y,A,1.94,true_ddG_from_ABBind,23.281,SPR,310.15,AB-Bind row line 58; AB-Bind line 58,10.1006/JMBI.1999.3192,Moderate contributor: mutation weakens binding by 1.94 kcal/mol.,Single antigen-side alanine row from AB-Bind curated ddG.
YES - primary single-residue alanine label,AB_BIND_1CZ8_VEGF_Y0317,VEGF,affinity matured mAb (Y0317),1CZ8,K48A,48,K,A,0.0,true_ddG_from_ABBind,1.0,SPR,310.15,AB-Bind row line 50; AB-Bind line 50,10.1006/JMBI.1999.3192,Little/no energetic effect (0.00 kcal/mol).,Single antigen-side alanine row from AB-Bind curated ddG.
YES - primary single-residue alanine label,AB_BIND_1CZ8_VEGF_Y0317,VEGF,affinity matured mAb (Y0317),1CZ8,Q79A,79,Q,A,0.65,true_ddG_from_ABBind,2.871,SPR,310.15,AB-Bind row line 54; AB-Bind line 54,10.1006/JMBI.1999.3192,Weak contributor: mutation weakens binding by 0.65 kcal/mol.,Single antigen-side alanine row from AB-Bind curated ddG.
YES - primary single-residue alanine label,AB_BIND_1CZ8_VEGF_Y0317,VEGF,affinity matured mAb (Y0317),1CZ8,I80A,80,I,A,0.95,true_ddG_from_ABBind,4.671,SPR,310.15,AB-Bind row line 47; AB-Bind line 47,10.1006/JMBI.1999.3192,Weak contributor: mutation weakens binding by 0.95 kcal/mol.,Single antigen-side alanine row from AB-Bind curated ddG.
YES - primary single-residue alanine label,AB_BIND_1CZ8_VEGF_Y0317,VEGF,affinity matured mAb (Y0317),1CZ8,M81A,81,M,A,4.1,true_ddG_from_ABBind,774.537,SPR,310.15,AB-Bind row line 52; AB-Bind line 52,10.1006/JMBI.1999.3192,Very strong hotspot: mutation weakens binding by 4.10 kcal/mol.,Single antigen-side alanine row from AB-Bind curated ddG.
YES - primary single-residue alanine label,AB_BIND_1CZ8_VEGF_Y0317,VEGF,affinity matured mAb (Y0317),1CZ8,R82A,82,R,A,0.82,true_ddG_from_ABBind,3.783,SPR,310.15,AB-Bind row line 57; AB-Bind line 57,10.1006/JMBI.1999.3192,Weak contributor: mutation weakens binding by 0.82 kcal/mol.,Single antigen-side alanine row from AB-Bind curated ddG.
YES - primary single-residue alanine label,AB_BIND_1CZ8_VEGF_Y0317,VEGF,affinity matured mAb (Y0317),1CZ8,I83A,83,I,A,1.3,true_ddG_from_ABBind,8.242,SPR,310.15,AB-Bind row line 48; AB-Bind line 48,10.1006/JMBI.1999.3192,Moderate contributor: mutation weakens binding by 1.30 kcal/mol.,Single antigen-side alanine row from AB-Bind curated ddG.
YES - primary single-residue alanine label,AB_BIND_1CZ8_VEGF_Y0317,VEGF,affinity matured mAb (Y0317),1CZ8,K84A,84,K,A,1.36,true_ddG_from_ABBind,9.085,SPR,310.15,AB-Bind row line 51; AB-Bind line 51,10.1006/JMBI.1999.3192,Moderate contributor: mutation weakens binding by 1.36 kcal/mol.,Single antigen-side alanine row from AB-Bind curated ddG.
YES - primary single-residue alanine label,AB_BIND_1CZ8_VEGF_Y0317,VEGF,affinity matured mAb (Y0317),1CZ8,H86A,86,H,A,0.0,true_ddG_from_ABBind,1.0,SPR,310.15,AB-Bind row line 45; AB-Bind line 45,10.1006/JMBI.1999.3192,Little/no energetic effect (0.00 kcal/mol).,Single antigen-side alanine row from AB-Bind curated ddG.
YES - primary single-residue alanine label,AB_BIND_1CZ8_VEGF_Y0317,VEGF,affinity matured mAb (Y0317),1CZ8,Q87A,87,Q,A,0.0,true_ddG_from_ABBind,1.0,SPR,310.15,AB-Bind row line 55; AB-Bind line 55,10.1006/JMBI.1999.3192,Little/no energetic effect (0.00 kcal/mol).,Single antigen-side alanine row from AB-Bind curated ddG.
YES - primary single-residue alanine label,AB_BIND_1CZ8_VEGF_Y0317,VEGF,affinity matured mAb (Y0317),1CZ8,G88A,88,G,A,2.67,true_ddG_from_ABBind,76.103,SPR,310.15,AB-Bind row line 43; AB-Bind line 43,10.1006/JMBI.1999.3192,Strong hotspot: mutation weakens binding by 2.67 kcal/mol.,Single antigen-side alanine row from AB-Bind curated ddG.
YES - primary single-residue alanine label,AB_BIND_1CZ8_VEGF_Y0317,VEGF,affinity matured mAb (Y0317),1CZ8,Q89A,89,Q,A,1.06,true_ddG_from_ABBind,5.584,SPR,310.15,AB-Bind row line 56; AB-Bind line 56,10.1006/JMBI.1999.3192,Moderate contributor: mutation weakens binding by 1.06 kcal/mol.,Single antigen-side alanine row from AB-Bind curated ddG.
YES - primary single-residue alanine label,AB_BIND_1CZ8_VEGF_Y0317,VEGF,affinity matured mAb (Y0317),1CZ8,H90A,90,H,A,0.0,true_ddG_from_ABBind,1.0,SPR,310.15,AB-Bind row line 46; AB-Bind line 46,10.1006/JMBI.1999.3192,Little/no energetic effect (0.00 kcal/mol).,Single antigen-side alanine row from AB-Bind curated ddG.
YES - primary single-residue alanine label,AB_BIND_1CZ8_VEGF_Y0317,VEGF,affinity matured mAb (Y0317),1CZ8,I91A,91,I,A,1.06,true_ddG_from_ABBind,5.584,SPR,310.15,AB-Bind row line 49; AB-Bind line 49,10.1006/JMBI.1999.3192,Moderate contributor: mutation weakens binding by 1.06 kcal/mol.,Single antigen-side alanine row from AB-Bind curated ddG.
YES - primary single-residue alanine label,AB_BIND_1CZ8_VEGF_Y0317,VEGF,affinity matured mAb (Y0317),1CZ8,G92A,92,G,A,4.1,true_ddG_from_ABBind,774.537,SPR,310.15,AB-Bind row line 44; AB-Bind line 44,10.1006/JMBI.1999.3192,Very strong hotspot: mutation weakens binding by 4.10 kcal/mol.,Single antigen-side alanine row from AB-Bind curated ddG.
YES - primary single-residue alanine label,AB_BIND_1CZ8_VEGF_Y0317,VEGF,affinity matured mAb (Y0317),1CZ8,E93A,93,E,A,1.15,true_ddG_from_ABBind,6.462,SPR,310.15,AB-Bind row line 42; AB-Bind line 42,10.1006/JMBI.1999.3192,Moderate contributor: mutation weakens binding by 1.15 kcal/mol.,Single antigen-side alanine row from AB-Bind curated ddG.
YES - primary single-residue alanine label,AB_BIND_1CZ8_VEGF_Y0317,VEGF,affinity matured mAb (Y0317),1CZ8,M94A,94,M,A,1.91,true_ddG_from_ABBind,22.175,SPR,310.15,AB-Bind row line 53; AB-Bind line 53,10.1006/JMBI.1999.3192,Moderate contributor: mutation weakens binding by 1.91 kcal/mol.,Single antigen-side alanine row from AB-Bind curated ddG.
YES - primary single-residue alanine label,AB_BIND_1DQJ_LYSOZYME_HYHEL63,Lysozyme,HYHEL-63,1DQJ,S100A,100,S,A,0.8,true_ddG_from_ABBind,3.858,SPR,298.15,AB-Bind row line 78; AB-Bind line 78,10.1021/BI000054L,Weak contributor: mutation weakens binding by 0.80 kcal/mol.,Single antigen-side alanine row from AB-Bind curated ddG.
YES - primary single-residue alanine label,AB_BIND_1DQJ_LYSOZYME_HYHEL63,Lysozyme,HYHEL-63,1DQJ,D101A,101,D,A,1.3,true_ddG_from_ABBind,8.972,SPR,298.15,AB-Bind row line 72; AB-Bind line 72,10.1021/BI000054L,Moderate contributor: mutation weakens binding by 1.30 kcal/mol.,Single antigen-side alanine row from AB-Bind curated ddG.
YES - primary single-residue alanine label,AB_BIND_1DQJ_LYSOZYME_HYHEL63,Lysozyme,HYHEL-63,1DQJ,Y20A,20,Y,A,3.3,true_ddG_from_ABBind,262.372,SPR,298.15,AB-Bind row line 82; AB-Bind line 82,10.1021/BI000054L,Strong hotspot: mutation weakens binding by 3.30 kcal/mol.,Single antigen-side alanine row from AB-Bind curated ddG.
YES - primary single-residue alanine label,AB_BIND_1DQJ_LYSOZYME_HYHEL63,Lysozyme,HYHEL-63,1DQJ,R21A,21,R,A,1.3,true_ddG_from_ABBind,8.972,SPR,298.15,AB-Bind row line 77; AB-Bind line 77,10.1021/BI000054L,Moderate contributor: mutation weakens binding by 1.30 kcal/mol.,Single antigen-side alanine row from AB-Bind curated ddG.
YES - primary single-residue alanine label,AB_BIND_1DQJ_LYSOZYME_HYHEL63,Lysozyme,HYHEL-63,1DQJ,W62A,62,W,A,0.8,true_ddG_from_ABBind,3.858,SPR,298.15,AB-Bind row line 80; AB-Bind line 80,10.1021/BI000054L,Weak contributor: mutation weakens binding by 0.80 kcal/mol.,Single antigen-side alanine row from AB-Bind curated ddG.
YES - primary single-residue alanine label,AB_BIND_1DQJ_LYSOZYME_HYHEL63,Lysozyme,HYHEL-63,1DQJ,W63A,63,W,A,1.3,true_ddG_from_ABBind,8.972,SPR,298.15,AB-Bind row line 81; AB-Bind line 81,10.1021/BI000054L,Moderate contributor: mutation weakens binding by 1.30 kcal/mol.,Single antigen-side alanine row from AB-Bind curated ddG.
YES - primary single-residue alanine label,AB_BIND_1DQJ_LYSOZYME_HYHEL63,Lysozyme,HYHEL-63,1DQJ,L75A,75,L,A,1.5,true_ddG_from_ABBind,12.575,SPR,298.15,AB-Bind row line 75; AB-Bind line 75,10.1021/BI000054L,Moderate contributor: mutation weakens binding by 1.50 kcal/mol.,Single antigen-side alanine row from AB-Bind curated ddG.
YES - primary single-residue alanine label,AB_BIND_1DQJ_LYSOZYME_HYHEL63,Lysozyme,HYHEL-63,1DQJ,T89A,89,T,A,0.8,true_ddG_from_ABBind,3.858,SPR,298.15,AB-Bind row line 79; AB-Bind line 79,10.1021/BI000054L,Weak contributor: mutation weakens binding by 0.80 kcal/mol.,Single antigen-side alanine row from AB-Bind curated ddG.
YES - primary single-residue alanine label,AB_BIND_1DQJ_LYSOZYME_HYHEL63,Lysozyme,HYHEL-63,1DQJ,N93A,93,N,A,0.6,true_ddG_from_ABBind,2.753,SPR,298.15,AB-Bind row line 76; AB-Bind line 76,10.1021/BI000054L,Weak contributor: mutation weakens binding by 0.60 kcal/mol.,Single antigen-side alanine row from AB-Bind curated ddG.
YES - primary single-residue alanine label,AB_BIND_1DQJ_LYSOZYME_HYHEL63,Lysozyme,HYHEL-63,1DQJ,K96A,96,K,A,6.1,true_ddG_from_ABBind,29602.704,SPR,298.15,AB-Bind row line 73; AB-Bind line 73,10.1021/BI000054L,Very strong hotspot: mutation weakens binding by 6.10 kcal/mol.,Single antigen-side alanine row from AB-Bind curated ddG.
YES - primary single-residue alanine label,AB_BIND_1DQJ_LYSOZYME_HYHEL63,Lysozyme,HYHEL-63,1DQJ,K97A,97,K,A,3.5,true_ddG_from_ABBind,367.721,SPR,298.15,AB-Bind row line 74; AB-Bind line 74,10.1021/BI000054L,Strong hotspot: mutation weakens binding by 3.50 kcal/mol.,Single antigen-side alanine row from AB-Bind curated ddG.
YES - primary single-residue alanine label,AB_BIND_2JEL_HPR_JEL42,HPr,Jel42 antibody,2JEL,T62A,62,T,A,0.0,true_ddG_from_ABBind,1.0,Other,298.15,AB-Bind row line 710; AB-Bind line 710,10.1006/JMBI.1998.1888,Little/no energetic effect (0.00 kcal/mol).,Single antigen-side HPr chain P alanine row from AB-Bind curated ddG.
YES - primary single-residue alanine label,AB_BIND_2JEL_HPR_JEL42,HPr,Jel42 antibody,2JEL,E68A,68,E,A,0.41,true_ddG_from_ABBind,1.998,Other,298.15,AB-Bind row line 677; AB-Bind line 677,10.1006/JMBI.1998.1888,Weak contributor: mutation weakens binding by 0.41 kcal/mol.,Single antigen-side HPr chain P alanine row from AB-Bind curated ddG.
YES - primary single-residue alanine label,AB_BIND_2JEL_HPR_JEL42,HPr,Jel42 antibody,2JEL,E70A,70,E,A,2.75,true_ddG_from_ABBind,103.697,Other,298.15,AB-Bind row line 678; AB-Bind line 678,10.1006/JMBI.1998.1888,Strong hotspot: mutation weakens binding by 2.75 kcal/mol.,Single antigen-side HPr chain P alanine row from AB-Bind curated ddG.
YES - primary single-residue alanine label,AB_BIND_2JEL_HPR_JEL42,HPr,Jel42 antibody,2JEL,H76A,76,H,A,-0.41,true_ddG_from_ABBind,0.501,Other,298.15,AB-Bind row line 688; AB-Bind line 688,10.1006/JMBI.1998.1888,Mutation appears to improve binding (-0.41 kcal/mol).,Single antigen-side HPr chain P alanine row from AB-Bind curated ddG.
YES - primary single-residue alanine label,AB_BIND_2JEL_HPR_JEL42,HPr,Jel42 antibody,2JEL,E83A,83,E,A,0.0,true_ddG_from_ABBind,1.0,Other,298.15,AB-Bind row line 681; AB-Bind line 681,10.1006/JMBI.1998.1888,Little/no energetic effect (0.00 kcal/mol).,Single antigen-side HPr chain P alanine row from AB-Bind curated ddG.
YES - primary single-residue alanine label,AB_BIND_2JEL_HPR_JEL42,HPr,Jel42 antibody,2JEL,E85A,85,E,A,0.0,true_ddG_from_ABBind,1.0,Other,298.15,AB-Bind row line 682; AB-Bind line 682,10.1006/JMBI.1998.1888,Little/no energetic effect (0.00 kcal/mol).,Single antigen-side HPr chain P alanine row from AB-Bind curated ddG.
YES - primary single-residue alanine label,AB_BIND_2NYY_BONTA1_CR1,Bont/A1,mAb CR1,2NYY,K1056A,1056,K,A,-0.03,true_ddG_from_ABBind,0.95,KinExA,296.15,AB-Bind row line 753; AB-Bind line 753,10.1038/NBT1269,Little/no energetic effect (-0.03 kcal/mol).,Single antigen-side alanine row from AB-Bind curated ddG.
YES - primary single-residue alanine label,AB_BIND_2NYY_BONTA1_CR1,Bont/A1,mAb CR1,2NYY,D1058A,1058,D,A,0.01,true_ddG_from_ABBind,1.017,KinExA,296.15,AB-Bind row line 746; AB-Bind line 746,10.1038/NBT1269,Little/no energetic effect (0.01 kcal/mol).,Single antigen-side alanine row from AB-Bind curated ddG.
YES - primary single-residue alanine label,AB_BIND_2NYY_BONTA1_CR1,Bont/A1,mAb CR1,2NYY,R1061A,1061,R,A,0.82,true_ddG_from_ABBind,4.028,KinExA,296.15,AB-Bind row line 760; AB-Bind line 760,10.1038/NBT1269,Weak contributor: mutation weakens binding by 0.82 kcal/mol.,Single antigen-side alanine row from AB-Bind curated ddG.
YES - primary single-residue alanine label,AB_BIND_2NYY_BONTA1_CR1,Bont/A1,mAb CR1,2NYY,D1062A,1062,D,A,2.53,true_ddG_from_ABBind,73.625,KinExA,296.15,AB-Bind row line 747; AB-Bind line 747,10.1038/NBT1269,Strong hotspot: mutation weakens binding by 2.53 kcal/mol.,Single antigen-side alanine row from AB-Bind curated ddG.
YES - primary single-residue alanine label,AB_BIND_2NYY_BONTA1_CR1,Bont/A1,mAb CR1,2NYY,T1063A,1063,T,A,1.62,true_ddG_from_ABBind,15.685,KinExA,296.15,AB-Bind row line 764; AB-Bind line 764,10.1038/NBT1269,Moderate contributor: mutation weakens binding by 1.62 kcal/mol.,Single antigen-side alanine row from AB-Bind curated ddG.
YES - primary single-residue alanine label,AB_BIND_2NYY_BONTA1_CR1,Bont/A1,mAb CR1,2NYY,H1064A,1064,H,A,7.32,true_ddG_from_ABBind,252251.257,KinExA,296.15,AB-Bind row line 751; AB-Bind line 751,10.1038/NBT1269,Very strong hotspot: mutation weakens binding by 7.32 kcal/mol.,Single antigen-side alanine row from AB-Bind curated ddG.
YES - primary single-residue alanine label,AB_BIND_2NYY_BONTA1_CR1,Bont/A1,mAb CR1,2NYY,R1294A,1294,R,A,0.3,true_ddG_from_ABBind,1.665,KinExA,296.15,AB-Bind row line 761; AB-Bind line 761,10.1038/NBT1269,Weak contributor: mutation weakens binding by 0.30 kcal/mol.,Single antigen-side alanine row from AB-Bind curated ddG.
YES - primary single-residue alanine label,AB_BIND_2NYY_BONTA1_CR1,Bont/A1,mAb CR1,2NYY,S902A,902,S,A,-0.23,true_ddG_from_ABBind,0.677,KinExA,296.15,AB-Bind row line 762; AB-Bind line 762,10.1038/NBT1269,Little/no energetic effect (-0.23 kcal/mol).,Single antigen-side alanine row from AB-Bind curated ddG.
YES - primary single-residue alanine label,AB_BIND_2NYY_BONTA1_CR1,Bont/A1,mAb CR1,2NYY,K903A,903,K,A,0.29,true_ddG_from_ABBind,1.637,KinExA,296.15,AB-Bind row line 754; AB-Bind line 754,10.1038/NBT1269,Weak contributor: mutation weakens binding by 0.29 kcal/mol.,Single antigen-side alanine row from AB-Bind curated ddG.
YES - primary single-residue alanine label,AB_BIND_2NYY_BONTA1_CR1,Bont/A1,mAb CR1,2NYY,Q915A,915,Q,A,0.52,true_ddG_from_ABBind,2.42,KinExA,296.15,AB-Bind row line 759; AB-Bind line 759,10.1038/NBT1269,Weak contributor: mutation weakens binding by 0.52 kcal/mol.,Single antigen-side alanine row from AB-Bind curated ddG.
YES - primary single-residue alanine label,AB_BIND_2NYY_BONTA1_CR1,Bont/A1,mAb CR1,2NYY,F917A,917,F,A,0.42,true_ddG_from_ABBind,2.041,KinExA,296.15,AB-Bind row line 749; AB-Bind line 749,10.1038/NBT1269,Weak contributor: mutation weakens binding by 0.42 kcal/mol.,Single antigen-side alanine row from AB-Bind curated ddG.
YES - primary single-residue alanine label,AB_BIND_2NYY_BONTA1_CR1,Bont/A1,mAb CR1,2NYY,N918A,918,N,A,0.89,true_ddG_from_ABBind,4.537,KinExA,296.15,AB-Bind row line 757; AB-Bind line 757,10.1038/NBT1269,Weak contributor: mutation weakens binding by 0.89 kcal/mol.,Single antigen-side alanine row from AB-Bind curated ddG.
YES - primary single-residue alanine label,AB_BIND_2NYY_BONTA1_CR1,Bont/A1,mAb CR1,2NYY,L919A,919,L,A,2.59,true_ddG_from_ABBind,81.528,KinExA,296.15,AB-Bind row line 756; AB-Bind line 756,10.1038/NBT1269,Strong hotspot: mutation weakens binding by 2.59 kcal/mol.,Single antigen-side alanine row from AB-Bind curated ddG.
YES - primary single-residue alanine label,AB_BIND_2NYY_BONTA1_CR1,Bont/A1,mAb CR1,2NYY,E920A,920,E,A,2.84,true_ddG_from_ABBind,124.679,KinExA,296.15,AB-Bind row line 748; AB-Bind line 748,10.1038/NBT1269,Strong hotspot: mutation weakens binding by 2.84 kcal/mol.,Single antigen-side alanine row from AB-Bind curated ddG.
YES - primary single-residue alanine label,AB_BIND_2NYY_BONTA1_CR1,Bont/A1,mAb CR1,2NYY,K923A,923,K,A,-0.14,true_ddG_from_ABBind,0.788,KinExA,296.15,AB-Bind row line 755; AB-Bind line 755,10.1038/NBT1269,Little/no energetic effect (-0.14 kcal/mol).,Single antigen-side alanine row from AB-Bind curated ddG.
YES - primary single-residue alanine label,AB_BIND_2NYY_BONTA1_CR1,Bont/A1,mAb CR1,2NYY,F953A,953,F,A,4.06,true_ddG_from_ABBind,991.057,KinExA,296.15,AB-Bind row line 750; AB-Bind line 750,10.1038/NBT1269,Very strong hotspot: mutation weakens binding by 4.06 kcal/mol.,Single antigen-side alanine row from AB-Bind curated ddG.
YES - primary single-residue alanine label,AB_BIND_2NYY_BONTA1_CR1,Bont/A1,mAb CR1,2NYY,N954A,954,N,A,0.1,true_ddG_from_ABBind,1.185,KinExA,296.15,AB-Bind row line 758; AB-Bind line 758,10.1038/NBT1269,Little/no energetic effect (0.10 kcal/mol).,Single antigen-side alanine row from AB-Bind curated ddG.
YES - primary single-residue alanine label,AB_BIND_2NYY_BONTA1_CR1,Bont/A1,mAb CR1,2NYY,S955A,955,S,A,0.0,true_ddG_from_ABBind,1.0,KinExA,296.15,AB-Bind row line 763; AB-Bind line 763,10.1038/NBT1269,Little/no energetic effect (0.00 kcal/mol).,Single antigen-side alanine row from AB-Bind curated ddG.
YES - primary single-residue alanine label,AB_BIND_2NYY_BONTA1_CR1,Bont/A1,mAb CR1,2NYY,I956A,956,I,A,-0.01,true_ddG_from_ABBind,0.983,KinExA,296.15,AB-Bind row line 752; AB-Bind line 752,10.1038/NBT1269,Little/no energetic effect (-0.01 kcal/mol).,Single antigen-side alanine row from AB-Bind curated ddG.
YES - primary single-residue alanine label,AB_BIND_2NZ9_BONTA1_AR2,Bont/A1,mAb AR2,2NZ9,K1056A,1056,K,A,-0.01,true_ddG_from_ABBind,0.983,KinExA,296.15,AB-Bind row line 781; AB-Bind line 781,10.1038/NBT1269,Little/no energetic effect (-0.01 kcal/mol).,Single antigen-side alanine row from AB-Bind curated ddG.
YES - primary single-residue alanine label,AB_BIND_2NZ9_BONTA1_AR2,Bont/A1,mAb AR2,2NZ9,D1058A,1058,D,A,-0.03,true_ddG_from_ABBind,0.95,KinExA,296.15,AB-Bind row line 774; AB-Bind line 774,10.1038/NBT1269,Little/no energetic effect (-0.03 kcal/mol).,Single antigen-side alanine row from AB-Bind curated ddG.
YES - primary single-residue alanine label,AB_BIND_2NZ9_BONTA1_AR2,Bont/A1,mAb AR2,2NZ9,R1061A,1061,R,A,0.29,true_ddG_from_ABBind,1.637,KinExA,296.15,AB-Bind row line 788; AB-Bind line 788,10.1038/NBT1269,Weak contributor: mutation weakens binding by 0.29 kcal/mol.,Single antigen-side alanine row from AB-Bind curated ddG.
YES - primary single-residue alanine label,AB_BIND_2NZ9_BONTA1_AR2,Bont/A1,mAb AR2,2NZ9,D1062A,1062,D,A,2.34,true_ddG_from_ABBind,53.311,KinExA,296.15,AB-Bind row line 775; AB-Bind line 775,10.1038/NBT1269,Strong hotspot: mutation weakens binding by 2.34 kcal/mol.,Single antigen-side alanine row from AB-Bind curated ddG.
YES - primary single-residue alanine label,AB_BIND_2NZ9_BONTA1_AR2,Bont/A1,mAb AR2,2NZ9,T1063A,1063,T,A,2.37,true_ddG_from_ABBind,56.099,KinExA,296.15,AB-Bind row line 792; AB-Bind line 792,10.1038/NBT1269,Strong hotspot: mutation weakens binding by 2.37 kcal/mol.,Single antigen-side alanine row from AB-Bind curated ddG.
YES - primary single-residue alanine label,AB_BIND_2NZ9_BONTA1_AR2,Bont/A1,mAb AR2,2NZ9,H1064A,1064,H,A,7.42,true_ddG_from_ABBind,298970.87,KinExA,296.15,AB-Bind row line 779; AB-Bind line 779,10.1038/NBT1269,Very strong hotspot: mutation weakens binding by 7.42 kcal/mol.,Single antigen-side alanine row from AB-Bind curated ddG.
YES - primary single-residue alanine label,AB_BIND_2NZ9_BONTA1_AR2,Bont/A1,mAb AR2,2NZ9,R1294A,1294,R,A,0.39,true_ddG_from_ABBind,1.94,KinExA,296.15,AB-Bind row line 789; AB-Bind line 789,10.1038/NBT1269,Weak contributor: mutation weakens binding by 0.39 kcal/mol.,Single antigen-side alanine row from AB-Bind curated ddG.
YES - primary single-residue alanine label,AB_BIND_2NZ9_BONTA1_AR2,Bont/A1,mAb AR2,2NZ9,S902A,902,S,A,-0.12,true_ddG_from_ABBind,0.816,KinExA,296.15,AB-Bind row line 790; AB-Bind line 790,10.1038/NBT1269,Little/no energetic effect (-0.12 kcal/mol).,Single antigen-side alanine row from AB-Bind curated ddG.
YES - primary single-residue alanine label,AB_BIND_2NZ9_BONTA1_AR2,Bont/A1,mAb AR2,2NZ9,K903A,903,K,A,0.54,true_ddG_from_ABBind,2.503,KinExA,296.15,AB-Bind row line 782; AB-Bind line 782,10.1038/NBT1269,Weak contributor: mutation weakens binding by 0.54 kcal/mol.,Single antigen-side alanine row from AB-Bind curated ddG.
YES - primary single-residue alanine label,AB_BIND_2NZ9_BONTA1_AR2,Bont/A1,mAb AR2,2NZ9,Q915A,915,Q,A,0.1,true_ddG_from_ABBind,1.185,KinExA,296.15,AB-Bind row line 787; AB-Bind line 787,10.1038/NBT1269,Little/no energetic effect (0.10 kcal/mol).,Single antigen-side alanine row from AB-Bind curated ddG.
YES - primary single-residue alanine label,AB_BIND_2NZ9_BONTA1_AR2,Bont/A1,mAb AR2,2NZ9,F917A,917,F,A,-0.05,true_ddG_from_ABBind,0.919,KinExA,296.15,AB-Bind row line 777; AB-Bind line 777,10.1038/NBT1269,Little/no energetic effect (-0.05 kcal/mol).,Single antigen-side alanine row from AB-Bind curated ddG.
YES - primary single-residue alanine label,AB_BIND_2NZ9_BONTA1_AR2,Bont/A1,mAb AR2,2NZ9,N918A,918,N,A,2.16,true_ddG_from_ABBind,39.263,KinExA,296.15,AB-Bind row line 785; AB-Bind line 785,10.1038/NBT1269,Strong hotspot: mutation weakens binding by 2.16 kcal/mol.,Single antigen-side alanine row from AB-Bind curated ddG.
YES - primary single-residue alanine label,AB_BIND_2NZ9_BONTA1_AR2,Bont/A1,mAb AR2,2NZ9,L919A,919,L,A,2.28,true_ddG_from_ABBind,48.144,KinExA,296.15,AB-Bind row line 784; AB-Bind line 784,10.1038/NBT1269,Strong hotspot: mutation weakens binding by 2.28 kcal/mol.,Single antigen-side alanine row from AB-Bind curated ddG.
YES - primary single-residue alanine label,AB_BIND_2NZ9_BONTA1_AR2,Bont/A1,mAb AR2,2NZ9,E920A,920,E,A,2.77,true_ddG_from_ABBind,110.697,KinExA,296.15,AB-Bind row line 776; AB-Bind line 776,10.1038/NBT1269,Strong hotspot: mutation weakens binding by 2.77 kcal/mol.,Single antigen-side alanine row from AB-Bind curated ddG.
YES - primary single-residue alanine label,AB_BIND_2NZ9_BONTA1_AR2,Bont/A1,mAb AR2,2NZ9,K923A,923,K,A,-0.3,true_ddG_from_ABBind,0.601,KinExA,296.15,AB-Bind row line 783; AB-Bind line 783,10.1038/NBT1269,Mutation appears to improve binding (-0.30 kcal/mol).,Single antigen-side alanine row from AB-Bind curated ddG.
YES - primary single-residue alanine label,AB_BIND_2NZ9_BONTA1_AR2,Bont/A1,mAb AR2,2NZ9,F953A,953,F,A,3.34,true_ddG_from_ABBind,291.589,KinExA,296.15,AB-Bind row line 778; AB-Bind line 778,10.1038/NBT1269,Strong hotspot: mutation weakens binding by 3.34 kcal/mol.,Single antigen-side alanine row from AB-Bind curated ddG.
YES - primary single-residue alanine label,AB_BIND_2NZ9_BONTA1_AR2,Bont/A1,mAb AR2,2NZ9,N954A,954,N,A,-0.15,true_ddG_from_ABBind,0.775,KinExA,296.15,AB-Bind row line 786; AB-Bind line 786,10.1038/NBT1269,Little/no energetic effect (-0.15 kcal/mol).,Single antigen-side alanine row from AB-Bind curated ddG.
YES - primary single-residue alanine label,AB_BIND_2NZ9_BONTA1_AR2,Bont/A1,mAb AR2,2NZ9,S955A,955,S,A,-0.08,true_ddG_from_ABBind,0.873,KinExA,296.15,AB-Bind row line 791; AB-Bind line 791,10.1038/NBT1269,Little/no energetic effect (-0.08 kcal/mol).,Single antigen-side alanine row from AB-Bind curated ddG.
YES - primary single-residue alanine label,AB_BIND_2NZ9_BONTA1_AR2,Bont/A1,mAb AR2,2NZ9,I956A,956,I,A,0.07,true_ddG_from_ABBind,1.126,KinExA,296.15,AB-Bind row line 780; AB-Bind line 780,10.1038/NBT1269,Little/no energetic effect (0.07 kcal/mol).,Single antigen-side alanine row from AB-Bind curated ddG.
YES - primary single-residue alanine label,AB_BIND_3BN9_MTSP1_E2,MT-SP1,Fab Inhibitor E2,3BN9,H143A,143,H,A,0.09,true_ddG_from_ABBind,1.164,Enzymatic 2,298.15,AB-Bind row line 869; AB-Bind line 869,10.1016/J.JMB.2008.05.009,Little/no energetic effect (0.09 kcal/mol).,Single antigen-side alanine row from AB-Bind curated ddG.
YES - primary single-residue alanine label,AB_BIND_3BN9_MTSP1_E2,MT-SP1,Fab Inhibitor E2,3BN9,Q145A,145,Q,A,0.13,true_ddG_from_ABBind,1.245,Enzymatic 2,298.15,AB-Bind row line 875; AB-Bind line 875,10.1016/J.JMB.2008.05.009,Little/no energetic effect (0.13 kcal/mol).,Single antigen-side alanine row from AB-Bind curated ddG.
YES - primary single-residue alanine label,AB_BIND_3BN9_MTSP1_E2,MT-SP1,Fab Inhibitor E2,3BN9,Y146A,146,Y,A,1.09,true_ddG_from_ABBind,6.295,Enzymatic 2,298.15,AB-Bind row line 886; AB-Bind line 886,10.1016/J.JMB.2008.05.009,Moderate contributor: mutation weakens binding by 1.09 kcal/mol.,Single antigen-side alanine row from AB-Bind curated ddG.
YES - primary single-residue alanine label,AB_BIND_3BN9_MTSP1_E2,MT-SP1,Fab Inhibitor E2,3BN9,T150A,150,T,A,0.29,true_ddG_from_ABBind,1.631,Enzymatic 2,298.15,AB-Bind row line 884; AB-Bind line 884,10.1016/J.JMB.2008.05.009,Weak contributor: mutation weakens binding by 0.29 kcal/mol.,Single antigen-side alanine row from AB-Bind curated ddG.
YES - primary single-residue alanine label,AB_BIND_3BN9_MTSP1_E2,MT-SP1,Fab Inhibitor E2,3BN9,L153A,153,L,A,0.34,true_ddG_from_ABBind,1.775,Enzymatic 2,298.15,AB-Bind row line 873; AB-Bind line 873,10.1016/J.JMB.2008.05.009,Weak contributor: mutation weakens binding by 0.34 kcal/mol.,Single antigen-side alanine row from AB-Bind curated ddG.
YES - primary single-residue alanine label,AB_BIND_3BN9_MTSP1_E2,MT-SP1,Fab Inhibitor E2,3BN9,E169A,169,E,A,0.37,true_ddG_from_ABBind,1.867,Enzymatic 2,298.15,AB-Bind row line 865; AB-Bind line 865,10.1016/J.JMB.2008.05.009,Weak contributor: mutation weakens binding by 0.37 kcal/mol.,Single antigen-side alanine row from AB-Bind curated ddG.
YES - primary single-residue alanine label,AB_BIND_3BN9_MTSP1_E2,MT-SP1,Fab Inhibitor E2,3BN9,Q174A,174,Q,A,-0.03,true_ddG_from_ABBind,0.951,Enzymatic 2,298.15,AB-Bind row line 876; AB-Bind line 876,10.1016/J.JMB.2008.05.009,Little/no energetic effect (-0.03 kcal/mol).,Single antigen-side alanine row from AB-Bind curated ddG.
YES - primary single-residue alanine label,AB_BIND_3BN9_MTSP1_E2,MT-SP1,Fab Inhibitor E2,3BN9,Q175A,175,Q,A,2.51,true_ddG_from_ABBind,69.158,Enzymatic 2,298.15,AB-Bind row line 877; AB-Bind line 877,10.1016/J.JMB.2008.05.009,Strong hotspot: mutation weakens binding by 2.51 kcal/mol.,Single antigen-side alanine row from AB-Bind curated ddG.
YES - primary single-residue alanine label,AB_BIND_3BN9_MTSP1_E2,MT-SP1,Fab Inhibitor E2,3BN9,D217A,217,D,A,0.57,true_ddG_from_ABBind,2.617,Enzymatic 2,298.15,AB-Bind row line 861; AB-Bind line 861,10.1016/J.JMB.2008.05.009,Weak contributor: mutation weakens binding by 0.57 kcal/mol.,Single antigen-side alanine row from AB-Bind curated ddG.
YES - primary single-residue alanine label,AB_BIND_3BN9_MTSP1_E2,MT-SP1,Fab Inhibitor E2,3BN9,Q221aA,221a,Q,A,0.71,true_ddG_from_ABBind,3.315,Enzymatic 2,298.15,AB-Bind row line 878; AB-Bind line 878,10.1016/J.JMB.2008.05.009,Weak contributor: mutation weakens binding by 0.71 kcal/mol.,Single antigen-side alanine row from AB-Bind curated ddG.
YES - primary single-residue alanine label,AB_BIND_3BN9_MTSP1_E2,MT-SP1,Fab Inhibitor E2,3BN9,R222A,222,R,A,-0.09,true_ddG_from_ABBind,0.859,Enzymatic 2,298.15,AB-Bind row line 880; AB-Bind line 880,10.1016/J.JMB.2008.05.009,Little/no energetic effect (-0.09 kcal/mol).,Single antigen-side alanine row from AB-Bind curated ddG.
YES - primary single-residue alanine label,AB_BIND_3BN9_MTSP1_E2,MT-SP1,Fab Inhibitor E2,3BN9,K224A,224,K,A,0.79,true_ddG_from_ABBind,3.794,Enzymatic 2,298.15,AB-Bind row line 872; AB-Bind line 872,10.1016/J.JMB.2008.05.009,Weak contributor: mutation weakens binding by 0.79 kcal/mol.,Single antigen-side alanine row from AB-Bind curated ddG.
YES - primary single-residue alanine label,AB_BIND_3BN9_MTSP1_E2,MT-SP1,Fab Inhibitor E2,3BN9,Q38A,38,Q,A,-0.42,true_ddG_from_ABBind,0.492,Enzymatic 2,298.15,AB-Bind row line 879; AB-Bind line 879,10.1016/J.JMB.2008.05.009,Mutation appears to improve binding (-0.42 kcal/mol).,Single antigen-side alanine row from AB-Bind curated ddG.
YES - primary single-residue alanine label,AB_BIND_3BN9_MTSP1_E2,MT-SP1,Fab Inhibitor E2,3BN9,I41A,41,I,A,0.0,true_ddG_from_ABBind,1.0,Enzymatic 2,298.15,AB-Bind row line 870; AB-Bind line 870,10.1016/J.JMB.2008.05.009,Little/no energetic effect (0.00 kcal/mol).,Single antigen-side alanine row from AB-Bind curated ddG.
YES - primary single-residue alanine label,AB_BIND_3BN9_MTSP1_E2,MT-SP1,Fab Inhibitor E2,3BN9,I60A,60,I,A,0.84,true_ddG_from_ABBind,4.128,Enzymatic 2,298.15,AB-Bind row line 871; AB-Bind line 871,10.1016/J.JMB.2008.05.009,Weak contributor: mutation weakens binding by 0.84 kcal/mol.,Single antigen-side alanine row from AB-Bind curated ddG.
YES - primary single-residue alanine label,AB_BIND_3BN9_MTSP1_E2,MT-SP1,Fab Inhibitor E2,3BN9,D60aA,60a,D,A,0.42,true_ddG_from_ABBind,2.032,Enzymatic 2,298.15,AB-Bind row line 862; AB-Bind line 862,10.1016/J.JMB.2008.05.009,Weak contributor: mutation weakens binding by 0.42 kcal/mol.,Single antigen-side alanine row from AB-Bind curated ddG.
YES - primary single-residue alanine label,AB_BIND_3BN9_MTSP1_E2,MT-SP1,Fab Inhibitor E2,3BN9,D60bA,60b,D,A,0.31,true_ddG_from_ABBind,1.687,Enzymatic 2,298.15,AB-Bind row line 863; AB-Bind line 863,10.1016/J.JMB.2008.05.009,Weak contributor: mutation weakens binding by 0.31 kcal/mol.,Single antigen-side alanine row from AB-Bind curated ddG.
YES - primary single-residue alanine label,AB_BIND_3BN9_MTSP1_E2,MT-SP1,Fab Inhibitor E2,3BN9,R60cA,60c,R,A,-0.05,true_ddG_from_ABBind,0.919,Enzymatic 2,298.15,AB-Bind row line 881; AB-Bind line 881,10.1016/J.JMB.2008.05.009,Little/no energetic effect (-0.05 kcal/mol).,Single antigen-side alanine row from AB-Bind curated ddG.
YES - primary single-residue alanine label,AB_BIND_3BN9_MTSP1_E2,MT-SP1,Fab Inhibitor E2,3BN9,F60eA,60e,F,A,-0.05,true_ddG_from_ABBind,0.919,Enzymatic 2,298.15,AB-Bind row line 866; AB-Bind line 866,10.1016/J.JMB.2008.05.009,Little/no energetic effect (-0.05 kcal/mol).,Single antigen-side alanine row from AB-Bind curated ddG.
YES - primary single-residue alanine label,AB_BIND_3BN9_MTSP1_E2,MT-SP1,Fab Inhibitor E2,3BN9,R60fA,60f,R,A,-0.07,true_ddG_from_ABBind,0.889,Enzymatic 2,298.15,AB-Bind row line 882; AB-Bind line 882,10.1016/J.JMB.2008.05.009,Little/no energetic effect (-0.07 kcal/mol).,Single antigen-side alanine row from AB-Bind curated ddG.
YES - primary single-residue alanine label,AB_BIND_3BN9_MTSP1_E2,MT-SP1,Fab Inhibitor E2,3BN9,Y60gA,60g,Y,A,0.02,true_ddG_from_ABBind,1.034,Enzymatic 2,298.15,AB-Bind row line 887; AB-Bind line 887,10.1016/J.JMB.2008.05.009,Little/no energetic effect (0.02 kcal/mol).,Single antigen-side alanine row from AB-Bind curated ddG.
YES - primary single-residue alanine label,AB_BIND_3BN9_MTSP1_E2,MT-SP1,Fab Inhibitor E2,3BN9,R87A,87,R,A,-0.16,true_ddG_from_ABBind,0.763,Enzymatic 2,298.15,AB-Bind row line 883; AB-Bind line 883,10.1016/J.JMB.2008.05.009,Little/no energetic effect (-0.16 kcal/mol).,Single antigen-side alanine row from AB-Bind curated ddG.
YES - primary single-residue alanine label,AB_BIND_3BN9_MTSP1_E2,MT-SP1,Fab Inhibitor E2,3BN9,F94A,94,F,A,0.64,true_ddG_from_ABBind,2.945,Enzymatic 2,298.15,AB-Bind row line 867; AB-Bind line 867,10.1016/J.JMB.2008.05.009,Weak contributor: mutation weakens binding by 0.64 kcal/mol.,Single antigen-side alanine row from AB-Bind curated ddG.
YES - primary single-residue alanine label,AB_BIND_3BN9_MTSP1_E2,MT-SP1,Fab Inhibitor E2,3BN9,N95A,95,N,A,0.77,true_ddG_from_ABBind,3.668,Enzymatic 2,298.15,AB-Bind row line 874; AB-Bind line 874,10.1016/J.JMB.2008.05.009,Weak contributor: mutation weakens binding by 0.77 kcal/mol.,Single antigen-side alanine row from AB-Bind curated ddG.
YES - primary single-residue alanine label,AB_BIND_3BN9_MTSP1_E2,MT-SP1,Fab Inhibitor E2,3BN9,D96A,96,D,A,6.7,true_ddG_from_ABBind,81495.658,Enzymatic 2,298.15,AB-Bind row line 864; AB-Bind line 864,10.1016/J.JMB.2008.05.009,Very strong hotspot: mutation weakens binding by 6.70 kcal/mol.,Single antigen-side alanine row from AB-Bind curated ddG.
YES - primary single-residue alanine label,AB_BIND_3BN9_MTSP1_E2,MT-SP1,Fab Inhibitor E2,3BN9,F97A,97,F,A,6.7,true_ddG_from_ABBind,81495.658,Enzymatic 2,298.15,AB-Bind row line 868; AB-Bind line 868,10.1016/J.JMB.2008.05.009,Very strong hotspot: mutation weakens binding by 6.70 kcal/mol.,Single antigen-side alanine row from AB-Bind curated ddG.
YES - primary single-residue alanine label,AB_BIND_3BN9_MTSP1_E2,MT-SP1,Fab Inhibitor E2,3BN9,T98A,98,T,A,1.13,true_ddG_from_ABBind,6.734,Enzymatic 2,298.15,AB-Bind row line 885; AB-Bind line 885,10.1016/J.JMB.2008.05.009,Moderate contributor: mutation weakens binding by 1.13 kcal/mol.,Single antigen-side alanine row from AB-Bind curated ddG.
YES - primary single-residue alanine label,AB_BIND_3NPS_MTSP1_S4,MT-SP1,Fab Inhibitor S4,3NPS,H138A,138,H,A,1.89,true_ddG_from_ABBind,24.287,Enzymatic 2,298.15,AB-Bind row line 974; AB-Bind line 974,10.1016/J.JMB.2011.11.036,Moderate contributor: mutation weakens binding by 1.89 kcal/mol.,Single antigen-side alanine row from AB-Bind curated ddG.
YES - primary single-residue alanine label,AB_BIND_3NPS_MTSP1_S4,MT-SP1,Fab Inhibitor S4,3NPS,Q140A,140,Q,A,0.3,true_ddG_from_ABBind,1.659,Enzymatic 2,298.15,AB-Bind row line 980; AB-Bind line 980,10.1016/J.JMB.2011.11.036,Weak contributor: mutation weakens binding by 0.30 kcal/mol.,Single antigen-side alanine row from AB-Bind curated ddG.
YES - primary single-residue alanine label,AB_BIND_3NPS_MTSP1_S4,MT-SP1,Fab Inhibitor S4,3NPS,Y141A,141,Y,A,1.79,true_ddG_from_ABBind,20.515,Enzymatic 2,298.15,AB-Bind row line 991; AB-Bind line 991,10.1016/J.JMB.2011.11.036,Moderate contributor: mutation weakens binding by 1.79 kcal/mol.,Single antigen-side alanine row from AB-Bind curated ddG.
YES - primary single-residue alanine label,AB_BIND_3NPS_MTSP1_S4,MT-SP1,Fab Inhibitor S4,3NPS,T144A,144,T,A,0.18,true_ddG_from_ABBind,1.355,Enzymatic 2,298.15,AB-Bind row line 989; AB-Bind line 989,10.1016/J.JMB.2011.11.036,Little/no energetic effect (0.18 kcal/mol).,Single antigen-side alanine row from AB-Bind curated ddG.
YES - primary single-residue alanine label,AB_BIND_3NPS_MTSP1_S4,MT-SP1,Fab Inhibitor S4,3NPS,L147A,147,L,A,0.3,true_ddG_from_ABBind,1.659,Enzymatic 2,298.15,AB-Bind row line 978; AB-Bind line 978,10.1016/J.JMB.2011.11.036,Weak contributor: mutation weakens binding by 0.30 kcal/mol.,Single antigen-side alanine row from AB-Bind curated ddG.
YES - primary single-residue alanine label,AB_BIND_3NPS_MTSP1_S4,MT-SP1,Fab Inhibitor S4,3NPS,E163A,163,E,A,0.62,true_ddG_from_ABBind,2.847,Enzymatic 2,298.15,AB-Bind row line 970; AB-Bind line 970,10.1016/J.JMB.2011.11.036,Weak contributor: mutation weakens binding by 0.62 kcal/mol.,Single antigen-side alanine row from AB-Bind curated ddG.
YES - primary single-residue alanine label,AB_BIND_3NPS_MTSP1_S4,MT-SP1,Fab Inhibitor S4,3NPS,Q168A,168,Q,A,-0.06,true_ddG_from_ABBind,0.904,Enzymatic 2,298.15,AB-Bind row line 981; AB-Bind line 981,10.1016/J.JMB.2011.11.036,Little/no energetic effect (-0.06 kcal/mol).,Single antigen-side alanine row from AB-Bind curated ddG.
YES - primary single-residue alanine label,AB_BIND_3NPS_MTSP1_S4,MT-SP1,Fab Inhibitor S4,3NPS,Q169A,169,Q,A,0.75,true_ddG_from_ABBind,3.546,Enzymatic 2,298.15,AB-Bind row line 982; AB-Bind line 982,10.1016/J.JMB.2011.11.036,Weak contributor: mutation weakens binding by 0.75 kcal/mol.,Single antigen-side alanine row from AB-Bind curated ddG.
YES - primary single-residue alanine label,AB_BIND_3NPS_MTSP1_S4,MT-SP1,Fab Inhibitor S4,3NPS,D214A,214,D,A,1.48,true_ddG_from_ABBind,12.158,Enzymatic 2,298.15,AB-Bind row line 966; AB-Bind line 966,10.1016/J.JMB.2011.11.036,Moderate contributor: mutation weakens binding by 1.48 kcal/mol.,Single antigen-side alanine row from AB-Bind curated ddG.
YES - primary single-residue alanine label,AB_BIND_3NPS_MTSP1_S4,MT-SP1,Fab Inhibitor S4,3NPS,Q218A,218,Q,A,-0.04,true_ddG_from_ABBind,0.935,Enzymatic 2,298.15,AB-Bind row line 983; AB-Bind line 983,10.1016/J.JMB.2011.11.036,Little/no energetic effect (-0.04 kcal/mol).,Single antigen-side alanine row from AB-Bind curated ddG.
YES - primary single-residue alanine label,AB_BIND_3NPS_MTSP1_S4,MT-SP1,Fab Inhibitor S4,3NPS,R219A,219,R,A,-0.08,true_ddG_from_ABBind,0.874,Enzymatic 2,298.15,AB-Bind row line 985; AB-Bind line 985,10.1016/J.JMB.2011.11.036,Little/no energetic effect (-0.08 kcal/mol).,Single antigen-side alanine row from AB-Bind curated ddG.
YES - primary single-residue alanine label,AB_BIND_3NPS_MTSP1_S4,MT-SP1,Fab Inhibitor S4,3NPS,K221A,221,K,A,-0.1,true_ddG_from_ABBind,0.845,Enzymatic 2,298.15,AB-Bind row line 977; AB-Bind line 977,10.1016/J.JMB.2011.11.036,Little/no energetic effect (-0.10 kcal/mol).,Single antigen-side alanine row from AB-Bind curated ddG.
YES - primary single-residue alanine label,AB_BIND_3NPS_MTSP1_S4,MT-SP1,Fab Inhibitor S4,3NPS,Q23A,23,Q,A,0.03,true_ddG_from_ABBind,1.052,Enzymatic 2,298.15,AB-Bind row line 984; AB-Bind line 984,10.1016/J.JMB.2011.11.036,Little/no energetic effect (0.03 kcal/mol).,Single antigen-side alanine row from AB-Bind curated ddG.
YES - primary single-residue alanine label,AB_BIND_3NPS_MTSP1_S4,MT-SP1,Fab Inhibitor S4,3NPS,I26A,26,I,A,0.65,true_ddG_from_ABBind,2.995,Enzymatic 2,298.15,AB-Bind row line 975; AB-Bind line 975,10.1016/J.JMB.2011.11.036,Weak contributor: mutation weakens binding by 0.65 kcal/mol.,Single antigen-side alanine row from AB-Bind curated ddG.
YES - primary single-residue alanine label,AB_BIND_3NPS_MTSP1_S4,MT-SP1,Fab Inhibitor S4,3NPS,I45A,45,I,A,-0.34,true_ddG_from_ABBind,0.563,Enzymatic 2,298.15,AB-Bind row line 976; AB-Bind line 976,10.1016/J.JMB.2011.11.036,Mutation appears to improve binding (-0.34 kcal/mol).,Single antigen-side alanine row from AB-Bind curated ddG.
YES - primary single-residue alanine label,AB_BIND_3NPS_MTSP1_S4,MT-SP1,Fab Inhibitor S4,3NPS,D46A,46,D,A,0.34,true_ddG_from_ABBind,1.775,Enzymatic 2,298.15,AB-Bind row line 967; AB-Bind line 967,10.1016/J.JMB.2011.11.036,Weak contributor: mutation weakens binding by 0.34 kcal/mol.,Single antigen-side alanine row from AB-Bind curated ddG.
YES - primary single-residue alanine label,AB_BIND_3NPS_MTSP1_S4,MT-SP1,Fab Inhibitor S4,3NPS,D47A,47,D,A,1.08,true_ddG_from_ABBind,6.189,Enzymatic 2,298.15,AB-Bind row line 968; AB-Bind line 968,10.1016/J.JMB.2011.11.036,Moderate contributor: mutation weakens binding by 1.08 kcal/mol.,Single antigen-side alanine row from AB-Bind curated ddG.
YES - primary single-residue alanine label,AB_BIND_3NPS_MTSP1_S4,MT-SP1,Fab Inhibitor S4,3NPS,R48A,48,R,A,-1.07,true_ddG_from_ABBind,0.164,Enzymatic 2,298.15,AB-Bind row line 986; AB-Bind line 986,10.1016/J.JMB.2011.11.036,Mutation appears to improve binding (-1.07 kcal/mol).,Single antigen-side alanine row from AB-Bind curated ddG.
YES - primary single-residue alanine label,AB_BIND_3NPS_MTSP1_S4,MT-SP1,Fab Inhibitor S4,3NPS,F50A,50,F,A,0.22,true_ddG_from_ABBind,1.45,Enzymatic 2,298.15,AB-Bind row line 971; AB-Bind line 971,10.1016/J.JMB.2011.11.036,Little/no energetic effect (0.22 kcal/mol).,Single antigen-side alanine row from AB-Bind curated ddG.
YES - primary single-residue alanine label,AB_BIND_3NPS_MTSP1_S4,MT-SP1,Fab Inhibitor S4,3NPS,R51A,51,R,A,0.14,true_ddG_from_ABBind,1.267,Enzymatic 2,298.15,AB-Bind row line 987; AB-Bind line 987,10.1016/J.JMB.2011.11.036,Little/no energetic effect (0.14 kcal/mol).,Single antigen-side alanine row from AB-Bind curated ddG.
YES - primary single-residue alanine label,AB_BIND_3NPS_MTSP1_S4,MT-SP1,Fab Inhibitor S4,3NPS,Y52A,52,Y,A,0.46,true_ddG_from_ABBind,2.174,Enzymatic 2,298.15,AB-Bind row line 992; AB-Bind line 992,10.1016/J.JMB.2011.11.036,Weak contributor: mutation weakens binding by 0.46 kcal/mol.,Single antigen-side alanine row from AB-Bind curated ddG.
YES - primary single-residue alanine label,AB_BIND_3NPS_MTSP1_S4,MT-SP1,Fab Inhibitor S4,3NPS,R82A,82,R,A,-0.15,true_ddG_from_ABBind,0.776,Enzymatic 2,298.15,AB-Bind row line 988; AB-Bind line 988,10.1016/J.JMB.2011.11.036,Little/no energetic effect (-0.15 kcal/mol).,Single antigen-side alanine row from AB-Bind curated ddG.
YES - primary single-residue alanine label,AB_BIND_3NPS_MTSP1_S4,MT-SP1,Fab Inhibitor S4,3NPS,F89A,89,F,A,1.61,true_ddG_from_ABBind,15.14,Enzymatic 2,298.15,AB-Bind row line 972; AB-Bind line 972,10.1016/J.JMB.2011.11.036,Moderate contributor: mutation weakens binding by 1.61 kcal/mol.,Single antigen-side alanine row from AB-Bind curated ddG.
YES - primary single-residue alanine label,AB_BIND_3NPS_MTSP1_S4,MT-SP1,Fab Inhibitor S4,3NPS,N90A,90,N,A,0.26,true_ddG_from_ABBind,1.551,Enzymatic 2,298.15,AB-Bind row line 979; AB-Bind line 979,10.1016/J.JMB.2011.11.036,Weak contributor: mutation weakens binding by 0.26 kcal/mol.,Single antigen-side alanine row from AB-Bind curated ddG.
YES - primary single-residue alanine label,AB_BIND_3NPS_MTSP1_S4,MT-SP1,Fab Inhibitor S4,3NPS,D91A,91,D,A,1.52,true_ddG_from_ABBind,13.007,Enzymatic 2,298.15,AB-Bind row line 969; AB-Bind line 969,10.1016/J.JMB.2011.11.036,Moderate contributor: mutation weakens binding by 1.52 kcal/mol.,Single antigen-side alanine row from AB-Bind curated ddG.
YES - primary single-residue alanine label,AB_BIND_3NPS_MTSP1_S4,MT-SP1,Fab Inhibitor S4,3NPS,F92A,92,F,A,0.47,true_ddG_from_ABBind,2.211,Enzymatic 2,298.15,AB-Bind row line 973; AB-Bind line 973,10.1016/J.JMB.2011.11.036,Weak contributor: mutation weakens binding by 0.47 kcal/mol.,Single antigen-side alanine row from AB-Bind curated ddG.
YES - primary single-residue alanine label,AB_BIND_3NPS_MTSP1_S4,MT-SP1,Fab Inhibitor S4,3NPS,T93A,93,T,A,0.73,true_ddG_from_ABBind,3.428,Enzymatic 2,298.15,AB-Bind row line 990; AB-Bind line 990,10.1016/J.JMB.2011.11.036,Weak contributor: mutation weakens binding by 0.73 kcal/mol.,Single antigen-side alanine row from AB-Bind curated ddG.
YES - primary single-residue alanine label,AB_BIND_HM_2NYY_BONTA2_CR1,Bont/A2,mAb CR1,HM_2NYY,R1061A,1061,R,A,0.58,true_ddG_from_ABBind,2.679,KinExA,296.15,AB-Bind row line 1067; AB-Bind line 1067,,Weak contributor: mutation weakens binding by 0.58 kcal/mol.,Homology-modeled AB-Bind row; single antigen-side Bont/A2 chain A alanine row.
YES - primary single-residue alanine label,AB_BIND_HM_2NYY_BONTA2_CR1,Bont/A2,mAb CR1,HM_2NYY,D1062A,1062,D,A,-0.14,true_ddG_from_ABBind,0.788,KinExA,296.15,AB-Bind row line 1056; AB-Bind line 1056,,Little/no energetic effect (-0.14 kcal/mol).,Homology-modeled AB-Bind row; single antigen-side Bont/A2 chain A alanine row.
YES - primary single-residue alanine label,AB_BIND_HM_2NYY_BONTA2_CR1,Bont/A2,mAb CR1,HM_2NYY,P1063A,1063,P,A,0.24,true_ddG_from_ABBind,1.504,KinExA,296.15,AB-Bind row line 1066; AB-Bind line 1066,,Little/no energetic effect (0.24 kcal/mol).,Homology-modeled AB-Bind row; single antigen-side Bont/A2 chain A alanine row.
YES - primary single-residue alanine label,AB_BIND_HM_2NYY_BONTA2_CR1,Bont/A2,mAb CR1,HM_2NYY,R1064A,1064,R,A,4.44,true_ddG_from_ABBind,1890.261,KinExA,296.15,AB-Bind row line 1068; AB-Bind line 1068,,Very strong hotspot: mutation weakens binding by 4.44 kcal/mol.,Homology-modeled AB-Bind row; single antigen-side Bont/A2 chain A alanine row.
YES - primary single-residue alanine label,AB_BIND_HM_2NYY_BONTA2_CR1,Bont/A2,mAb CR1,HM_2NYY,D902A,902,D,A,-0.49,true_ddG_from_ABBind,0.435,KinExA,296.15,AB-Bind row line 1057; AB-Bind line 1057,,Mutation appears to improve binding (-0.49 kcal/mol).,Homology-modeled AB-Bind row; single antigen-side Bont/A2 chain A alanine row.
YES - primary single-residue alanine label,AB_BIND_HM_2NYY_BONTA2_CR1,Bont/A2,mAb CR1,HM_2NYY,R903A,903,R,A,-0.02,true_ddG_from_ABBind,0.967,KinExA,296.15,AB-Bind row line 1069; AB-Bind line 1069,,Little/no energetic effect (-0.02 kcal/mol).,Homology-modeled AB-Bind row; single antigen-side Bont/A2 chain A alanine row.
YES - primary single-residue alanine label,AB_BIND_HM_2NYY_BONTA2_CR1,Bont/A2,mAb CR1,HM_2NYY,K915A,915,K,A,-0.31,true_ddG_from_ABBind,0.591,KinExA,296.15,AB-Bind row line 1061; AB-Bind line 1061,,Mutation appears to improve binding (-0.31 kcal/mol).,Homology-modeled AB-Bind row; single antigen-side Bont/A2 chain A alanine row.
YES - primary single-residue alanine label,AB_BIND_HM_2NYY_BONTA2_CR1,Bont/A2,mAb CR1,HM_2NYY,I917A,917,I,A,0.95,true_ddG_from_ABBind,5.024,KinExA,296.15,AB-Bind row line 1060; AB-Bind line 1060,,Weak contributor: mutation weakens binding by 0.95 kcal/mol.,Homology-modeled AB-Bind row; single antigen-side Bont/A2 chain A alanine row.
YES - primary single-residue alanine label,AB_BIND_HM_2NYY_BONTA2_CR1,Bont/A2,mAb CR1,HM_2NYY,N918A,918,N,A,0.3,true_ddG_from_ABBind,1.665,KinExA,296.15,AB-Bind row line 1064; AB-Bind line 1064,,Weak contributor: mutation weakens binding by 0.30 kcal/mol.,Homology-modeled AB-Bind row; single antigen-side Bont/A2 chain A alanine row.
YES - primary single-residue alanine label,AB_BIND_HM_2NYY_BONTA2_CR1,Bont/A2,mAb CR1,HM_2NYY,L919A,919,L,A,0.41,true_ddG_from_ABBind,2.007,KinExA,296.15,AB-Bind row line 1063; AB-Bind line 1063,,Weak contributor: mutation weakens binding by 0.41 kcal/mol.,Homology-modeled AB-Bind row; single antigen-side Bont/A2 chain A alanine row.
YES - primary single-residue alanine label,AB_BIND_HM_2NYY_BONTA2_CR1,Bont/A2,mAb CR1,HM_2NYY,E920A,920,E,A,0.5,true_ddG_from_ABBind,2.339,KinExA,296.15,AB-Bind row line 1058; AB-Bind line 1058,,Weak contributor: mutation weakens binding by 0.50 kcal/mol.,Homology-modeled AB-Bind row; single antigen-side Bont/A2 chain A alanine row.
YES - primary single-residue alanine label,AB_BIND_HM_2NYY_BONTA2_CR1,Bont/A2,mAb CR1,HM_2NYY,T923A,923,T,A,0.62,true_ddG_from_ABBind,2.868,KinExA,296.15,AB-Bind row line 1071; AB-Bind line 1071,,Weak contributor: mutation weakens binding by 0.62 kcal/mol.,Homology-modeled AB-Bind row; single antigen-side Bont/A2 chain A alanine row.
YES - primary single-residue alanine label,AB_BIND_HM_2NYY_BONTA2_CR1,Bont/A2,mAb CR1,HM_2NYY,F953A,953,F,A,1.53,true_ddG_from_ABBind,13.461,KinExA,296.15,AB-Bind row line 1059; AB-Bind line 1059,,Moderate contributor: mutation weakens binding by 1.53 kcal/mol.,Homology-modeled AB-Bind row; single antigen-side Bont/A2 chain A alanine row.
YES - primary single-residue alanine label,AB_BIND_HM_2NYY_BONTA2_CR1,Bont/A2,mAb CR1,HM_2NYY,S954A,954,S,A,-0.66,true_ddG_from_ABBind,0.326,KinExA,296.15,AB-Bind row line 1070; AB-Bind line 1070,,Mutation appears to improve binding (-0.66 kcal/mol).,Homology-modeled AB-Bind row; single antigen-side Bont/A2 chain A alanine row.
YES - primary single-residue alanine label,AB_BIND_HM_2NYY_BONTA2_CR1,Bont/A2,mAb CR1,HM_2NYY,K955A,955,K,A,-0.5,true_ddG_from_ABBind,0.428,KinExA,296.15,AB-Bind row line 1062; AB-Bind line 1062,,Mutation appears to improve binding (-0.50 kcal/mol).,Homology-modeled AB-Bind row; single antigen-side Bont/A2 chain A alanine row.
YES - primary single-residue alanine label,AB_BIND_HM_2NYY_BONTA2_CR1,Bont/A2,mAb CR1,HM_2NYY,N957A,957,N,A,0.01,true_ddG_from_ABBind,1.017,KinExA,296.15,AB-Bind row line 1065; AB-Bind line 1065,,Little/no energetic effect (0.01 kcal/mol).,Homology-modeled AB-Bind row; single antigen-side Bont/A2 chain A alanine row.
YES - primary single-residue alanine label,AB_BIND_HM_2NZ9_BONTA2_AR2,Bont/A2,mAb AR2,HM_2NZ9,R1061A,1061,R,A,0.58,true_ddG_from_ABBind,2.679,KinExA,296.15,AB-Bind row line 1092; AB-Bind line 1092,,Weak contributor: mutation weakens binding by 0.58 kcal/mol.,Homology-modeled AB-Bind row; single antigen-side Bont/A2 chain A alanine row.
YES - primary single-residue alanine label,AB_BIND_HM_2NZ9_BONTA2_AR2,Bont/A2,mAb AR2,HM_2NZ9,D1062A,1062,D,A,-0.14,true_ddG_from_ABBind,0.788,KinExA,296.15,AB-Bind row line 1081; AB-Bind line 1081,,Little/no energetic effect (-0.14 kcal/mol).,Homology-modeled AB-Bind row; single antigen-side Bont/A2 chain A alanine row.
YES - primary single-residue alanine label,AB_BIND_HM_2NZ9_BONTA2_AR2,Bont/A2,mAb AR2,HM_2NZ9,P1063A,1063,P,A,0.24,true_ddG_from_ABBind,1.504,KinExA,296.15,AB-Bind row line 1091; AB-Bind line 1091,,Little/no energetic effect (0.24 kcal/mol).,Homology-modeled AB-Bind row; single antigen-side Bont/A2 chain A alanine row.
YES - primary single-residue alanine label,AB_BIND_HM_2NZ9_BONTA2_AR2,Bont/A2,mAb AR2,HM_2NZ9,R1064A,1064,R,A,4.44,true_ddG_from_ABBind,1890.261,KinExA,296.15,AB-Bind row line 1093; AB-Bind line 1093,,Very strong hotspot: mutation weakens binding by 4.44 kcal/mol.,Homology-modeled AB-Bind row; single antigen-side Bont/A2 chain A alanine row.
YES - primary single-residue alanine label,AB_BIND_HM_2NZ9_BONTA2_AR2,Bont/A2,mAb AR2,HM_2NZ9,D902A,902,D,A,-0.49,true_ddG_from_ABBind,0.435,KinExA,296.15,AB-Bind row line 1082; AB-Bind line 1082,,Mutation appears to improve binding (-0.49 kcal/mol).,Homology-modeled AB-Bind row; single antigen-side Bont/A2 chain A alanine row.
YES - primary single-residue alanine label,AB_BIND_HM_2NZ9_BONTA2_AR2,Bont/A2,mAb AR2,HM_2NZ9,R903A,903,R,A,-0.02,true_ddG_from_ABBind,0.967,KinExA,296.15,AB-Bind row line 1094; AB-Bind line 1094,,Little/no energetic effect (-0.02 kcal/mol).,Homology-modeled AB-Bind row; single antigen-side Bont/A2 chain A alanine row.
YES - primary single-residue alanine label,AB_BIND_HM_2NZ9_BONTA2_AR2,Bont/A2,mAb AR2,HM_2NZ9,K915A,915,K,A,-0.31,true_ddG_from_ABBind,0.591,KinExA,296.15,AB-Bind row line 1086; AB-Bind line 1086,,Mutation appears to improve binding (-0.31 kcal/mol).,Homology-modeled AB-Bind row; single antigen-side Bont/A2 chain A alanine row.
YES - primary single-residue alanine label,AB_BIND_HM_2NZ9_BONTA2_AR2,Bont/A2,mAb AR2,HM_2NZ9,I917A,917,I,A,0.95,true_ddG_from_ABBind,5.024,KinExA,296.15,AB-Bind row line 1085; AB-Bind line 1085,,Weak contributor: mutation weakens binding by 0.95 kcal/mol.,Homology-modeled AB-Bind row; single antigen-side Bont/A2 chain A alanine row.
YES - primary single-residue alanine label,AB_BIND_HM_2NZ9_BONTA2_AR2,Bont/A2,mAb AR2,HM_2NZ9,N918A,918,N,A,0.3,true_ddG_from_ABBind,1.665,KinExA,296.15,AB-Bind row line 1089; AB-Bind line 1089,,Weak contributor: mutation weakens binding by 0.30 kcal/mol.,Homology-modeled AB-Bind row; single antigen-side Bont/A2 chain A alanine row.
YES - primary single-residue alanine label,AB_BIND_HM_2NZ9_BONTA2_AR2,Bont/A2,mAb AR2,HM_2NZ9,L919A,919,L,A,0.41,true_ddG_from_ABBind,2.007,KinExA,296.15,AB-Bind row line 1088; AB-Bind line 1088,,Weak contributor: mutation weakens binding by 0.41 kcal/mol.,Homology-modeled AB-Bind row; single antigen-side Bont/A2 chain A alanine row.
YES - primary single-residue alanine label,AB_BIND_HM_2NZ9_BONTA2_AR2,Bont/A2,mAb AR2,HM_2NZ9,E920A,920,E,A,0.5,true_ddG_from_ABBind,2.339,KinExA,296.15,AB-Bind row line 1083; AB-Bind line 1083,,Weak contributor: mutation weakens binding by 0.50 kcal/mol.,Homology-modeled AB-Bind row; single antigen-side Bont/A2 chain A alanine row.
YES - primary single-residue alanine label,AB_BIND_HM_2NZ9_BONTA2_AR2,Bont/A2,mAb AR2,HM_2NZ9,T923A,923,T,A,0.62,true_ddG_from_ABBind,2.868,KinExA,296.15,AB-Bind row line 1096; AB-Bind line 1096,,Weak contributor: mutation weakens binding by 0.62 kcal/mol.,Homology-modeled AB-Bind row; single antigen-side Bont/A2 chain A alanine row.
YES - primary single-residue alanine label,AB_BIND_HM_2NZ9_BONTA2_AR2,Bont/A2,mAb AR2,HM_2NZ9,F953A,953,F,A,1.53,true_ddG_from_ABBind,13.461,KinExA,296.15,AB-Bind row line 1084; AB-Bind line 1084,,Moderate contributor: mutation weakens binding by 1.53 kcal/mol.,Homology-modeled AB-Bind row; single antigen-side Bont/A2 chain A alanine row.
YES - primary single-residue alanine label,AB_BIND_HM_2NZ9_BONTA2_AR2,Bont/A2,mAb AR2,HM_2NZ9,S954A,954,S,A,-0.66,true_ddG_from_ABBind,0.326,KinExA,296.15,AB-Bind row line 1095; AB-Bind line 1095,,Mutation appears to improve binding (-0.66 kcal/mol).,Homology-modeled AB-Bind row; single antigen-side Bont/A2 chain A alanine row.
YES - primary single-residue alanine label,AB_BIND_HM_2NZ9_BONTA2_AR2,Bont/A2,mAb AR2,HM_2NZ9,K955A,955,K,A,-0.5,true_ddG_from_ABBind,0.428,KinExA,296.15,AB-Bind row line 1087; AB-Bind line 1087,,Mutation appears to improve binding (-0.50 kcal/mol).,Homology-modeled AB-Bind row; single antigen-side Bont/A2 chain A alanine row.
YES - primary single-residue alanine label,AB_BIND_HM_2NZ9_BONTA2_AR2,Bont/A2,mAb AR2,HM_2NZ9,N957A,957,N,A,0.01,true_ddG_from_ABBind,1.017,KinExA,296.15,AB-Bind row line 1090; AB-Bind line 1090,,Little/no energetic effect (0.01 kcal/mol).,Homology-modeled AB-Bind row; single antigen-side Bont/A2 chain A alanine row.
YES - primary single-residue alanine label,JIN_1994_HGH_MAB3_TABLE_3_2,human growth hormone,MAb3,1HGU,D112A,112,D,A,1.837,apparent_EC50_ddG,22.2,RIA / competitive binding curves,298.15,Lei Jin thesis Table 3.2; Jin 1994 thesis Table 3.2; web lines L1297-L1310 / screenshot page 56,,Moderate contributor: mutation weakens binding by 1.84 kcal/mol.,primary determinant alanine; apparent ΔΔG computed at assumed 298 K.
YES - primary single-residue alanine label,JIN_1994_HGH_MAB3_TABLE_3_2,human growth hormone,MAb3,1HGU,D116A,116,D,A,2.728,apparent_EC50_ddG,100.0,RIA / competitive binding curves,298.15,Lei Jin thesis Table 3.2; Jin 1994 thesis Table 3.2; web lines L1297-L1310 / screenshot page 56,,Strong hotspot: mutation weakens binding by 2.73 kcal/mol.,primary determinant alanine; apparent ΔΔG computed at assumed 298 K.
YES - primary single-residue alanine label,JIN_1994_HGH_MAB3_TABLE_3_2,human growth hormone,MAb3,1HGU,R16A,16,R,A,3.682,apparent_EC50_ddG,500.0,RIA / competitive binding curves,298.15,Lei Jin thesis Table 3.2; Jin 1994 thesis Table 3.2; web lines L1297-L1310 / screenshot page 56,,Strong hotspot: mutation weakens binding by 3.68 kcal/mol.,approximate value reported as ~500; primary determinant alanine; apparent ΔΔG computed at assumed 298 K.
YES - primary single-residue alanine label,JIN_1994_HGH_MAB3_TABLE_3_2,human growth hormone,MAb3,1HGU,R8A,8,R,A,2.157,apparent_EC50_ddG,38.1,RIA / competitive binding curves,298.15,Lei Jin thesis Table 3.2; Jin 1994 thesis Table 3.2; web lines L1297-L1310 / screenshot page 56,,Strong hotspot: mutation weakens binding by 2.16 kcal/mol.,primary determinant alanine; apparent ΔΔG computed at assumed 298 K.
NO - context/non-alanine or excluded,JIN_1994_HGH_MAB3_TABLE_3_2,human growth hormone,MAb3,1HGU,D112E,112,D,E,1.37,apparent_EC50_ddG,10.1,RIA / competitive binding curves,298.15,Lei Jin thesis Table 3.2; Jin 1994 thesis Table 3.2; web lines L1297-L1310 / screenshot page 56,,Moderate contributor: mutation weakens binding by 1.37 kcal/mol.,conservative non-alanine context; apparent ΔΔG computed at assumed 298 K.
NO - context/non-alanine or excluded,JIN_1994_HGH_MAB3_TABLE_3_2,human growth hormone,MAb3,1HGU,D116E,116,D,E,1.661,apparent_EC50_ddG,16.5,RIA / competitive binding curves,298.15,Lei Jin thesis Table 3.2; Jin 1994 thesis Table 3.2; web lines L1297-L1310 / screenshot page 56,,Moderate contributor: mutation weakens binding by 1.66 kcal/mol.,conservative non-alanine context; apparent ΔΔG computed at assumed 298 K.
NO - context/non-alanine or excluded,JIN_1994_HGH_MAB3_TABLE_3_2,human growth hormone,MAb3,1HGU,R16K,16,R,K,2.042,apparent_EC50_ddG,31.4,RIA / competitive binding curves,298.15,Lei Jin thesis Table 3.2; Jin 1994 thesis Table 3.2; web lines L1297-L1310 / screenshot page 56,,Strong hotspot: mutation weakens binding by 2.04 kcal/mol.,conservative non-alanine context; apparent ΔΔG computed at assumed 298 K.
NO - context/non-alanine or excluded,JIN_1994_HGH_MAB3_TABLE_3_2,human growth hormone,MAb3,1HGU,R8K,8,R,K,1.616,apparent_EC50_ddG,15.3,RIA / competitive binding curves,298.15,Lei Jin thesis Table 3.2; Jin 1994 thesis Table 3.2; web lines L1297-L1310 / screenshot page 56,,Moderate contributor: mutation weakens binding by 1.62 kcal/mol.,conservative non-alanine context; apparent ΔΔG computed at assumed 298 K.
YES - primary single-residue alanine label,AB_BIND_1VFB_LYSOZYME_D13,Lysozyme,IgG1-kappa D1.3 Fv,1VFB,D119A,119,D,A,1.0,true_ddG_from_ABBind,5.408,SPR,298.15,AB-Bind row line 623; AB-Bind line 623,10.1073/PNAS.91.3.1089,Moderate energetic contribution (1.00 kcal/mol).,Single antigen-side alanine row from AB-Bind curated ddG.
YES - primary single-residue alanine label,AB_BIND_1VFB_LYSOZYME_D13,Lysozyme,IgG1-kappa D1.3 Fv,1VFB,D18A,18,D,A,0.3,true_ddG_from_ABBind,1.659,SPR,298.15,AB-Bind row line 624; AB-Bind line 624,10.1073/PNAS.91.3.1089,Little/no energetic effect (0.30 kcal/mol).,Single antigen-side alanine row from AB-Bind curated ddG.
YES - primary single-residue alanine label,AB_BIND_1VFB_LYSOZYME_D13,Lysozyme,IgG1-kappa D1.3 Fv,1VFB,I124A,124,I,A,1.2,true_ddG_from_ABBind,7.579,SPR,298.15,AB-Bind row line 625; AB-Bind line 625,10.1073/PNAS.91.3.1089,Moderate energetic contribution (1.20 kcal/mol).,Single antigen-side alanine row from AB-Bind curated ddG.
YES - primary single-residue alanine label,AB_BIND_1VFB_LYSOZYME_D13,Lysozyme,IgG1-kappa D1.3 Fv,1VFB,K116A,116,K,A,0.7,true_ddG_from_ABBind,3.259,SPR,298.15,AB-Bind row line 626; AB-Bind line 626,10.1073/PNAS.91.3.1089,Little/no energetic effect (0.70 kcal/mol).,Single antigen-side alanine row from AB-Bind curated ddG.
YES - primary single-residue alanine label,AB_BIND_1VFB_LYSOZYME_D13,Lysozyme,IgG1-kappa D1.3 Fv,1VFB,L129A,129,L,A,0.2,true_ddG_from_ABBind,1.402,SPR,298.15,AB-Bind row line 627; AB-Bind line 627,10.1073/PNAS.91.3.1089,Little/no energetic effect (0.20 kcal/mol).,Single antigen-side alanine row from AB-Bind curated ddG.
YES - primary single-residue alanine label,AB_BIND_1VFB_LYSOZYME_D13,Lysozyme,IgG1-kappa D1.3 Fv,1VFB,N19A,19,N,A,0.3,true_ddG_from_ABBind,1.659,SPR,298.15,AB-Bind row line 628; AB-Bind line 628,10.1073/PNAS.91.3.1089,Little/no energetic effect (0.30 kcal/mol).,Single antigen-side alanine row from AB-Bind curated ddG.
YES - primary single-residue alanine label,AB_BIND_1VFB_LYSOZYME_D13,Lysozyme,IgG1-kappa D1.3 Fv,1VFB,Q121A,121,Q,A,2.9,true_ddG_from_ABBind,133.573,SPR,298.15,AB-Bind row line 629; AB-Bind line 629,10.1073/PNAS.91.3.1089,Strong hotspot / clear binding penalty (2.90 kcal/mol).,Single antigen-side alanine row from AB-Bind curated ddG.
YES - primary single-residue alanine label,AB_BIND_1VFB_LYSOZYME_D13,Lysozyme,IgG1-kappa D1.3 Fv,1VFB,R125A,125,R,A,1.8,true_ddG_from_ABBind,20.865,SPR,298.15,AB-Bind row line 630; AB-Bind line 630,10.1073/PNAS.91.3.1089,Moderate energetic contribution (1.80 kcal/mol).,Single antigen-side alanine row from AB-Bind curated ddG.
YES - primary single-residue alanine label,AB_BIND_1VFB_LYSOZYME_D13,Lysozyme,IgG1-kappa D1.3 Fv,1VFB,S24A,24,S,A,0.8,true_ddG_from_ABBind,3.858,SPR,298.15,AB-Bind row line 631; AB-Bind line 631,10.1073/PNAS.91.3.1089,Little/no energetic effect (0.80 kcal/mol).,Single antigen-side alanine row from AB-Bind curated ddG.
YES - primary single-residue alanine label,AB_BIND_1VFB_LYSOZYME_D13,Lysozyme,IgG1-kappa D1.3 Fv,1VFB,T118A,118,T,A,0.8,true_ddG_from_ABBind,3.858,SPR,298.15,AB-Bind row line 632; AB-Bind line 632,10.1073/PNAS.91.3.1089,Little/no energetic effect (0.80 kcal/mol).,Single antigen-side alanine row from AB-Bind curated ddG.
YES - primary single-residue alanine label,AB_BIND_1VFB_LYSOZYME_D13,Lysozyme,IgG1-kappa D1.3 Fv,1VFB,V120A,120,V,A,0.9,true_ddG_from_ABBind,4.568,SPR,298.15,AB-Bind row line 633; AB-Bind line 633,10.1073/PNAS.91.3.1089,Little/no energetic effect (0.90 kcal/mol).,Single antigen-side alanine row from AB-Bind curated ddG.
YES - primary single-residue alanine label,AB_BIND_1VFB_LYSOZYME_D13,Lysozyme,IgG1-kappa D1.3 Fv,1VFB,Y23A,23,Y,A,0.4,true_ddG_from_ABBind,1.964,SPR,298.15,AB-Bind row line 634; AB-Bind line 634,10.1073/PNAS.91.3.1089,Little/no energetic effect (0.40 kcal/mol).,Single antigen-side alanine row from AB-Bind curated ddG.
YES - primary single-residue alanine label,AB_BIND_3HFM_LYSOZYME_HYHEL10,Lysozyme,HyHEL-10 Fv,3HFM,K96A,96,K,A,6.83,true_ddG_from_ABBind,101492.855,Enzymatic 1,298.15,AB-Bind row line 939; AB-Bind line 939,10.1073/PNAS.86.15.5938,Very strong hotspot / major binding penalty (6.83 kcal/mol).,Single antigen-side alanine row from AB-Bind curated ddG.
YES - primary single-residue alanine label,AB_BIND_3HFM_LYSOZYME_HYHEL10,Lysozyme,HyHEL-10 Fv,3HFM,K97A,97,K,A,6.18,true_ddG_from_ABBind,33882.944,Enzymatic 1,298.15,AB-Bind row line 940; AB-Bind line 940,10.1073/PNAS.86.15.5938,Very strong hotspot / major binding penalty (6.18 kcal/mol).,Single antigen-side alanine row from AB-Bind curated ddG.
YES - primary single-residue alanine label,AB_BIND_3HFM_LYSOZYME_HYHEL10,Lysozyme,HyHEL-10 Fv,3HFM,R21A,21,R,A,1.03,true_ddG_from_ABBind,5.688,Enzymatic 1,298.15,AB-Bind row line 942; AB-Bind line 942,10.1073/PNAS.86.15.5938,Moderate energetic contribution (1.03 kcal/mol).,Single antigen-side alanine row from AB-Bind curated ddG.
YES - primary single-residue alanine label,AB_BIND_3HFM_LYSOZYME_HYHEL10,Lysozyme,HyHEL-10 Fv,3HFM,Y20A,20,Y,A,4.87,true_ddG_from_ABBind,3713.149,Enzymatic 1,298.15,AB-Bind row line 943; AB-Bind line 943,10.1073/PNAS.86.15.5938,Very strong hotspot / major binding penalty (4.87 kcal/mol).,Single antigen-side alanine row from AB-Bind curated ddG.
YES - primary single-residue alanine label,SKEMPI2_1JRH_IFNGR_A6,IFN-gamma receptor,A6,1JRH,K47A,47,K,A,3.71,true_ddG_from_SKEMPI2,529,SPR,298.00,SKEMPI 2.0 (BSC); PMID 9878445,,Hotspot; alanine substitution substantially weakens binding (+3.71 kcal/mol).,Antigen-side single alanine from SKEMPI 2.0; ddG=RT ln(Kd_mut/Kd_wt) at stated T; PDB numbering. Mean of 2 replicate measurements.
YES - primary single-residue alanine label,SKEMPI2_1JRH_IFNGR_A6,IFN-gamma receptor,A6,1JRH,N48A,48,N,A,0.17,true_ddG_from_SKEMPI2,1.33,SPR,298.00,SKEMPI 2.0 (BSC); PMID 9878445,,Little/no energetic effect (+0.17 kcal/mol).,Antigen-side single alanine from SKEMPI 2.0; ddG=RT ln(Kd_mut/Kd_wt) at stated T; PDB numbering. Mean of 2 replicate measurements.
YES - primary single-residue alanine label,SKEMPI2_1JRH_IFNGR_A6,IFN-gamma receptor,A6,1JRH,Y49A,49,Y,A,3.53,true_ddG_from_SKEMPI2,386,SPR,298.00,SKEMPI 2.0 (BSC); PMID 9878445,,Hotspot; alanine substitution substantially weakens binding (+3.53 kcal/mol).,Antigen-side single alanine from SKEMPI 2.0; ddG=RT ln(Kd_mut/Kd_wt) at stated T; PDB numbering. Mean of 2 replicate measurements.
YES - primary single-residue alanine label,SKEMPI2_1JRH_IFNGR_A6,IFN-gamma receptor,A6,1JRH,G50A,50,G,A,4.45,true_ddG_from_SKEMPI2,1.84e+03,SPR,298.00,SKEMPI 2.0 (BSC); PMID 9878445,,Hotspot; alanine substitution substantially weakens binding (+4.45 kcal/mol).,Antigen-side single alanine from SKEMPI 2.0; ddG=RT ln(Kd_mut/Kd_wt) at stated T; PDB numbering. Mean of 2 replicate measurements.
YES - primary single-residue alanine label,SKEMPI2_1JRH_IFNGR_A6,IFN-gamma receptor,A6,1JRH,V51A,51,V,A,1.68,true_ddG_from_SKEMPI2,17,SPR,298.00,SKEMPI 2.0 (BSC); PMID 9878445,,Moderate contribution to binding (+1.68 kcal/mol).,Antigen-side single alanine from SKEMPI 2.0; ddG=RT ln(Kd_mut/Kd_wt) at stated T; PDB numbering. Mean of 2 replicate measurements.
YES - primary single-residue alanine label,SKEMPI2_1JRH_IFNGR_A6,IFN-gamma receptor,A6,1JRH,K52A,52,K,A,3.39,true_ddG_from_SKEMPI2,304,SPR,298.00,SKEMPI 2.0 (BSC); PMID 9878445,,Hotspot; alanine substitution substantially weakens binding (+3.39 kcal/mol).,Antigen-side single alanine from SKEMPI 2.0; ddG=RT ln(Kd_mut/Kd_wt) at stated T; PDB numbering. Mean of 2 replicate measurements.
YES - primary single-residue alanine label,SKEMPI2_1JRH_IFNGR_A6,IFN-gamma receptor,A6,1JRH,N53A,53,N,A,4.30,true_ddG_from_SKEMPI2,1.42e+03,SPR,298.00,SKEMPI 2.0 (BSC); PMID 9878445,,Hotspot; alanine substitution substantially weakens binding (+4.30 kcal/mol).,Antigen-side single alanine from SKEMPI 2.0; ddG=RT ln(Kd_mut/Kd_wt) at stated T; PDB numbering. Mean of 2 replicate measurements.
YES - primary single-residue alanine label,SKEMPI2_1JRH_IFNGR_A6,IFN-gamma receptor,A6,1JRH,S54A,54,S,A,0.38,true_ddG_from_SKEMPI2,1.89,SPR,298.00,SKEMPI 2.0 (BSC); PMID 9878445,,Little/no energetic effect (+0.38 kcal/mol).,Antigen-side single alanine from SKEMPI 2.0; ddG=RT ln(Kd_mut/Kd_wt) at stated T; PDB numbering. Mean of 2 replicate measurements.
YES - primary single-residue alanine label,SKEMPI2_1JRH_IFNGR_A6,IFN-gamma receptor,A6,1JRH,E55A,55,E,A,-0.57,true_ddG_from_SKEMPI2,0.385,SPR,298.00,SKEMPI 2.0 (BSC); PMID 9878445,,Little/no energetic effect (-0.57 kcal/mol).,Antigen-side single alanine from SKEMPI 2.0; ddG=RT ln(Kd_mut/Kd_wt) at stated T; PDB numbering. Mean of 2 replicate measurements.
YES - primary single-residue alanine label,SKEMPI2_1JRH_IFNGR_A6,IFN-gamma receptor,A6,1JRH,N79A,79,N,A,-0.20,true_ddG_from_SKEMPI2,0.714,SPR,298.00,SKEMPI 2.0 (BSC); PMID 9878445,,Little/no energetic effect (-0.20 kcal/mol).,Antigen-side single alanine from SKEMPI 2.0; ddG=RT ln(Kd_mut/Kd_wt) at stated T; PDB numbering. Mean of 2 replicate measurements.
YES - primary single-residue alanine label,SKEMPI2_1JRH_IFNGR_A6,IFN-gamma receptor,A6,1JRH,W82A,82,W,A,4.43,true_ddG_from_SKEMPI2,1.77e+03,SPR,298.00,SKEMPI 2.0 (BSC); PMID 9878445,,Hotspot; alanine substitution substantially weakens binding (+4.43 kcal/mol).,Antigen-side single alanine from SKEMPI 2.0; ddG=RT ln(Kd_mut/Kd_wt) at stated T; PDB numbering. Mean of 2 replicate measurements.
YES - primary single-residue alanine label,SKEMPI2_1JRH_IFNGR_A6,IFN-gamma receptor,A6,1JRH,R84A,84,R,A,0.39,true_ddG_from_SKEMPI2,1.94,SPR,298.00,SKEMPI 2.0 (BSC); PMID 9878445,,Little/no energetic effect (+0.39 kcal/mol).,Antigen-side single alanine from SKEMPI 2.0; ddG=RT ln(Kd_mut/Kd_wt) at stated T; PDB numbering. Mean of 2 replicate measurements.
YES - primary single-residue alanine label,SKEMPI2_1JRH_IFNGR_A6,IFN-gamma receptor,A6,1JRH,K98A,98,K,A,0.31,true_ddG_from_SKEMPI2,1.69,SPR,298.00,SKEMPI 2.0 (BSC); PMID 9878445,,Little/no energetic effect (+0.31 kcal/mol).,Antigen-side single alanine from SKEMPI 2.0; ddG=RT ln(Kd_mut/Kd_wt) at stated T; PDB numbering. Mean of 2 replicate measurements.
YES - primary single-residue alanine label,SKEMPI2_1AHW_TF_5G9,Tissue factor,5G9,1AHW,Y156A,156,Y,A,3.81,true_ddG_from_SKEMPI2,618,IASP,298.00,SKEMPI 2.0 (BSC); PMID 9480775,,Hotspot; alanine substitution substantially weakens binding (+3.81 kcal/mol).,Antigen-side single alanine from SKEMPI 2.0; ddG=RT ln(Kd_mut/Kd_wt) at stated T; PDB numbering.
YES - primary single-residue alanine label,SKEMPI2_1AHW_TF_5G9,Tissue factor,5G9,1AHW,Y157A,157,Y,A,-1.89,true_ddG_from_SKEMPI2,0.0412,IASP,298.00,SKEMPI 2.0 (BSC); PMID 9480775,,Alanine improves binding (-1.89 kcal/mol).,Antigen-side single alanine from SKEMPI 2.0; ddG=RT ln(Kd_mut/Kd_wt) at stated T; PDB numbering.
YES - primary single-residue alanine label,SKEMPI2_1AHW_TF_5G9,Tissue factor,5G9,1AHW,T167A,167,T,A,-0.07,true_ddG_from_SKEMPI2,0.882,IASP,298.00,SKEMPI 2.0 (BSC); PMID 9480775,,Little/no energetic effect (-0.07 kcal/mol).,Antigen-side single alanine from SKEMPI 2.0; ddG=RT ln(Kd_mut/Kd_wt) at stated T; PDB numbering.
YES - primary single-residue alanine label,SKEMPI2_1AHW_TF_5G9,Tissue factor,5G9,1AHW,T170A,170,T,A,1.11,true_ddG_from_SKEMPI2,6.47,IASP,298.00,SKEMPI 2.0 (BSC); PMID 9480775,,Moderate contribution to binding (+1.11 kcal/mol).,Antigen-side single alanine from SKEMPI 2.0; ddG=RT ln(Kd_mut/Kd_wt) at stated T; PDB numbering.
YES - primary single-residue alanine label,SKEMPI2_1AHW_TF_5G9,Tissue factor,5G9,1AHW,L176A,176,L,A,0.99,true_ddG_from_SKEMPI2,5.29,IASP,298.00,SKEMPI 2.0 (BSC); PMID 9480775,,Little/no energetic effect (+0.99 kcal/mol).,Antigen-side single alanine from SKEMPI 2.0; ddG=RT ln(Kd_mut/Kd_wt) at stated T; PDB numbering.
YES - primary single-residue alanine label,SKEMPI2_1AHW_TF_5G9,Tissue factor,5G9,1AHW,D178A,178,D,A,-0.48,true_ddG_from_SKEMPI2,0.441,IASP,298.00,SKEMPI 2.0 (BSC); PMID 9480775,,Little/no energetic effect (-0.48 kcal/mol).,Antigen-side single alanine from SKEMPI 2.0; ddG=RT ln(Kd_mut/Kd_wt) at stated T; PDB numbering.
YES - primary single-residue alanine label,SKEMPI2_1AHW_TF_5G9,Tissue factor,5G9,1AHW,T197A,197,T,A,1.35,true_ddG_from_SKEMPI2,9.71,IASP,298.00,SKEMPI 2.0 (BSC); PMID 9480775,,Moderate contribution to binding (+1.35 kcal/mol).,Antigen-side single alanine from SKEMPI 2.0; ddG=RT ln(Kd_mut/Kd_wt) at stated T; PDB numbering.
YES - primary single-residue alanine label,SKEMPI2_1AHW_TF_5G9,Tissue factor,5G9,1AHW,V198A,198,V,A,-0.31,true_ddG_from_SKEMPI2,0.588,IASP,298.00,SKEMPI 2.0 (BSC); PMID 9480775,,Little/no energetic effect (-0.31 kcal/mol).,Antigen-side single alanine from SKEMPI 2.0; ddG=RT ln(Kd_mut/Kd_wt) at stated T; PDB numbering.
YES - primary single-residue alanine label,SKEMPI2_1AHW_TF_5G9,Tissue factor,5G9,1AHW,N199A,199,N,A,1.08,true_ddG_from_SKEMPI2,6.18,IASP,298.00,SKEMPI 2.0 (BSC); PMID 9480775,,Moderate contribution to binding (+1.08 kcal/mol).,Antigen-side single alanine from SKEMPI 2.0; ddG=RT ln(Kd_mut/Kd_wt) at stated T; PDB numbering.
YES - primary single-residue alanine label,SKEMPI2_5C6T_HCMVGB_1G2,HCMV glycoprotein B,1G2,5C6T,Y280A,280,Y,A,3.21,true_ddG_from_SKEMPI2,225,SPR,298.00,SKEMPI 2.0 (BSC); PMID 26365435,,Hotspot; alanine substitution substantially weakens binding (+3.21 kcal/mol).,Antigen-side single alanine from SKEMPI 2.0; ddG=RT ln(Kd_mut/Kd_wt) at stated T; PDB numbering.
YES - primary single-residue alanine label,SKEMPI2_5C6T_HCMVGB_1G2,HCMV glycoprotein B,1G2,5C6T,N281A,281,N,A,0.28,true_ddG_from_SKEMPI2,1.62,SPR,298.00,SKEMPI 2.0 (BSC); PMID 26365435,,Little/no energetic effect (+0.28 kcal/mol).,Antigen-side single alanine from SKEMPI 2.0; ddG=RT ln(Kd_mut/Kd_wt) at stated T; PDB numbering.
YES - primary single-residue alanine label,SKEMPI2_5C6T_HCMVGB_1G2,HCMV glycoprotein B,1G2,5C6T,T283A,283,T,A,0.34,true_ddG_from_SKEMPI2,1.77,SPR,298.00,SKEMPI 2.0 (BSC); PMID 26365435,,Little/no energetic effect (+0.34 kcal/mol).,Antigen-side single alanine from SKEMPI 2.0; ddG=RT ln(Kd_mut/Kd_wt) at stated T; PDB numbering.
YES - primary single-residue alanine label,SKEMPI2_5C6T_HCMVGB_1G2,HCMV glycoprotein B,1G2,5C6T,N284A,284,N,A,0.36,true_ddG_from_SKEMPI2,1.85,SPR,298.00,SKEMPI 2.0 (BSC); PMID 26365435,,Little/no energetic effect (+0.36 kcal/mol).,Antigen-side single alanine from SKEMPI 2.0; ddG=RT ln(Kd_mut/Kd_wt) at stated T; PDB numbering.
YES - primary single-residue alanine label,SKEMPI2_5C6T_HCMVGB_1G2,HCMV glycoprotein B,1G2,5C6T,N286A,286,N,A,-0.37,true_ddG_from_SKEMPI2,0.538,SPR,298.00,SKEMPI 2.0 (BSC); PMID 26365435,,Little/no energetic effect (-0.37 kcal/mol).,Antigen-side single alanine from SKEMPI 2.0; ddG=RT ln(Kd_mut/Kd_wt) at stated T; PDB numbering.
YES - primary single-residue alanine label,SKEMPI2_5C6T_HCMVGB_1G2,HCMV glycoprotein B,1G2,5C6T,F290A,290,F,A,2.00,true_ddG_from_SKEMPI2,29.2,SPR,298.00,SKEMPI 2.0 (BSC); PMID 26365435,,Moderate contribution to binding (+2.00 kcal/mol).,Antigen-side single alanine from SKEMPI 2.0; ddG=RT ln(Kd_mut/Kd_wt) at stated T; PDB numbering.
YES - primary single-residue alanine label,SKEMPI2_5C6T_HCMVGB_1G2,HCMV glycoprotein B,1G2,5C6T,E292A,292,E,A,1.09,true_ddG_from_SKEMPI2,6.31,SPR,298.00,SKEMPI 2.0 (BSC); PMID 26365435,,Moderate contribution to binding (+1.09 kcal/mol).,Antigen-side single alanine from SKEMPI 2.0; ddG=RT ln(Kd_mut/Kd_wt) at stated T; PDB numbering.
YES - primary single-residue alanine label,SKEMPI2_5C6T_HCMVGB_1G2,HCMV glycoprotein B,1G2,5C6T,F297A,297,F,A,2.76,true_ddG_from_SKEMPI2,105,SPR,298.00,SKEMPI 2.0 (BSC); PMID 26365435,,Hotspot; alanine substitution substantially weakens binding (+2.76 kcal/mol).,Antigen-side single alanine from SKEMPI 2.0; ddG=RT ln(Kd_mut/Kd_wt) at stated T; PDB numbering.
YES - primary single-residue alanine label,SKEMPI2_5C6T_HCMVGB_1G2,HCMV glycoprotein B,1G2,5C6T,F298A,298,F,A,0.41,true_ddG_from_SKEMPI2,2,SPR,298.00,SKEMPI 2.0 (BSC); PMID 26365435,,Little/no energetic effect (+0.41 kcal/mol).,Antigen-side single alanine from SKEMPI 2.0; ddG=RT ln(Kd_mut/Kd_wt) at stated T; PDB numbering.
YES - primary single-residue alanine label,SKEMPI2_5C6T_HCMVGB_1G2,HCMV glycoprotein B,1G2,5C6T,I299A,299,I,A,0.89,true_ddG_from_SKEMPI2,4.46,SPR,298.00,SKEMPI 2.0 (BSC); PMID 26365435,,Little/no energetic effect (+0.89 kcal/mol).,Antigen-side single alanine from SKEMPI 2.0; ddG=RT ln(Kd_mut/Kd_wt) at stated T; PDB numbering.
