antigen,antibody,source_pdb,resid,wt,mut,ddG
1AKI,D1.3,1VFB,18,D,A,0.34
1AKI,D1.3,1VFB,19,N,A,0.396
1AKI,D1.3,1VFB,23,Y,A,0.41
1AKI,D1.3,1VFB,24,S,A,0.851
1AKI,D1.3,1VFB,116,K,A,0.713
1AKI,D1.3,1VFB,118,T,A,0.765
1AKI,D1.3,1VFB,119,D,A,0.953
1AKI,D1.3,1VFB,120,V,A,0.917
1AKI,D1.3,1VFB,121,Q,A,2.877
1AKI,D1.3,1VFB,124,I,A,1.231
1AKI,D1.3,1VFB,125,R,A,1.837
1AKI,D1.3,1VFB,129,L,A,0.172
1AKI,HyHEL-10-var,1YQV,45,R,K,2.001
1AKI,HyHEL-63,1DQJ,20,Y,A,3.285
1AKI,HyHEL-63,1DQJ,21,R,A,1.259
1AKI,HyHEL-63,1DQJ,62,W,A,0.758
1AKI,HyHEL-63,1DQJ,63,W,A,1.346
1AKI,HyHEL-63,1DQJ,75,L,A,1.452
1AKI,HyHEL-63,1DQJ,89,T,A,0.841
1AKI,HyHEL-63,1DQJ,93,N,A,0.65
1AKI,HyHEL-63,1DQJ,96,K,A,6.155
1AKI,HyHEL-63,1DQJ,97,K,A,3.519
1AKI,HyHEL-63,1DQJ,100,S,A,0.776
1AKI,HyHEL-63,1DQJ,101,D,A,1.452
