pdb,antigen,chain,resid,wt,mut,ddG
1AHW,TISSUE FACTOR,C,145,Y,A,3.8049526432831278
1AHW,TISSUE FACTOR,C,146,Y,A,-1.8888157924172968
1AHW,TISSUE FACTOR,C,156,T,A,-0.07411235118478371
1AHW,TISSUE FACTOR,C,159,T,A,1.1056573525125692
1AHW,TISSUE FACTOR,C,165,L,A,0.9868350162913475
1AHW,TISSUE FACTOR,C,167,D,A,-0.48454281862102194
1AHW,TISSUE FACTOR,C,186,T,A,1.3457437851162244
1AHW,TISSUE FACTOR,C,187,V,A,-0.31419878378843874
1AHW,TISSUE FACTOR,C,188,N,A,1.0781116417347427
1DQJ,LYSOZYME,C,20,Y,A,3.285370866941492
1DQJ,LYSOZYME,C,20,Y,A,3.285370866941492
1DQJ,LYSOZYME,C,21,R,A,1.168431190193633
1DQJ,LYSOZYME,C,21,R,A,1.2588613165650542
1DQJ,LYSOZYME,C,62,W,A,0.7580007227573948
1DQJ,LYSOZYME,C,63,W,A,1.346130922102882
1DQJ,LYSOZYME,C,63,W,A,1.346130922102882
1DQJ,LYSOZYME,C,75,L,A,1.4522578807495488
1DQJ,LYSOZYME,C,89,T,A,0.8407574026482281
1DQJ,LYSOZYME,C,93,N,A,0.6498064908365019
1DQJ,LYSOZYME,C,96,K,A,6.155187874766521
1DQJ,LYSOZYME,C,97,K,A,3.5193442597975966
1DQJ,LYSOZYME,C,97,K,A,3.5193442597975966
1DQJ,LYSOZYME,C,100,S,A,0.7755032580934715
1DQJ,LYSOZYME,C,101,D,A,1.4522578807495488
1DQJ,LYSOZYME,C,101,D,A,1.3005602886591108
1FC2,FRAGMENT B OF PROTEIN A COMPLEX,C,1,F,M,0.9121375603158716
1FC2,FRAGMENT B OF PROTEIN A COMPLEX,C,2,N,F,-0.10795733413817717
1FC2,FRAGMENT B OF PROTEIN A COMPLEX,C,2,N,Q,0.0
1FC2,FRAGMENT B OF PROTEIN A COMPLEX,C,3,K,D,1.0609473674761314
1FC2,FRAGMENT B OF PROTEIN A COMPLEX,C,7,N,F,0.09127662544339507
1FC2,FRAGMENT B OF PROTEIN A COMPLEX,C,10,Y,W,0.4104304674362382
1FC2,FRAGMENT B OF PROTEIN A COMPLEX,C,10,Y,F,1.027102384522738
1FC2,FRAGMENT B OF PROTEIN A COMPLEX,C,12,I,W,3.1372714689846233
1FC2,FRAGMENT B OF PROTEIN A COMPLEX,C,13,L,D,1.4331628985452642
1FC2,FRAGMENT B OF PROTEIN A COMPLEX,C,13,L,D,0.8208609348724764
1FC2,FRAGMENT B OF PROTEIN A COMPLEX,C,24,N,A,0.6053690627583194
1FC2,FRAGMENT B OF PROTEIN A COMPLEX,C,24,N,A,0.5819575715934594
1FC2,FRAGMENT B OF PROTEIN A COMPLEX,C,24,N,F,0.8450326991997771
1FC2,FRAGMENT B OF PROTEIN A COMPLEX,C,26,F,W,0.0
1FC2,FRAGMENT B OF PROTEIN A COMPLEX,C,26,F,A,0.06344312559550477
1FC2,FRAGMENT B OF PROTEIN A COMPLEX,C,26,F,A,-0.03613431260039413
1FC2,FRAGMENT B OF PROTEIN A COMPLEX,C,27,I,A,5.273863750144084
1FC2,FRAGMENT B OF PROTEIN A COMPLEX,C,27,I,A,2.184281435646669
1FC2,FRAGMENT B OF PROTEIN A COMPLEX,C,28,Q,K,0.17034403483258329
1FC2,FRAGMENT B OF PROTEIN A COMPLEX,C,28,Q,L,0.45782583576013874
1FC2,FRAGMENT B OF PROTEIN A COMPLEX,C,31,K,A,1.5257806933049591
1FC2,FRAGMENT B OF PROTEIN A COMPLEX,C,31,K,A,1.2312914023087145
1FC2,FRAGMENT B OF PROTEIN A COMPLEX,C,40,L,W,0.0
1FCC,STREPTOCOCCAL PROTEIN G (C2 FRAGMENT),C,25,T,A,0.24008643260365495
1FCC,STREPTOCOCCAL PROTEIN G (C2 FRAGMENT),C,27,E,A,4.935294201522354
1FCC,STREPTOCOCCAL PROTEIN G (C2 FRAGMENT),C,28,K,A,1.2554631666360152
1FCC,STREPTOCOCCAL PROTEIN G (C2 FRAGMENT),C,31,K,A,3.475642017100362
1FCC,STREPTOCOCCAL PROTEIN G (C2 FRAGMENT),C,35,N,A,2.3638059024360474
1FCC,STREPTOCOCCAL PROTEIN G (C2 FRAGMENT),C,40,D,A,0.2721010400655383
1FCC,STREPTOCOCCAL PROTEIN G (C2 FRAGMENT),C,42,E,A,0.38522981318889427
1FCC,STREPTOCOCCAL PROTEIN G (C2 FRAGMENT),C,43,W,A,3.771107660329734
1VFB,HEN EGG WHITE LYSOZYME,C,18,D,A,0.34009564740464304
1VFB,HEN EGG WHITE LYSOZYME,C,19,N,A,0.3960461325561002
1VFB,HEN EGG WHITE LYSOZYME,C,23,Y,A,0.4104304674362382
1VFB,HEN EGG WHITE LYSOZYME,C,24,S,A,0.850877645879667
1VFB,HEN EGG WHITE LYSOZYME,C,116,K,A,0.7133771121549749
1VFB,HEN EGG WHITE LYSOZYME,C,118,T,A,0.7650171294798882
1VFB,HEN EGG WHITE LYSOZYME,C,119,D,A,0.9529900333379542
1VFB,HEN EGG WHITE LYSOZYME,C,120,V,A,0.91685572073756
1VFB,HEN EGG WHITE LYSOZYME,C,121,Q,A,2.8767025425553125
1VFB,HEN EGG WHITE LYSOZYME,C,124,I,A,1.2312914023087145
1VFB,HEN EGG WHITE LYSOZYME,C,125,R,A,1.8367111803255123
1VFB,HEN EGG WHITE LYSOZYME,C,129,L,A,0.17152710415722122
1YQV,Hen Egg White Lysozyme,Y,45,R,K,1.8993090256092535
1YQV,Hen Egg White Lysozyme,Y,45,R,K,2.001036541929993
1YQV,Hen Egg White Lysozyme,Y,45,R,K,1.6992163697688576
2JEL,HISTIDINE-CONTAINING PROTEIN,P,2,F,Y,0.0
2JEL,HISTIDINE-CONTAINING PROTEIN,P,2,F,W,2.618883667410208
2JEL,HISTIDINE-CONTAINING PROTEIN,P,3,Q,K,4.090261502322577
2JEL,HISTIDINE-CONTAINING PROTEIN,P,4,Q,K,1.3634205007741924
2JEL,HISTIDINE-CONTAINING PROTEIN,P,5,E,D,0.4104304674362382
2JEL,HISTIDINE-CONTAINING PROTEIN,P,5,E,Q,0.7129036007342993
2JEL,HISTIDINE-CONTAINING PROTEIN,P,6,V,F,0.0
2JEL,HISTIDINE-CONTAINING PROTEIN,P,7,T,N,0.4104304674362382
2JEL,HISTIDINE-CONTAINING PROTEIN,P,7,T,S,0.0
2JEL,HISTIDINE-CONTAINING PROTEIN,P,11,P,E,0.0
2JEL,HISTIDINE-CONTAINING PROTEIN,P,12,N,D,0.0
2JEL,HISTIDINE-CONTAINING PROTEIN,P,17,R,G,0.0
2JEL,HISTIDINE-CONTAINING PROTEIN,P,17,R,K,0.0
2JEL,HISTIDINE-CONTAINING PROTEIN,P,24,K,E,0.0
2JEL,HISTIDINE-CONTAINING PROTEIN,P,27,K,E,0.0
2JEL,HISTIDINE-CONTAINING PROTEIN,P,34,T,N,6.817102503870962
2JEL,HISTIDINE-CONTAINING PROTEIN,P,34,T,Q,0.0
2JEL,HISTIDINE-CONTAINING PROTEIN,P,36,T,Q,0.4104304674362382
2JEL,HISTIDINE-CONTAINING PROTEIN,P,38,N,T,0.0
2JEL,HISTIDINE-CONTAINING PROTEIN,P,41,S,C,1.4955495992396703
2JEL,HISTIDINE-CONTAINING PROTEIN,P,43,S,C,0.0
2JEL,HISTIDINE-CONTAINING PROTEIN,P,46,S,C,0.0
2JEL,HISTIDINE-CONTAINING PROTEIN,P,57,Q,E,-0.4104304674362382
2JEL,HISTIDINE-CONTAINING PROTEIN,P,62,T,N,0.0
2JEL,HISTIDINE-CONTAINING PROTEIN,P,62,T,A,0.0
2JEL,HISTIDINE-CONTAINING PROTEIN,P,64,S,T,4.090261502322577
2JEL,HISTIDINE-CONTAINING PROTEIN,P,66,E,K,4.090261502322577
2JEL,HISTIDINE-CONTAINING PROTEIN,P,68,E,A,0.4104304674362382
2JEL,HISTIDINE-CONTAINING PROTEIN,P,69,D,E,0.9529900333379542
2JEL,HISTIDINE-CONTAINING PROTEIN,P,70,E,K,4.090261502322577
2JEL,HISTIDINE-CONTAINING PROTEIN,P,70,E,A,2.726841001548385
2JEL,HISTIDINE-CONTAINING PROTEIN,P,71,Q,E,2.726841001548385
2JEL,HISTIDINE-CONTAINING PROTEIN,P,72,K,R,0.0
2JEL,HISTIDINE-CONTAINING PROTEIN,P,72,K,E,0.4104304674362382
2JEL,HISTIDINE-CONTAINING PROTEIN,P,75,E,R,2.726841001548385
2JEL,HISTIDINE-CONTAINING PROTEIN,P,76,H,D,-0.650516900039893
2JEL,HISTIDINE-CONTAINING PROTEIN,P,76,H,A,-0.4104304674362382
2JEL,HISTIDINE-CONTAINING PROTEIN,P,79,K,E,0.4104304674362382
2JEL,HISTIDINE-CONTAINING PROTEIN,P,82,A,S,0.0
2JEL,HISTIDINE-CONTAINING PROTEIN,P,83,E,A,0.0
2JEL,HISTIDINE-CONTAINING PROTEIN,P,85,E,Q,0.0
2JEL,HISTIDINE-CONTAINING PROTEIN,P,85,E,D,0.0
2JEL,HISTIDINE-CONTAINING PROTEIN,P,85,E,A,0.0
2JEL,HISTIDINE-CONTAINING PROTEIN,P,85,E,K,0.0
2VIR,HEMAGGLUTININ,C,89,T,I,4.911122437195053
2VIR,HEMAGGLUTININ,C,115,S,L,3.679831034886339
2VIS,HEMAGGLUTININ,C,89,I,T,-4.911122437195053
3BN9,Membrane-type serine protease 1,B,23,Q,A,-0.415264175911762
3BN9,Membrane-type serine protease 1,B,26,I,A,0.0
3BN9,Membrane-type serine protease 1,B,45,I,A,0.8351297216987792
3BN9,Membrane-type serine protease 1,B,46,D,A,0.4223448734270986
3BN9,Membrane-type serine protease 1,B,47,D,A,0.3110755993719745
3BN9,Membrane-type serine protease 1,B,48,R,A,-0.044993231155209035
3BN9,Membrane-type serine protease 1,B,50,F,A,-0.044993231155209035
3BN9,Membrane-type serine protease 1,B,51,R,A,-0.07155041749643419
3BN9,Membrane-type serine protease 1,B,52,Y,A,0.01894964914713171
3BN9,Membrane-type serine protease 1,B,82,R,A,-0.15921650736283982
3BN9,Membrane-type serine protease 1,B,89,F,A,0.6391762469622985
3BN9,Membrane-type serine protease 1,B,90,N,A,0.7732649478781831
3BN9,Membrane-type serine protease 1,B,91,D,A,6.694524031810099
3BN9,Membrane-type serine protease 1,B,92,F,A,6.694524031810099
3BN9,Membrane-type serine protease 1,B,93,T,A,1.131936534244451
3BN9,Membrane-type serine protease 1,B,138,H,A,0.08505457869995607
3BN9,Membrane-type serine protease 1,B,140,Q,A,0.13309112304752446
3BN9,Membrane-type serine protease 1,B,141,Y,A,1.0845411659205504
3BN9,Membrane-type serine protease 1,B,144,T,A,0.2908052483801402
3BN9,Membrane-type serine protease 1,B,147,L,A,0.33615762675325006
3BN9,Membrane-type serine protease 1,B,163,E,A,0.37317755565117944
3BN9,Membrane-type serine protease 1,B,168,Q,A,-0.0346951281102008
3BN9,Membrane-type serine protease 1,B,169,Q,A,2.508727055208582
3BN9,Membrane-type serine protease 1,B,214,D,A,0.5661533643461352
3BN9,Membrane-type serine protease 1,B,218,Q,A,0.7056381598882786
3BN9,Membrane-type serine protease 1,B,219,R,A,-0.0936885473118745
3BN9,Membrane-type serine protease 1,B,221,K,A,0.7848882960186173
3LZF,"Hemagglutinin, HA1 Subunit",A,187,D,E,0.49831381138690084
3LZF,"Hemagglutinin, HA1 Subunit",A,222,D,G,0.5378035082033017
3NPS,Suppressor of tumorigenicity 14 protein,A,23,Q,A,0.026321044364017533
3NPS,Suppressor of tumorigenicity 14 protein,A,26,I,A,0.6414766328369779
3NPS,Suppressor of tumorigenicity 14 protein,A,45,I,A,-0.33178375149281053
3NPS,Suppressor of tumorigenicity 14 protein,A,46,D,A,0.3399516598696178
3NPS,Suppressor of tumorigenicity 14 protein,A,47,D,A,1.067360850472768
3NPS,Suppressor of tumorigenicity 14 protein,A,48,R,A,-1.062631937602381
3NPS,Suppressor of tumorigenicity 14 protein,A,50,F,A,0.21954821189451762
3NPS,Suppressor of tumorigenicity 14 protein,A,51,R,A,0.13815417475746922
3NPS,Suppressor of tumorigenicity 14 protein,A,52,Y,A,0.45184340050962923
3NPS,Suppressor of tumorigenicity 14 protein,A,82,R,A,-0.15157985146766897
3NPS,Suppressor of tumorigenicity 14 protein,A,89,F,A,1.5712430621783324
3NPS,Suppressor of tumorigenicity 14 protein,A,90,N,A,0.25339319484791106
3NPS,Suppressor of tumorigenicity 14 protein,A,91,D,A,1.506879311233182
3NPS,Suppressor of tumorigenicity 14 protein,A,92,F,A,0.46349215651252795
3NPS,Suppressor of tumorigenicity 14 protein,A,93,T,A,0.7237380170067531
3NPS,Suppressor of tumorigenicity 14 protein,A,138,H,A,1.8748992648010314
3NPS,Suppressor of tumorigenicity 14 protein,A,140,Q,A,0.29570590535480257
3NPS,Suppressor of tumorigenicity 14 protein,A,141,Y,A,1.774691459480011
3NPS,Suppressor of tumorigenicity 14 protein,A,144,T,A,0.17495204252397548
3NPS,Suppressor of tumorigenicity 14 protein,A,147,L,A,0.29570590535480257
3NPS,Suppressor of tumorigenicity 14 protein,A,163,E,A,0.6152849725005701
3NPS,Suppressor of tumorigenicity 14 protein,A,168,Q,A,-0.05921775184311425
3NPS,Suppressor of tumorigenicity 14 protein,A,169,Q,A,0.7408315009012415
3NPS,Suppressor of tumorigenicity 14 protein,A,214,D,A,1.4665923836218093
3NPS,Suppressor of tumorigenicity 14 protein,A,218,Q,A,-0.040912553789218466
3NPS,Suppressor of tumorigenicity 14 protein,A,219,R,A,-0.08389323887199696
3NPS,Suppressor of tumorigenicity 14 protein,A,221,K,A,-0.10359974979583374
3W2D,Enterotoxin type B,A,45,Y,F,0.8778541278792833
3W2D,Enterotoxin type B,A,45,Y,L,2.364513481886908
3W2D,Enterotoxin type B,A,67,K,R,-0.42807619390147383
3W2D,Enterotoxin type B,A,67,K,N,4.621463464570586
4GXU,Hemagglutinin HA1 chain,A,189,D,E,2.1648657290177824
4GXU,Hemagglutinin HA1 chain,A,224,D,G,1.9606767112318058
4JPK,Germline-targeting HIV-1 gp120 engineered outer do,A,30,V,N,0.5945337872710594
4JPK,Germline-targeting HIV-1 gp120 engineered outer do,A,35,T,S,-0.032090061555645866
4JPK,Germline-targeting HIV-1 gp120 engineered outer do,A,41,S,G,2.15147408024195
4JPK,Germline-targeting HIV-1 gp120 engineered outer do,A,63,F,L,1.1671668201906809
4JPK,Germline-targeting HIV-1 gp120 engineered outer do,A,81,R,T,0.7586251135265742
4JPK,Germline-targeting HIV-1 gp120 engineered outer do,A,130,R,K,0.23004241999863437
4JPK,Germline-targeting HIV-1 gp120 engineered outer do,A,141,D,R,3.856926864652471
4JPK,Germline-targeting HIV-1 gp120 engineered outer do,A,144,F,I,1.3873749312763335
4NM8,Hemagglutinin HA2 Chain,B,18,I,M,0.10976869880492511
4NM8,Hemagglutinin HA2 Chain,B,19,D,N,0.6614316131278107
4NM8,Hemagglutinin HA2 Chain,B,25,R,M,3.4419994149363315
4NM8,Hemagglutinin HA2 Chain,B,32,T,E,-0.5516629143228857
4NM8,Hemagglutinin HA2 Chain,B,32,T,I,-0.050200814859454074
4NM8,Hemagglutinin HA2 Chain,B,32,T,R,1.2210689619130408
4NM8,Hemagglutinin HA2 Chain,B,34,Q,T,2.330699151828216
4NM8,Hemagglutinin HA2 Chain,B,34,Q,R,2.9751701785985802
4NM8,Hemagglutinin HA2 Chain,B,38,L,Y,-0.6150963717403524
4U6H,Protein L1,E,21,N,A,-0.34804376674183213
4U6H,Protein L1,E,25,Q,A,0.11882233622122167
4ZS6,S protein,A,156,E,A,3.0383544020493614
4ZS6,S protein,A,160,Y,A,-0.11023913272297711
5C6T,Envelope glycoprotein B,A,182,Y,A,3.2080251838247626
5C6T,Envelope glycoprotein B,A,183,N,A,0.2839676897231497
5C6T,Envelope glycoprotein B,A,185,T,A,0.33783444486499387
5C6T,Envelope glycoprotein B,A,186,N,A,0.3630350991123378
5C6T,Envelope glycoprotein B,A,188,N,A,-0.36654921031674337
5C6T,Envelope glycoprotein B,A,192,F,A,1.9969963597343672
5C6T,Envelope glycoprotein B,A,194,E,A,1.0905598377693233
5C6T,Envelope glycoprotein B,A,199,F,A,2.757895923224827
5C6T,Envelope glycoprotein B,A,200,F,A,0.4104304674362382
5C6T,Envelope glycoprotein B,A,201,I,A,0.8855206748265393
