antigen,key,pdb,chain,resid,resname,bfactor,bfactor_z
Lysozyme,lysozyme,1AKI,A,1,LYS,21.12,0.9885
Lysozyme,lysozyme,1AKI,A,2,VAL,18.10,0.1457
Lysozyme,lysozyme,1AKI,A,3,PHE,17.43,-0.0413
Lysozyme,lysozyme,1AKI,A,4,GLY,16.34,-0.3455
Lysozyme,lysozyme,1AKI,A,5,ARG,15.91,-0.4655
Lysozyme,lysozyme,1AKI,A,6,CYS,14.62,-0.8256
Lysozyme,lysozyme,1AKI,A,7,GLU,13.83,-1.0461
Lysozyme,lysozyme,1AKI,A,8,LEU,12.72,-1.3559
Lysozyme,lysozyme,1AKI,A,9,ALA,13.25,-1.2079
Lysozyme,lysozyme,1AKI,A,10,ALA,16.58,-0.2786
Lysozyme,lysozyme,1AKI,A,11,ALA,15.23,-0.6553
Lysozyme,lysozyme,1AKI,A,12,MET,13.69,-1.0851
Lysozyme,lysozyme,1AKI,A,13,LYS,14.58,-0.8367
Lysozyme,lysozyme,1AKI,A,14,ARG,17.66,0.0229
Lysozyme,lysozyme,1AKI,A,15,HIS,15.99,-0.4432
Lysozyme,lysozyme,1AKI,A,16,GLY,18.71,0.3159
Lysozyme,lysozyme,1AKI,A,17,LEU,15.38,-0.6135
Lysozyme,lysozyme,1AKI,A,18,ASP,16.25,-0.3707
Lysozyme,lysozyme,1AKI,A,19,ASN,17.19,-0.1083
Lysozyme,lysozyme,1AKI,A,20,TYR,15.54,-0.5688
Lysozyme,lysozyme,1AKI,A,21,ARG,15.68,-0.5297
Lysozyme,lysozyme,1AKI,A,22,GLY,17.72,0.0396
Lysozyme,lysozyme,1AKI,A,23,TYR,15.42,-0.6023
Lysozyme,lysozyme,1AKI,A,24,SER,16.89,-0.1920
Lysozyme,lysozyme,1AKI,A,25,LEU,13.16,-1.2331
Lysozyme,lysozyme,1AKI,A,26,GLY,13.88,-1.0321
Lysozyme,lysozyme,1AKI,A,27,ASN,14.74,-0.7921
Lysozyme,lysozyme,1AKI,A,28,TRP,16.49,-0.3037
Lysozyme,lysozyme,1AKI,A,29,VAL,14.15,-0.9567
Lysozyme,lysozyme,1AKI,A,30,CYS,15.59,-0.5549
Lysozyme,lysozyme,1AKI,A,31,ALA,15.82,-0.4907
Lysozyme,lysozyme,1AKI,A,32,ALA,13.08,-1.2554
Lysozyme,lysozyme,1AKI,A,33,LYS,16.16,-0.3958
Lysozyme,lysozyme,1AKI,A,34,PHE,17.51,-0.0190
Lysozyme,lysozyme,1AKI,A,35,GLU,15.45,-0.5939
Lysozyme,lysozyme,1AKI,A,36,SER,17.79,0.0592
Lysozyme,lysozyme,1AKI,A,37,ASN,20.85,0.9132
Lysozyme,lysozyme,1AKI,A,38,PHE,14.75,-0.7893
Lysozyme,lysozyme,1AKI,A,39,ASN,16.77,-0.2255
Lysozyme,lysozyme,1AKI,A,40,THR,16.08,-0.4181
Lysozyme,lysozyme,1AKI,A,41,GLN,16.67,-0.2534
Lysozyme,lysozyme,1AKI,A,42,ALA,17.42,-0.0441
Lysozyme,lysozyme,1AKI,A,43,THR,17.73,0.0424
Lysozyme,lysozyme,1AKI,A,44,ASN,19.51,0.5392
Lysozyme,lysozyme,1AKI,A,45,ARG,18.37,0.2210
Lysozyme,lysozyme,1AKI,A,46,ASN,20.10,0.7039
Lysozyme,lysozyme,1AKI,A,47,THR,19.12,0.4303
Lysozyme,lysozyme,1AKI,A,48,ASP,17.33,-0.0692
Lysozyme,lysozyme,1AKI,A,49,GLY,17.27,-0.0860
Lysozyme,lysozyme,1AKI,A,50,SER,14.28,-0.9205
Lysozyme,lysozyme,1AKI,A,51,THR,13.82,-1.0488
Lysozyme,lysozyme,1AKI,A,52,ASP,13.43,-1.1577
Lysozyme,lysozyme,1AKI,A,53,TYR,13.61,-1.1075
Lysozyme,lysozyme,1AKI,A,54,GLY,15.67,-0.5325
Lysozyme,lysozyme,1AKI,A,55,ILE,14.01,-0.9958
Lysozyme,lysozyme,1AKI,A,56,LEU,14.96,-0.7307
Lysozyme,lysozyme,1AKI,A,57,GLN,11.55,-1.6824
Lysozyme,lysozyme,1AKI,A,58,ILE,16.09,-0.4153
Lysozyme,lysozyme,1AKI,A,59,ASN,10.60,-1.9475
Lysozyme,lysozyme,1AKI,A,60,SER,13.81,-1.0516
Lysozyme,lysozyme,1AKI,A,61,ARG,18.54,0.2685
Lysozyme,lysozyme,1AKI,A,62,TRP,16.06,-0.4237
Lysozyme,lysozyme,1AKI,A,63,TRP,15.21,-0.6609
Lysozyme,lysozyme,1AKI,A,64,CYS,15.76,-0.5074
Lysozyme,lysozyme,1AKI,A,65,ASN,16.46,-0.3120
Lysozyme,lysozyme,1AKI,A,66,ASP,15.28,-0.6414
Lysozyme,lysozyme,1AKI,A,67,GLY,19.40,0.5085
Lysozyme,lysozyme,1AKI,A,68,ARG,19.77,0.6118
Lysozyme,lysozyme,1AKI,A,69,THR,20.02,0.6815
Lysozyme,lysozyme,1AKI,A,70,PRO,21.73,1.1588
Lysozyme,lysozyme,1AKI,A,71,GLY,24.03,1.8007
Lysozyme,lysozyme,1AKI,A,72,SER,26.94,2.6129
Lysozyme,lysozyme,1AKI,A,73,ARG,22.60,1.4016
Lysozyme,lysozyme,1AKI,A,74,ASN,18.87,0.3606
Lysozyme,lysozyme,1AKI,A,75,LEU,14.82,-0.7698
Lysozyme,lysozyme,1AKI,A,76,CYS,16.46,-0.3120
Lysozyme,lysozyme,1AKI,A,77,ASN,19.18,0.4471
Lysozyme,lysozyme,1AKI,A,78,ILE,20.14,0.7150
Lysozyme,lysozyme,1AKI,A,79,PRO,19.12,0.4303
Lysozyme,lysozyme,1AKI,A,80,CYS,14.33,-0.9065
Lysozyme,lysozyme,1AKI,A,81,SER,15.64,-0.5409
Lysozyme,lysozyme,1AKI,A,82,ALA,18.01,0.1206
Lysozyme,lysozyme,1AKI,A,83,LEU,18.66,0.3020
Lysozyme,lysozyme,1AKI,A,84,LEU,16.38,-0.3344
Lysozyme,lysozyme,1AKI,A,85,SER,20.86,0.9160
Lysozyme,lysozyme,1AKI,A,86,SER,20.44,0.7987
Lysozyme,lysozyme,1AKI,A,87,ASP,18.72,0.3187
Lysozyme,lysozyme,1AKI,A,88,ILE,16.22,-0.3790
Lysozyme,lysozyme,1AKI,A,89,THR,16.87,-0.1976
Lysozyme,lysozyme,1AKI,A,90,ALA,16.63,-0.2646
Lysozyme,lysozyme,1AKI,A,91,SER,11.35,-1.7382
Lysozyme,lysozyme,1AKI,A,92,VAL,13.44,-1.1549
Lysozyme,lysozyme,1AKI,A,93,ASN,15.10,-0.6916
Lysozyme,lysozyme,1AKI,A,94,CYS,13.58,-1.1158
Lysozyme,lysozyme,1AKI,A,95,ALA,15.63,-0.5437
Lysozyme,lysozyme,1AKI,A,96,LYS,13.27,-1.2024
Lysozyme,lysozyme,1AKI,A,97,LYS,16.43,-0.3204
Lysozyme,lysozyme,1AKI,A,98,ILE,16.36,-0.3400
Lysozyme,lysozyme,1AKI,A,99,VAL,18.71,0.3159
Lysozyme,lysozyme,1AKI,A,100,SER,23.81,1.7393
Lysozyme,lysozyme,1AKI,A,101,ASP,26.98,2.6240
Lysozyme,lysozyme,1AKI,A,102,GLY,30.67,3.6539
Lysozyme,lysozyme,1AKI,A,103,ASN,25.22,2.1328
Lysozyme,lysozyme,1AKI,A,104,GLY,19.51,0.5392
Lysozyme,lysozyme,1AKI,A,105,MET,16.07,-0.4209
Lysozyme,lysozyme,1AKI,A,106,ASN,18.58,0.2796
Lysozyme,lysozyme,1AKI,A,107,ALA,18.74,0.3243
Lysozyme,lysozyme,1AKI,A,108,TRP,14.68,-0.8088
Lysozyme,lysozyme,1AKI,A,109,VAL,19.96,0.6648
Lysozyme,lysozyme,1AKI,A,110,ALA,18.78,0.3355
Lysozyme,lysozyme,1AKI,A,111,TRP,15.74,-0.5130
Lysozyme,lysozyme,1AKI,A,112,ARG,19.60,0.5643
Lysozyme,lysozyme,1AKI,A,113,ASN,20.16,0.7206
Lysozyme,lysozyme,1AKI,A,114,ARG,21.43,1.0750
Lysozyme,lysozyme,1AKI,A,115,CYS,15.08,-0.6972
Lysozyme,lysozyme,1AKI,A,116,LYS,19.14,0.4359
Lysozyme,lysozyme,1AKI,A,117,GLY,29.06,3.2045
Lysozyme,lysozyme,1AKI,A,118,THR,22.31,1.3207
Lysozyme,lysozyme,1AKI,A,119,ASP,22.61,1.4044
Lysozyme,lysozyme,1AKI,A,120,VAL,20.10,0.7039
Lysozyme,lysozyme,1AKI,A,121,GLN,21.12,0.9885
Lysozyme,lysozyme,1AKI,A,122,ALA,19.46,0.5252
Lysozyme,lysozyme,1AKI,A,123,TRP,16.76,-0.2283
Lysozyme,lysozyme,1AKI,A,124,ILE,16.82,-0.2116
Lysozyme,lysozyme,1AKI,A,125,ARG,19.12,0.4303
Lysozyme,lysozyme,1AKI,A,126,GLY,21.28,1.0332
Lysozyme,lysozyme,1AKI,A,127,CYS,19.13,0.4331
Lysozyme,lysozyme,1AKI,A,128,ARG,28.29,2.9896
Lysozyme,lysozyme,1AKI,A,129,LEU,26.89,2.5989
HPr,hpr,2JEL,P,1,MET,24.56,-0.9230
HPr,hpr,2JEL,P,2,PHE,15.17,-1.3449
HPr,hpr,2JEL,P,3,GLN,22.78,-1.0030
HPr,hpr,2JEL,P,4,GLN,23.89,-0.9531
HPr,hpr,2JEL,P,5,GLU,39.64,-0.2455
HPr,hpr,2JEL,P,6,VAL,46.43,0.0595
HPr,hpr,2JEL,P,7,THR,59.32,0.6387
HPr,hpr,2JEL,P,8,ILE,70.53,1.1423
HPr,hpr,2JEL,P,9,THR,82.36,1.6738
HPr,hpr,2JEL,P,10,ALA,91.50,2.0844
HPr,hpr,2JEL,P,11,PRO,94.99,2.2412
HPr,hpr,2JEL,P,12,ASN,93.88,2.1914
HPr,hpr,2JEL,P,13,GLY,93.51,2.1747
HPr,hpr,2JEL,P,14,LEU,86.42,1.8562
HPr,hpr,2JEL,P,15,HIS,80.72,1.6001
HPr,hpr,2JEL,P,16,THR,74.56,1.3234
HPr,hpr,2JEL,P,17,ARG,66.47,0.9599
HPr,hpr,2JEL,P,18,PRO,55.14,0.4509
HPr,hpr,2JEL,P,19,ALA,45.42,0.0142
HPr,hpr,2JEL,P,20,ALA,45.29,0.0083
HPr,hpr,2JEL,P,21,GLN,48.97,0.1737
HPr,hpr,2JEL,P,22,PHE,40.55,-0.2046
HPr,hpr,2JEL,P,23,VAL,29.56,-0.6984
HPr,hpr,2JEL,P,24,LYS,42.01,-0.1390
HPr,hpr,2JEL,P,25,GLU,36.81,-0.3727
HPr,hpr,2JEL,P,26,ALA,29.62,-0.6957
HPr,hpr,2JEL,P,27,LYS,29.30,-0.7101
HPr,hpr,2JEL,P,28,GLY,19.72,-1.1405
HPr,hpr,2JEL,P,29,PHE,21.54,-1.0587
HPr,hpr,2JEL,P,30,THR,23.85,-0.9549
HPr,hpr,2JEL,P,31,SER,21.87,-1.0439
HPr,hpr,2JEL,P,32,GLU,31.14,-0.6274
HPr,hpr,2JEL,P,33,ILE,20.35,-1.1122
HPr,hpr,2JEL,P,34,THR,23.89,-0.9531
HPr,hpr,2JEL,P,35,VAL,29.97,-0.6800
HPr,hpr,2JEL,P,36,THR,35.76,-0.4198
HPr,hpr,2JEL,P,37,SER,49.04,0.1768
HPr,hpr,2JEL,P,38,ASN,56.65,0.5187
HPr,hpr,2JEL,P,39,GLY,54.46,0.4203
HPr,hpr,2JEL,P,40,LYS,46.56,0.0654
HPr,hpr,2JEL,P,41,SER,38.28,-0.3066
HPr,hpr,2JEL,P,42,ALA,33.48,-0.5223
HPr,hpr,2JEL,P,43,SER,34.99,-0.4544
HPr,hpr,2JEL,P,44,ALA,33.25,-0.5326
HPr,hpr,2JEL,P,45,LYS,29.33,-0.7087
HPr,hpr,2JEL,P,46,SER,26.26,-0.8466
HPr,hpr,2JEL,P,47,LEU,31.47,-0.6126
HPr,hpr,2JEL,P,48,PHE,28.18,-0.7604
HPr,hpr,2JEL,P,49,LYS,35.74,-0.4207
HPr,hpr,2JEL,P,50,LEU,36.36,-0.3929
HPr,hpr,2JEL,P,51,GLN,43.97,-0.0510
HPr,hpr,2JEL,P,52,THR,45.63,0.0236
HPr,hpr,2JEL,P,53,LEU,47.71,0.1171
HPr,hpr,2JEL,P,54,GLY,60.57,0.6948
HPr,hpr,2JEL,P,55,LEU,58.45,0.5996
HPr,hpr,2JEL,P,56,THR,67.45,1.0039
HPr,hpr,2JEL,P,57,GLN,76.82,1.4249
HPr,hpr,2JEL,P,58,GLY,73.13,1.2591
HPr,hpr,2JEL,P,59,THR,59.61,0.6517
HPr,hpr,2JEL,P,60,VAL,48.98,0.1741
HPr,hpr,2JEL,P,61,VAL,39.01,-0.2738
HPr,hpr,2JEL,P,62,THR,35.80,-0.4180
HPr,hpr,2JEL,P,63,ILE,27.79,-0.7779
HPr,hpr,2JEL,P,64,SER,30.50,-0.6562
HPr,hpr,2JEL,P,65,ALA,23.74,-0.9599
HPr,hpr,2JEL,P,66,GLU,17.81,-1.2263
HPr,hpr,2JEL,P,67,GLY,22.24,-1.0273
HPr,hpr,2JEL,P,68,GLU,32.04,-0.5870
HPr,hpr,2JEL,P,69,ASP,25.43,-0.8839
HPr,hpr,2JEL,P,70,GLU,20.26,-1.1162
HPr,hpr,2JEL,P,71,GLN,18.03,-1.2164
HPr,hpr,2JEL,P,72,LYS,27.19,-0.8049
HPr,hpr,2JEL,P,73,ALA,25.65,-0.8741
HPr,hpr,2JEL,P,74,VAL,27.10,-0.8089
HPr,hpr,2JEL,P,75,GLU,28.94,-0.7262
HPr,hpr,2JEL,P,76,HIS,34.97,-0.4553
HPr,hpr,2JEL,P,77,LEU,34.09,-0.4949
HPr,hpr,2JEL,P,78,VAL,38.32,-0.3048
HPr,hpr,2JEL,P,79,LYS,44.98,-0.0056
HPr,hpr,2JEL,P,80,LEU,46.28,0.0528
HPr,hpr,2JEL,P,81,MET,61.67,0.7442
HPr,hpr,2JEL,P,82,ALA,74.69,1.3292
HPr,hpr,2JEL,P,83,GLU,88.36,1.9434
HPr,hpr,2JEL,P,84,LEU,96.02,2.2875
HPr,hpr,2JEL,P,85,GLU,99.12,2.4268
VEGF,vegf,1BJ1,V,14,VAL,38.36,0.0926
VEGF,vegf,1BJ1,V,15,VAL,28.76,-0.7548
VEGF,vegf,1BJ1,V,16,LYS,29.39,-0.6991
VEGF,vegf,1BJ1,V,17,PHE,30.93,-0.5632
VEGF,vegf,1BJ1,V,18,MET,31.60,-0.5041
VEGF,vegf,1BJ1,V,19,ASP,35.59,-0.1519
VEGF,vegf,1BJ1,V,20,VAL,27.70,-0.8483
VEGF,vegf,1BJ1,V,21,TYR,28.00,-0.8218
VEGF,vegf,1BJ1,V,22,GLN,35.77,-0.1360
VEGF,vegf,1BJ1,V,23,ARG,34.16,-0.2781
VEGF,vegf,1BJ1,V,24,SER,35.91,-0.1236
VEGF,vegf,1BJ1,V,25,TYR,37.26,-0.0045
VEGF,vegf,1BJ1,V,26,CYS,39.14,0.1615
VEGF,vegf,1BJ1,V,27,HIS,37.46,0.0132
VEGF,vegf,1BJ1,V,28,PRO,39.42,0.1862
VEGF,vegf,1BJ1,V,29,ILE,37.40,0.0079
VEGF,vegf,1BJ1,V,30,GLU,37.73,0.0370
VEGF,vegf,1BJ1,V,31,THR,39.19,0.1659
VEGF,vegf,1BJ1,V,32,LEU,44.40,0.6258
VEGF,vegf,1BJ1,V,33,VAL,44.40,0.6258
VEGF,vegf,1BJ1,V,34,ASP,48.44,0.9824
VEGF,vegf,1BJ1,V,35,ILE,40.01,0.2383
VEGF,vegf,1BJ1,V,36,PHE,53.09,1.3928
VEGF,vegf,1BJ1,V,37,GLN,60.99,2.0901
VEGF,vegf,1BJ1,V,38,GLU,59.92,1.9957
VEGF,vegf,1BJ1,V,39,TYR,54.63,1.5288
VEGF,vegf,1BJ1,V,40,PRO,57.37,1.7706
VEGF,vegf,1BJ1,V,41,ASP,67.82,2.6930
VEGF,vegf,1BJ1,V,42,GLU,62.29,2.2049
VEGF,vegf,1BJ1,V,43,ILE,64.17,2.3708
VEGF,vegf,1BJ1,V,44,GLU,56.81,1.7212
VEGF,vegf,1BJ1,V,45,TYR,41.65,0.3830
VEGF,vegf,1BJ1,V,46,ILE,30.09,-0.6374
VEGF,vegf,1BJ1,V,47,PHE,24.54,-1.1272
VEGF,vegf,1BJ1,V,48,LYS,27.29,-0.8845
VEGF,vegf,1BJ1,V,49,PRO,25.13,-1.0752
VEGF,vegf,1BJ1,V,50,SER,28.15,-0.8086
VEGF,vegf,1BJ1,V,51,CYS,27.77,-0.8421
VEGF,vegf,1BJ1,V,52,VAL,28.10,-0.8130
VEGF,vegf,1BJ1,V,53,PRO,31.52,-0.5111
VEGF,vegf,1BJ1,V,54,LEU,32.95,-0.3849
VEGF,vegf,1BJ1,V,55,MET,32.35,-0.4379
VEGF,vegf,1BJ1,V,56,ARG,35.48,-0.1616
VEGF,vegf,1BJ1,V,57,CYS,46.27,0.7908
VEGF,vegf,1BJ1,V,58,GLY,45.13,0.6902
VEGF,vegf,1BJ1,V,59,GLY,42.42,0.4510
VEGF,vegf,1BJ1,V,60,CYS,40.45,0.2771
VEGF,vegf,1BJ1,V,61,CYS,40.31,0.2647
VEGF,vegf,1BJ1,V,62,ASN,41.44,0.3645
VEGF,vegf,1BJ1,V,63,ASP,52.43,1.3346
VEGF,vegf,1BJ1,V,64,GLU,64.59,2.4079
VEGF,vegf,1BJ1,V,65,GLY,50.29,1.1457
VEGF,vegf,1BJ1,V,66,LEU,39.76,0.2162
VEGF,vegf,1BJ1,V,67,GLU,41.60,0.3786
VEGF,vegf,1BJ1,V,68,CYS,44.13,0.6019
VEGF,vegf,1BJ1,V,69,VAL,38.32,0.0891
VEGF,vegf,1BJ1,V,70,PRO,40.24,0.2586
VEGF,vegf,1BJ1,V,71,THR,46.85,0.8420
VEGF,vegf,1BJ1,V,72,GLU,55.05,1.5658
VEGF,vegf,1BJ1,V,73,GLU,55.10,1.5702
VEGF,vegf,1BJ1,V,74,SER,49.53,1.0786
VEGF,vegf,1BJ1,V,75,ASN,45.60,0.7317
VEGF,vegf,1BJ1,V,76,ILE,33.94,-0.2975
VEGF,vegf,1BJ1,V,77,THR,36.44,-0.0768
VEGF,vegf,1BJ1,V,78,MET,32.11,-0.4591
VEGF,vegf,1BJ1,V,79,GLN,19.37,-1.5836
VEGF,vegf,1BJ1,V,80,ILE,22.93,-1.2694
VEGF,vegf,1BJ1,V,81,MET,22.98,-1.2649
VEGF,vegf,1BJ1,V,82,ARG,24.52,-1.1290
VEGF,vegf,1BJ1,V,83,ILE,20.74,-1.4627
VEGF,vegf,1BJ1,V,84,LYS,23.18,-1.2473
VEGF,vegf,1BJ1,V,85,PRO,29.09,-0.7256
VEGF,vegf,1BJ1,V,86,HIS,27.62,-0.8554
VEGF,vegf,1BJ1,V,87,GLN,15.81,-1.8978
VEGF,vegf,1BJ1,V,88,GLY,10.85,-2.3356
VEGF,vegf,1BJ1,V,89,GLN,14.37,-2.0249
VEGF,vegf,1BJ1,V,90,HIS,15.97,-1.8837
VEGF,vegf,1BJ1,V,91,ILE,21.83,-1.3665
VEGF,vegf,1BJ1,V,92,GLY,30.04,-0.6418
VEGF,vegf,1BJ1,V,93,GLU,24.81,-1.1034
VEGF,vegf,1BJ1,V,94,MET,28.23,-0.8015
VEGF,vegf,1BJ1,V,95,SER,37.37,0.0052
VEGF,vegf,1BJ1,V,96,PHE,32.69,-0.4079
VEGF,vegf,1BJ1,V,97,LEU,34.87,-0.2154
VEGF,vegf,1BJ1,V,98,GLN,34.83,-0.2190
VEGF,vegf,1BJ1,V,99,HIS,36.30,-0.0892
VEGF,vegf,1BJ1,V,100,ASN,43.00,0.5022
VEGF,vegf,1BJ1,V,101,LYS,39.77,0.2171
VEGF,vegf,1BJ1,V,102,CYS,44.22,0.6099
VEGF,vegf,1BJ1,V,103,GLU,47.71,0.9179
VEGF,vegf,1BJ1,V,104,CYS,39.12,0.1597
VEGF,vegf,1BJ1,V,105,ARG,37.62,0.0273
VEGF,vegf,1BJ1,V,106,PRO,39.23,0.1694
VEGF,vegf,1BJ1,V,107,LYS,42.75,0.4801
VEGF,vegf,1BJ1,W,14,VAL,42.48,0.4563
VEGF,vegf,1BJ1,W,15,VAL,30.07,-0.6391
VEGF,vegf,1BJ1,W,16,LYS,29.34,-0.7036
VEGF,vegf,1BJ1,W,17,PHE,28.13,-0.8104
VEGF,vegf,1BJ1,W,18,MET,34.94,-0.2093
VEGF,vegf,1BJ1,W,19,ASP,41.32,0.3539
VEGF,vegf,1BJ1,W,20,VAL,38.67,0.1200
VEGF,vegf,1BJ1,W,21,TYR,35.40,-0.1686
VEGF,vegf,1BJ1,W,22,GLN,41.34,0.3557
VEGF,vegf,1BJ1,W,23,ARG,38.21,0.0794
VEGF,vegf,1BJ1,W,24,SER,38.55,0.1094
VEGF,vegf,1BJ1,W,25,TYR,42.74,0.4792
VEGF,vegf,1BJ1,W,26,CYS,38.56,0.1103
VEGF,vegf,1BJ1,W,27,HIS,35.92,-0.1227
VEGF,vegf,1BJ1,W,28,PRO,38.35,0.0917
VEGF,vegf,1BJ1,W,29,ILE,43.76,0.5693
VEGF,vegf,1BJ1,W,30,GLU,40.39,0.2718
VEGF,vegf,1BJ1,W,31,THR,33.72,-0.3169
VEGF,vegf,1BJ1,W,32,LEU,35.45,-0.1642
VEGF,vegf,1BJ1,W,33,VAL,31.30,-0.5306
VEGF,vegf,1BJ1,W,34,ASP,40.39,0.2718
VEGF,vegf,1BJ1,W,35,ILE,34.74,-0.2269
VEGF,vegf,1BJ1,W,36,PHE,49.93,1.1139
VEGF,vegf,1BJ1,W,37,GLN,58.20,1.8439
VEGF,vegf,1BJ1,W,38,GLU,48.77,1.0115
VEGF,vegf,1BJ1,W,39,TYR,45.78,0.7476
VEGF,vegf,1BJ1,W,40,PRO,50.86,1.1960
VEGF,vegf,1BJ1,W,41,ASP,58.70,1.8880
VEGF,vegf,1BJ1,W,42,GLU,54.59,1.5252
VEGF,vegf,1BJ1,W,43,ILE,59.15,1.9277
VEGF,vegf,1BJ1,W,44,GLU,56.10,1.6585
VEGF,vegf,1BJ1,W,45,TYR,31.83,-0.4838
VEGF,vegf,1BJ1,W,46,ILE,22.91,-1.2711
VEGF,vegf,1BJ1,W,47,PHE,22.53,-1.3047
VEGF,vegf,1BJ1,W,48,LYS,23.74,-1.1979
VEGF,vegf,1BJ1,W,49,PRO,28.79,-0.7521
VEGF,vegf,1BJ1,W,50,SER,28.42,-0.7848
VEGF,vegf,1BJ1,W,51,CYS,26.65,-0.9410
VEGF,vegf,1BJ1,W,52,VAL,30.79,-0.5756
VEGF,vegf,1BJ1,W,53,PRO,34.22,-0.2728
VEGF,vegf,1BJ1,W,54,LEU,29.13,-0.7221
VEGF,vegf,1BJ1,W,55,MET,30.99,-0.5579
VEGF,vegf,1BJ1,W,56,ARG,32.13,-0.4573
VEGF,vegf,1BJ1,W,57,CYS,40.12,0.2480
VEGF,vegf,1BJ1,W,58,GLY,44.53,0.6372
VEGF,vegf,1BJ1,W,59,GLY,43.44,0.5410
VEGF,vegf,1BJ1,W,60,CYS,41.09,0.3336
VEGF,vegf,1BJ1,W,61,CYS,47.13,0.8667
VEGF,vegf,1BJ1,W,62,ASN,51.36,1.2401
VEGF,vegf,1BJ1,W,63,ASP,54.91,1.5535
VEGF,vegf,1BJ1,W,64,GLU,61.86,2.1669
VEGF,vegf,1BJ1,W,65,GLY,48.39,0.9780
VEGF,vegf,1BJ1,W,66,LEU,38.57,0.1112
VEGF,vegf,1BJ1,W,67,GLU,43.32,0.5304
VEGF,vegf,1BJ1,W,68,CYS,42.46,0.4545
VEGF,vegf,1BJ1,W,69,VAL,35.85,-0.1289
VEGF,vegf,1BJ1,W,70,PRO,38.07,0.0670
VEGF,vegf,1BJ1,W,71,THR,42.96,0.4987
VEGF,vegf,1BJ1,W,72,GLU,50.04,1.1236
VEGF,vegf,1BJ1,W,73,GLU,49.76,1.0989
VEGF,vegf,1BJ1,W,74,SER,47.43,0.8932
VEGF,vegf,1BJ1,W,75,ASN,43.37,0.5349
VEGF,vegf,1BJ1,W,76,ILE,31.18,-0.5411
VEGF,vegf,1BJ1,W,77,THR,30.68,-0.5853
VEGF,vegf,1BJ1,W,78,MET,29.39,-0.6991
VEGF,vegf,1BJ1,W,79,GLN,23.66,-1.2049
VEGF,vegf,1BJ1,W,80,ILE,20.92,-1.4468
VEGF,vegf,1BJ1,W,81,MET,23.50,-1.2190
VEGF,vegf,1BJ1,W,82,ARG,25.33,-1.0575
VEGF,vegf,1BJ1,W,83,ILE,20.72,-1.4644
VEGF,vegf,1BJ1,W,84,LYS,24.35,-1.1440
VEGF,vegf,1BJ1,W,85,PRO,26.99,-0.9110
VEGF,vegf,1BJ1,W,86,HIS,23.86,-1.1873
VEGF,vegf,1BJ1,W,87,GLN,17.27,-1.7690
VEGF,vegf,1BJ1,W,88,GLY,12.43,-2.1962
VEGF,vegf,1BJ1,W,89,GLN,9.28,-2.4742
VEGF,vegf,1BJ1,W,90,HIS,17.08,-1.7857
VEGF,vegf,1BJ1,W,91,ILE,22.43,-1.3135
VEGF,vegf,1BJ1,W,92,GLY,32.44,-0.4299
VEGF,vegf,1BJ1,W,93,GLU,27.76,-0.8430
VEGF,vegf,1BJ1,W,94,MET,28.71,-0.7592
VEGF,vegf,1BJ1,W,95,SER,31.49,-0.5138
VEGF,vegf,1BJ1,W,96,PHE,32.68,-0.4087
VEGF,vegf,1BJ1,W,97,LEU,31.76,-0.4899
VEGF,vegf,1BJ1,W,98,GLN,33.05,-0.3761
VEGF,vegf,1BJ1,W,99,HIS,30.53,-0.5985
VEGF,vegf,1BJ1,W,100,ASN,46.18,0.7829
VEGF,vegf,1BJ1,W,101,LYS,39.97,0.2347
VEGF,vegf,1BJ1,W,102,CYS,44.25,0.6125
VEGF,vegf,1BJ1,W,103,GLU,44.02,0.5922
VEGF,vegf,1BJ1,W,104,CYS,42.82,0.4863
VEGF,vegf,1BJ1,W,105,ARG,40.19,0.2542
VEGF,vegf,1BJ1,W,106,PRO,45.52,0.7246
VEGF,vegf,1BJ1,W,107,LYS,54.37,1.5058
Bont/A1,bonta1,2NYY,A,872,ASN,11.75,0.3350
Bont/A1,bonta1,2NYY,A,873,ILE,10.21,0.0889
Bont/A1,bonta1,2NYY,A,874,ILE,9.32,-0.0533
Bont/A1,bonta1,2NYY,A,875,ASN,7.83,-0.2914
Bont/A1,bonta1,2NYY,A,876,THR,6.48,-0.5071
Bont/A1,bonta1,2NYY,A,877,SER,4.77,-0.7803
Bont/A1,bonta1,2NYY,A,878,ILE,4.73,-0.7867
Bont/A1,bonta1,2NYY,A,879,LEU,5.18,-0.7148
Bont/A1,bonta1,2NYY,A,880,ASN,4.25,-0.8634
Bont/A1,bonta1,2NYY,A,881,LEU,4.90,-0.7596
Bont/A1,bonta1,2NYY,A,882,ARG,4.58,-0.8107
Bont/A1,bonta1,2NYY,A,883,TYR,4.54,-0.8171
Bont/A1,bonta1,2NYY,A,884,GLU,5.43,-0.6749
Bont/A1,bonta1,2NYY,A,885,SER,5.08,-0.7308
Bont/A1,bonta1,2NYY,A,886,ASN,5.42,-0.6765
Bont/A1,bonta1,2NYY,A,887,HIS,5.75,-0.6237
Bont/A1,bonta1,2NYY,A,888,LEU,6.01,-0.5822
Bont/A1,bonta1,2NYY,A,889,ILE,5.54,-0.6573
Bont/A1,bonta1,2NYY,A,890,ASP,5.01,-0.7420
Bont/A1,bonta1,2NYY,A,891,LEU,4.56,-0.8139
Bont/A1,bonta1,2NYY,A,892,SER,5.47,-0.6685
Bont/A1,bonta1,2NYY,A,893,ARG,5.27,-0.7004
Bont/A1,bonta1,2NYY,A,894,TYR,4.73,-0.7867
Bont/A1,bonta1,2NYY,A,895,ALA,4.58,-0.8107
Bont/A1,bonta1,2NYY,A,896,SER,5.18,-0.7148
Bont/A1,bonta1,2NYY,A,897,LYS,5.65,-0.6397
Bont/A1,bonta1,2NYY,A,898,ILE,4.22,-0.8682
Bont/A1,bonta1,2NYY,A,899,ASN,5.46,-0.6701
Bont/A1,bonta1,2NYY,A,900,ILE,5.85,-0.6078
Bont/A1,bonta1,2NYY,A,901,GLY,6.22,-0.5486
Bont/A1,bonta1,2NYY,A,902,SER,6.48,-0.5071
Bont/A1,bonta1,2NYY,A,903,LYS,5.89,-0.6014
Bont/A1,bonta1,2NYY,A,904,VAL,5.32,-0.6924
Bont/A1,bonta1,2NYY,A,905,ASN,6.90,-0.4400
Bont/A1,bonta1,2NYY,A,906,PHE,5.61,-0.6461
Bont/A1,bonta1,2NYY,A,907,ASP,5.87,-0.6046
Bont/A1,bonta1,2NYY,A,908,PRO,5.53,-0.6589
Bont/A1,bonta1,2NYY,A,909,ILE,6.58,-0.4911
Bont/A1,bonta1,2NYY,A,910,ASP,6.84,-0.4496
Bont/A1,bonta1,2NYY,A,911,LYS,6.71,-0.4703
Bont/A1,bonta1,2NYY,A,912,ASN,4.83,-0.7707
Bont/A1,bonta1,2NYY,A,913,GLN,5.42,-0.6765
Bont/A1,bonta1,2NYY,A,914,ILE,4.66,-0.7979
Bont/A1,bonta1,2NYY,A,915,GLN,3.09,-1.0488
Bont/A1,bonta1,2NYY,A,916,LEU,2.06,-1.2133
Bont/A1,bonta1,2NYY,A,917,PHE,2.00,-1.2229
Bont/A1,bonta1,2NYY,A,918,ASN,3.63,-0.9625
Bont/A1,bonta1,2NYY,A,919,LEU,5.41,-0.6781
Bont/A1,bonta1,2NYY,A,920,GLU,6.51,-0.5023
Bont/A1,bonta1,2NYY,A,921,SER,7.53,-0.3393
Bont/A1,bonta1,2NYY,A,922,SER,7.59,-0.3297
Bont/A1,bonta1,2NYY,A,923,LYS,7.22,-0.3888
Bont/A1,bonta1,2NYY,A,924,ILE,6.18,-0.5550
Bont/A1,bonta1,2NYY,A,925,GLU,6.80,-0.4560
Bont/A1,bonta1,2NYY,A,926,VAL,3.16,-1.0376
Bont/A1,bonta1,2NYY,A,927,ILE,2.78,-1.0983
Bont/A1,bonta1,2NYY,A,928,LEU,3.86,-0.9257
Bont/A1,bonta1,2NYY,A,929,LYS,5.07,-0.7324
Bont/A1,bonta1,2NYY,A,930,ASN,6.06,-0.5742
Bont/A1,bonta1,2NYY,A,931,ALA,5.08,-0.7308
Bont/A1,bonta1,2NYY,A,932,ILE,3.98,-0.9066
Bont/A1,bonta1,2NYY,A,933,VAL,3.57,-0.9721
Bont/A1,bonta1,2NYY,A,934,TYR,3.18,-1.0344
Bont/A1,bonta1,2NYY,A,935,ASN,6.15,-0.5598
Bont/A1,bonta1,2NYY,A,936,SER,7.95,-0.2722
Bont/A1,bonta1,2NYY,A,937,MET,11.31,0.2647
Bont/A1,bonta1,2NYY,A,938,TYR,10.57,0.1464
Bont/A1,bonta1,2NYY,A,939,GLU,12.37,0.4341
Bont/A1,bonta1,2NYY,A,940,ASN,9.43,-0.0357
Bont/A1,bonta1,2NYY,A,941,PHE,4.48,-0.8267
Bont/A1,bonta1,2NYY,A,942,SER,2.85,-1.0871
Bont/A1,bonta1,2NYY,A,943,THR,3.02,-1.0600
Bont/A1,bonta1,2NYY,A,944,SER,2.87,-1.0839
Bont/A1,bonta1,2NYY,A,945,PHE,3.05,-1.0552
Bont/A1,bonta1,2NYY,A,946,TRP,4.46,-0.8299
Bont/A1,bonta1,2NYY,A,947,ILE,4.84,-0.7691
Bont/A1,bonta1,2NYY,A,948,ARG,4.77,-0.7803
Bont/A1,bonta1,2NYY,A,949,ILE,2.57,-1.1319
Bont/A1,bonta1,2NYY,A,950,PRO,2.43,-1.1542
Bont/A1,bonta1,2NYY,A,951,LYS,3.35,-1.0072
Bont/A1,bonta1,2NYY,A,952,TYR,3.83,-0.9305
Bont/A1,bonta1,2NYY,A,953,PHE,2.19,-1.1926
Bont/A1,bonta1,2NYY,A,954,ASN,4.27,-0.8602
Bont/A1,bonta1,2NYY,A,955,SER,6.64,-0.4815
Bont/A1,bonta1,2NYY,A,956,ILE,6.92,-0.4368
Bont/A1,bonta1,2NYY,A,957,SER,5.94,-0.5934
Bont/A1,bonta1,2NYY,A,958,LEU,5.09,-0.7292
Bont/A1,bonta1,2NYY,A,959,ASN,3.46,-0.9896
Bont/A1,bonta1,2NYY,A,960,ASN,3.69,-0.9529
Bont/A1,bonta1,2NYY,A,961,GLU,3.66,-0.9577
Bont/A1,bonta1,2NYY,A,962,TYR,3.41,-0.9976
Bont/A1,bonta1,2NYY,A,963,THR,3.70,-0.9513
Bont/A1,bonta1,2NYY,A,964,ILE,2.79,-1.0967
Bont/A1,bonta1,2NYY,A,965,ILE,3.63,-0.9625
Bont/A1,bonta1,2NYY,A,966,ASN,4.49,-0.8251
Bont/A1,bonta1,2NYY,A,967,CYS,7.56,-0.3345
Bont/A1,bonta1,2NYY,A,968,MET,9.74,0.0138
Bont/A1,bonta1,2NYY,A,969,GLU,10.79,0.1816
Bont/A1,bonta1,2NYY,A,970,ASN,10.35,0.1113
Bont/A1,bonta1,2NYY,A,971,ASN,8.87,-0.1252
Bont/A1,bonta1,2NYY,A,972,SER,6.48,-0.5071
Bont/A1,bonta1,2NYY,A,973,GLY,3.59,-0.9689
Bont/A1,bonta1,2NYY,A,974,TRP,2.00,-1.2229
Bont/A1,bonta1,2NYY,A,975,LYS,2.60,-1.1271
Bont/A1,bonta1,2NYY,A,976,VAL,2.49,-1.1446
Bont/A1,bonta1,2NYY,A,977,SER,4.43,-0.8347
Bont/A1,bonta1,2NYY,A,978,LEU,4.49,-0.8251
Bont/A1,bonta1,2NYY,A,979,ASN,4.15,-0.8794
Bont/A1,bonta1,2NYY,A,980,TYR,4.88,-0.7627
Bont/A1,bonta1,2NYY,A,981,GLY,6.86,-0.4464
Bont/A1,bonta1,2NYY,A,982,GLU,8.63,-0.1635
Bont/A1,bonta1,2NYY,A,983,ILE,6.93,-0.4352
Bont/A1,bonta1,2NYY,A,984,ILE,5.93,-0.5950
Bont/A1,bonta1,2NYY,A,985,TRP,5.73,-0.6269
Bont/A1,bonta1,2NYY,A,986,THR,6.58,-0.4911
Bont/A1,bonta1,2NYY,A,987,LEU,8.17,-0.2370
Bont/A1,bonta1,2NYY,A,988,GLN,11.12,0.2343
Bont/A1,bonta1,2NYY,A,989,ASP,13.67,0.6418
Bont/A1,bonta1,2NYY,A,990,THR,15.08,0.8671
Bont/A1,bonta1,2NYY,A,991,GLN,16.37,1.0732
Bont/A1,bonta1,2NYY,A,992,GLU,16.61,1.1116
Bont/A1,bonta1,2NYY,A,993,ILE,14.74,0.8128
Bont/A1,bonta1,2NYY,A,994,LYS,12.08,0.3877
Bont/A1,bonta1,2NYY,A,995,GLN,8.81,-0.1348
Bont/A1,bonta1,2NYY,A,996,ARG,7.42,-0.3569
Bont/A1,bonta1,2NYY,A,997,VAL,4.49,-0.8251
Bont/A1,bonta1,2NYY,A,998,VAL,5.33,-0.6908
Bont/A1,bonta1,2NYY,A,999,PHE,5.20,-0.7116
Bont/A1,bonta1,2NYY,A,1000,LYS,6.08,-0.5710
Bont/A1,bonta1,2NYY,A,1001,TYR,6.00,-0.5838
Bont/A1,bonta1,2NYY,A,1002,SER,4.59,-0.8091
Bont/A1,bonta1,2NYY,A,1003,GLN,3.94,-0.9129
Bont/A1,bonta1,2NYY,A,1004,MET,3.82,-0.9321
Bont/A1,bonta1,2NYY,A,1005,ILE,2.72,-1.1079
Bont/A1,bonta1,2NYY,A,1006,ASN,3.10,-1.0472
Bont/A1,bonta1,2NYY,A,1007,ILE,2.00,-1.2229
Bont/A1,bonta1,2NYY,A,1008,SER,3.47,-0.9880
Bont/A1,bonta1,2NYY,A,1009,ASP,6.11,-0.5662
Bont/A1,bonta1,2NYY,A,1010,TYR,4.85,-0.7675
Bont/A1,bonta1,2NYY,A,1011,ILE,4.33,-0.8506
Bont/A1,bonta1,2NYY,A,1012,ASN,2.93,-1.0743
Bont/A1,bonta1,2NYY,A,1013,ARG,3.83,-0.9305
Bont/A1,bonta1,2NYY,A,1014,TRP,4.21,-0.8698
Bont/A1,bonta1,2NYY,A,1015,ILE,6.86,-0.4464
Bont/A1,bonta1,2NYY,A,1016,PHE,5.05,-0.7356
Bont/A1,bonta1,2NYY,A,1017,VAL,4.16,-0.8778
Bont/A1,bonta1,2NYY,A,1018,THR,4.47,-0.8283
Bont/A1,bonta1,2NYY,A,1019,ILE,5.35,-0.6876
Bont/A1,bonta1,2NYY,A,1020,THR,5.95,-0.5918
Bont/A1,bonta1,2NYY,A,1021,ASN,6.07,-0.5726
Bont/A1,bonta1,2NYY,A,1022,ASN,7.44,-0.3537
Bont/A1,bonta1,2NYY,A,1023,ARG,10.14,0.0777
Bont/A1,bonta1,2NYY,A,1024,LEU,11.07,0.2263
Bont/A1,bonta1,2NYY,A,1025,ASN,10.88,0.1960
Bont/A1,bonta1,2NYY,A,1026,ASN,8.62,-0.1651
Bont/A1,bonta1,2NYY,A,1027,SER,4.31,-0.8538
Bont/A1,bonta1,2NYY,A,1028,LYS,3.20,-1.0312
Bont/A1,bonta1,2NYY,A,1029,ILE,2.59,-1.1287
Bont/A1,bonta1,2NYY,A,1030,TYR,2.58,-1.1303
Bont/A1,bonta1,2NYY,A,1031,ILE,3.70,-0.9513
Bont/A1,bonta1,2NYY,A,1032,ASN,4.53,-0.8187
Bont/A1,bonta1,2NYY,A,1033,GLY,5.74,-0.6253
Bont/A1,bonta1,2NYY,A,1034,ARG,7.68,-0.3153
Bont/A1,bonta1,2NYY,A,1035,LEU,5.63,-0.6429
Bont/A1,bonta1,2NYY,A,1036,ILE,5.33,-0.6908
Bont/A1,bonta1,2NYY,A,1037,ASP,7.23,-0.3872
Bont/A1,bonta1,2NYY,A,1038,GLN,6.70,-0.4719
Bont/A1,bonta1,2NYY,A,1039,LYS,5.67,-0.6365
Bont/A1,bonta1,2NYY,A,1040,PRO,4.62,-0.8043
Bont/A1,bonta1,2NYY,A,1041,ILE,5.40,-0.6797
Bont/A1,bonta1,2NYY,A,1042,SER,9.25,-0.0645
Bont/A1,bonta1,2NYY,A,1043,ASN,13.30,0.5827
Bont/A1,bonta1,2NYY,A,1044,LEU,16.22,1.0492
Bont/A1,bonta1,2NYY,A,1045,GLY,17.44,1.2442
Bont/A1,bonta1,2NYY,A,1046,ASN,17.46,1.2474
Bont/A1,bonta1,2NYY,A,1047,ILE,16.15,1.0381
Bont/A1,bonta1,2NYY,A,1048,HIS,14.54,0.7808
Bont/A1,bonta1,2NYY,A,1049,ALA,10.46,0.1289
Bont/A1,bonta1,2NYY,A,1050,SER,8.51,-0.1827
Bont/A1,bonta1,2NYY,A,1051,ASN,8.51,-0.1827
Bont/A1,bonta1,2NYY,A,1052,ASN,7.51,-0.3425
Bont/A1,bonta1,2NYY,A,1053,ILE,5.20,-0.7116
Bont/A1,bonta1,2NYY,A,1054,MET,5.46,-0.6701
Bont/A1,bonta1,2NYY,A,1055,PHE,3.62,-0.9641
Bont/A1,bonta1,2NYY,A,1056,LYS,3.60,-0.9673
Bont/A1,bonta1,2NYY,A,1057,LEU,5.72,-0.6285
Bont/A1,bonta1,2NYY,A,1058,ASP,5.88,-0.6030
Bont/A1,bonta1,2NYY,A,1059,GLY,4.79,-0.7771
Bont/A1,bonta1,2NYY,A,1060,CYS,3.00,-1.0631
Bont/A1,bonta1,2NYY,A,1061,ARG,2.41,-1.1574
Bont/A1,bonta1,2NYY,A,1062,ASP,3.18,-1.0344
Bont/A1,bonta1,2NYY,A,1063,THR,4.68,-0.7947
Bont/A1,bonta1,2NYY,A,1064,HIS,4.52,-0.8203
Bont/A1,bonta1,2NYY,A,1065,ARG,4.44,-0.8331
Bont/A1,bonta1,2NYY,A,1066,TYR,4.19,-0.8730
Bont/A1,bonta1,2NYY,A,1067,ILE,4.41,-0.8378
Bont/A1,bonta1,2NYY,A,1068,TRP,5.33,-0.6908
Bont/A1,bonta1,2NYY,A,1069,ILE,5.47,-0.6685
Bont/A1,bonta1,2NYY,A,1070,LYS,4.67,-0.7963
Bont/A1,bonta1,2NYY,A,1071,TYR,3.64,-0.9609
Bont/A1,bonta1,2NYY,A,1072,PHE,2.84,-1.0887
Bont/A1,bonta1,2NYY,A,1073,ASN,2.00,-1.2229
Bont/A1,bonta1,2NYY,A,1074,LEU,2.00,-1.2229
Bont/A1,bonta1,2NYY,A,1075,PHE,2.00,-1.2229
Bont/A1,bonta1,2NYY,A,1076,ASP,3.83,-0.9305
Bont/A1,bonta1,2NYY,A,1077,LYS,5.97,-0.5886
Bont/A1,bonta1,2NYY,A,1078,GLU,6.66,-0.4783
Bont/A1,bonta1,2NYY,A,1079,LEU,6.50,-0.5039
Bont/A1,bonta1,2NYY,A,1080,ASN,7.47,-0.3489
Bont/A1,bonta1,2NYY,A,1081,GLU,10.76,0.1768
Bont/A1,bonta1,2NYY,A,1082,LYS,11.83,0.3478
Bont/A1,bonta1,2NYY,A,1083,GLU,11.35,0.2711
Bont/A1,bonta1,2NYY,A,1084,ILE,11.62,0.3142
Bont/A1,bonta1,2NYY,A,1085,LYS,12.64,0.4772
Bont/A1,bonta1,2NYY,A,1086,ASP,12.66,0.4804
Bont/A1,bonta1,2NYY,A,1087,LEU,12.26,0.4165
Bont/A1,bonta1,2NYY,A,1088,TYR,14.37,0.7536
Bont/A1,bonta1,2NYY,A,1089,ASP,17.88,1.3145
Bont/A1,bonta1,2NYY,A,1090,ASN,18.85,1.4695
Bont/A1,bonta1,2NYY,A,1091,GLN,17.98,1.3305
Bont/A1,bonta1,2NYY,A,1092,SER,20.08,1.6660
Bont/A1,bonta1,2NYY,A,1093,ASN,18.69,1.4439
Bont/A1,bonta1,2NYY,A,1094,SER,14.49,0.7728
Bont/A1,bonta1,2NYY,A,1095,GLY,11.40,0.2791
Bont/A1,bonta1,2NYY,A,1096,ILE,8.66,-0.1587
Bont/A1,bonta1,2NYY,A,1097,LEU,7.67,-0.3169
Bont/A1,bonta1,2NYY,A,1098,LYS,8.70,-0.1524
Bont/A1,bonta1,2NYY,A,1099,ASP,7.59,-0.3297
Bont/A1,bonta1,2NYY,A,1100,PHE,5.67,-0.6365
Bont/A1,bonta1,2NYY,A,1101,TRP,4.12,-0.8842
Bont/A1,bonta1,2NYY,A,1102,GLY,5.25,-0.7036
Bont/A1,bonta1,2NYY,A,1103,ASP,6.68,-0.4751
Bont/A1,bonta1,2NYY,A,1104,TYR,7.41,-0.3585
Bont/A1,bonta1,2NYY,A,1105,LEU,6.32,-0.5327
Bont/A1,bonta1,2NYY,A,1106,GLN,6.30,-0.5358
Bont/A1,bonta1,2NYY,A,1107,TYR,6.82,-0.4528
Bont/A1,bonta1,2NYY,A,1108,ASP,9.32,-0.0533
Bont/A1,bonta1,2NYY,A,1109,LYS,7.73,-0.3074
Bont/A1,bonta1,2NYY,A,1110,PRO,5.73,-0.6269
Bont/A1,bonta1,2NYY,A,1111,TYR,4.89,-0.7611
Bont/A1,bonta1,2NYY,A,1112,TYR,3.54,-0.9769
Bont/A1,bonta1,2NYY,A,1113,MET,3.95,-0.9113
Bont/A1,bonta1,2NYY,A,1114,LEU,3.65,-0.9593
Bont/A1,bonta1,2NYY,A,1115,ASN,4.94,-0.7532
Bont/A1,bonta1,2NYY,A,1116,LEU,6.31,-0.5342
Bont/A1,bonta1,2NYY,A,1117,TYR,7.12,-0.4048
Bont/A1,bonta1,2NYY,A,1118,ASP,9.18,-0.0757
Bont/A1,bonta1,2NYY,A,1119,PRO,9.91,0.0410
Bont/A1,bonta1,2NYY,A,1120,ASN,11.63,0.3158
Bont/A1,bonta1,2NYY,A,1121,LYS,11.21,0.2487
Bont/A1,bonta1,2NYY,A,1122,TYR,10.16,0.0809
Bont/A1,bonta1,2NYY,A,1123,VAL,10.58,0.1480
Bont/A1,bonta1,2NYY,A,1124,ASP,12.62,0.4740
Bont/A1,bonta1,2NYY,A,1125,VAL,13.76,0.6562
Bont/A1,bonta1,2NYY,A,1126,ASN,14.47,0.7696
Bont/A1,bonta1,2NYY,A,1127,ASN,15.12,0.8735
Bont/A1,bonta1,2NYY,A,1128,VAL,15.02,0.8575
Bont/A1,bonta1,2NYY,A,1129,GLY,14.63,0.7952
Bont/A1,bonta1,2NYY,A,1130,ILE,14.59,0.7888
Bont/A1,bonta1,2NYY,A,1131,ARG,13.87,0.6737
Bont/A1,bonta1,2NYY,A,1132,GLY,12.01,0.3765
Bont/A1,bonta1,2NYY,A,1133,TYR,9.94,0.0458
Bont/A1,bonta1,2NYY,A,1134,MET,9.51,-0.0229
Bont/A1,bonta1,2NYY,A,1135,TYR,7.88,-0.2834
Bont/A1,bonta1,2NYY,A,1136,LEU,6.71,-0.4703
Bont/A1,bonta1,2NYY,A,1137,LYS,8.54,-0.1779
Bont/A1,bonta1,2NYY,A,1138,GLY,8.84,-0.1300
Bont/A1,bonta1,2NYY,A,1139,PRO,8.82,-0.1332
Bont/A1,bonta1,2NYY,A,1140,ARG,9.38,-0.0437
Bont/A1,bonta1,2NYY,A,1141,GLY,10.71,0.1688
Bont/A1,bonta1,2NYY,A,1142,SER,9.83,0.0282
Bont/A1,bonta1,2NYY,A,1143,VAL,8.25,-0.2243
Bont/A1,bonta1,2NYY,A,1144,MET,10.11,0.0729
Bont/A1,bonta1,2NYY,A,1145,THR,5.98,-0.5870
Bont/A1,bonta1,2NYY,A,1146,THR,4.12,-0.8842
Bont/A1,bonta1,2NYY,A,1147,ASN,2.00,-1.2229
Bont/A1,bonta1,2NYY,A,1148,ILE,3.20,-1.0312
Bont/A1,bonta1,2NYY,A,1149,TYR,3.98,-0.9066
Bont/A1,bonta1,2NYY,A,1150,LEU,5.82,-0.6125
Bont/A1,bonta1,2NYY,A,1151,ASN,6.48,-0.5071
Bont/A1,bonta1,2NYY,A,1152,SER,6.58,-0.4911
Bont/A1,bonta1,2NYY,A,1153,SER,5.94,-0.5934
Bont/A1,bonta1,2NYY,A,1154,LEU,5.96,-0.5902
Bont/A1,bonta1,2NYY,A,1155,TYR,6.14,-0.5614
Bont/A1,bonta1,2NYY,A,1156,ARG,8.96,-0.1108
Bont/A1,bonta1,2NYY,A,1157,GLY,8.51,-0.1827
Bont/A1,bonta1,2NYY,A,1158,THR,9.14,-0.0820
Bont/A1,bonta1,2NYY,A,1159,LYS,8.40,-0.2003
Bont/A1,bonta1,2NYY,A,1160,PHE,7.11,-0.4064
Bont/A1,bonta1,2NYY,A,1161,ILE,6.40,-0.5199
Bont/A1,bonta1,2NYY,A,1162,ILE,6.34,-0.5295
Bont/A1,bonta1,2NYY,A,1163,LYS,8.33,-0.2115
Bont/A1,bonta1,2NYY,A,1164,LYS,12.74,0.4932
Bont/A1,bonta1,2NYY,A,1165,TYR,16.63,1.1148
Bont/A1,bonta1,2NYY,A,1166,ALA,21.72,1.9281
Bont/A1,bonta1,2NYY,A,1167,SER,24.35,2.3483
Bont/A1,bonta1,2NYY,A,1168,GLY,25.10,2.4682
Bont/A1,bonta1,2NYY,A,1169,ASN,23.64,2.2349
Bont/A1,bonta1,2NYY,A,1170,LYS,20.89,1.7955
Bont/A1,bonta1,2NYY,A,1171,ASP,17.41,1.2394
Bont/A1,bonta1,2NYY,A,1172,ASN,13.71,0.6482
Bont/A1,bonta1,2NYY,A,1173,ILE,9.42,-0.0373
Bont/A1,bonta1,2NYY,A,1174,VAL,7.44,-0.3537
Bont/A1,bonta1,2NYY,A,1175,ARG,7.01,-0.4224
Bont/A1,bonta1,2NYY,A,1176,ASN,8.55,-0.1763
Bont/A1,bonta1,2NYY,A,1177,ASN,10.96,0.2088
Bont/A1,bonta1,2NYY,A,1178,ASP,12.59,0.4692
Bont/A1,bonta1,2NYY,A,1179,ARG,15.45,0.9262
Bont/A1,bonta1,2NYY,A,1180,VAL,15.94,1.0045
Bont/A1,bonta1,2NYY,A,1181,TYR,16.89,1.1563
Bont/A1,bonta1,2NYY,A,1182,ILE,16.81,1.1435
Bont/A1,bonta1,2NYY,A,1183,ASN,17.29,1.2202
Bont/A1,bonta1,2NYY,A,1184,VAL,16.90,1.1579
Bont/A1,bonta1,2NYY,A,1185,VAL,16.83,1.1467
Bont/A1,bonta1,2NYY,A,1186,VAL,19.22,1.5286
Bont/A1,bonta1,2NYY,A,1187,LYS,21.95,1.9648
Bont/A1,bonta1,2NYY,A,1188,ASN,22.81,2.1023
Bont/A1,bonta1,2NYY,A,1189,LYS,21.60,1.9089
Bont/A1,bonta1,2NYY,A,1190,GLU,21.58,1.9057
Bont/A1,bonta1,2NYY,A,1191,TYR,20.06,1.6628
Bont/A1,bonta1,2NYY,A,1192,ARG,19.96,1.6469
Bont/A1,bonta1,2NYY,A,1193,LEU,20.04,1.6596
Bont/A1,bonta1,2NYY,A,1194,ALA,19.18,1.5222
Bont/A1,bonta1,2NYY,A,1195,THR,18.33,1.3864
Bont/A1,bonta1,2NYY,A,1196,ASN,18.01,1.3353
Bont/A1,bonta1,2NYY,A,1197,ALA,17.40,1.2378
Bont/A1,bonta1,2NYY,A,1198,SER,17.18,1.2026
Bont/A1,bonta1,2NYY,A,1199,GLN,16.73,1.1307
Bont/A1,bonta1,2NYY,A,1200,ALA,14.76,0.8160
Bont/A1,bonta1,2NYY,A,1201,GLY,12.81,0.5044
Bont/A1,bonta1,2NYY,A,1202,VAL,10.94,0.2056
Bont/A1,bonta1,2NYY,A,1203,GLU,10.44,0.1257
Bont/A1,bonta1,2NYY,A,1204,LYS,8.72,-0.1492
Bont/A1,bonta1,2NYY,A,1205,ILE,8.06,-0.2546
Bont/A1,bonta1,2NYY,A,1206,LEU,10.01,0.0570
Bont/A1,bonta1,2NYY,A,1207,SER,12.28,0.4197
Bont/A1,bonta1,2NYY,A,1208,ALA,13.45,0.6066
Bont/A1,bonta1,2NYY,A,1209,LEU,14.79,0.8208
Bont/A1,bonta1,2NYY,A,1210,GLU,16.53,1.0988
Bont/A1,bonta1,2NYY,A,1211,ILE,17.47,1.2490
Bont/A1,bonta1,2NYY,A,1212,PRO,17.53,1.2586
Bont/A1,bonta1,2NYY,A,1213,ASP,17.77,1.2969
Bont/A1,bonta1,2NYY,A,1214,VAL,17.97,1.3289
Bont/A1,bonta1,2NYY,A,1215,GLY,18.11,1.3512
Bont/A1,bonta1,2NYY,A,1216,ASN,17.80,1.3017
Bont/A1,bonta1,2NYY,A,1217,LEU,17.09,1.1883
Bont/A1,bonta1,2NYY,A,1218,SER,16.83,1.1467
Bont/A1,bonta1,2NYY,A,1219,GLN,16.49,1.0924
Bont/A1,bonta1,2NYY,A,1220,VAL,15.00,0.8543
Bont/A1,bonta1,2NYY,A,1221,VAL,14.05,0.7025
Bont/A1,bonta1,2NYY,A,1222,VAL,15.00,0.8543
Bont/A1,bonta1,2NYY,A,1223,MET,17.71,1.2873
Bont/A1,bonta1,2NYY,A,1224,LYS,20.32,1.7044
Bont/A1,bonta1,2NYY,A,1225,SER,23.26,2.1742
Bont/A1,bonta1,2NYY,A,1226,LYS,27.14,2.7941
Bont/A1,bonta1,2NYY,A,1227,ASN,29.89,3.2336
Bont/A1,bonta1,2NYY,A,1228,ASP,31.36,3.4684
Bont/A1,bonta1,2NYY,A,1229,GLN,31.15,3.4349
Bont/A1,bonta1,2NYY,A,1230,GLY,29.53,3.1760
Bont/A1,bonta1,2NYY,A,1231,ILE,27.50,2.8517
Bont/A1,bonta1,2NYY,A,1232,THR,25.44,2.5225
Bont/A1,bonta1,2NYY,A,1233,ASN,25.11,2.4698
Bont/A1,bonta1,2NYY,A,1234,LYS,23.37,2.1917
Bont/A1,bonta1,2NYY,A,1235,CYS,22.32,2.0240
Bont/A1,bonta1,2NYY,A,1236,LYS,20.94,1.8034
Bont/A1,bonta1,2NYY,A,1237,MET,20.12,1.6724
Bont/A1,bonta1,2NYY,A,1238,ASN,19.75,1.6133
Bont/A1,bonta1,2NYY,A,1239,LEU,19.30,1.5414
Bont/A1,bonta1,2NYY,A,1240,GLN,19.84,1.6277
Bont/A1,bonta1,2NYY,A,1241,ASP,20.25,1.6932
Bont/A1,bonta1,2NYY,A,1242,ASN,20.85,1.7891
Bont/A1,bonta1,2NYY,A,1243,ASN,20.56,1.7427
Bont/A1,bonta1,2NYY,A,1244,GLY,19.88,1.6341
Bont/A1,bonta1,2NYY,A,1245,ASN,18.50,1.4136
Bont/A1,bonta1,2NYY,A,1246,ASP,17.15,1.1979
Bont/A1,bonta1,2NYY,A,1247,ILE,14.77,0.8176
Bont/A1,bonta1,2NYY,A,1248,GLY,13.21,0.5683
Bont/A1,bonta1,2NYY,A,1249,PHE,12.32,0.4261
Bont/A1,bonta1,2NYY,A,1250,ILE,11.46,0.2887
Bont/A1,bonta1,2NYY,A,1251,GLY,11.94,0.3654
Bont/A1,bonta1,2NYY,A,1252,PHE,12.93,0.5235
Bont/A1,bonta1,2NYY,A,1253,HIS,17.51,1.2554
Bont/A1,bonta1,2NYY,A,1254,GLN,20.32,1.7044
Bont/A1,bonta1,2NYY,A,1255,PHE,21.99,1.9712
Bont/A1,bonta1,2NYY,A,1256,ASN,21.19,1.8434
Bont/A1,bonta1,2NYY,A,1257,ASN,19.12,1.5126
Bont/A1,bonta1,2NYY,A,1258,ILE,15.57,0.9454
Bont/A1,bonta1,2NYY,A,1259,ALA,10.47,0.1305
Bont/A1,bonta1,2NYY,A,1260,LYS,6.31,-0.5342
Bont/A1,bonta1,2NYY,A,1261,LEU,3.77,-0.9401
Bont/A1,bonta1,2NYY,A,1262,VAL,3.53,-0.9785
Bont/A1,bonta1,2NYY,A,1263,ALA,2.75,-1.1031
Bont/A1,bonta1,2NYY,A,1264,SER,3.43,-0.9944
Bont/A1,bonta1,2NYY,A,1265,ASN,4.16,-0.8778
Bont/A1,bonta1,2NYY,A,1266,TRP,2.03,-1.2181
Bont/A1,bonta1,2NYY,A,1267,TYR,3.34,-1.0088
Bont/A1,bonta1,2NYY,A,1268,ASN,4.66,-0.7979
Bont/A1,bonta1,2NYY,A,1269,ARG,8.74,-0.1460
Bont/A1,bonta1,2NYY,A,1270,GLN,11.26,0.2567
Bont/A1,bonta1,2NYY,A,1271,ILE,15.38,0.9150
Bont/A1,bonta1,2NYY,A,1272,GLU,19.21,1.5270
Bont/A1,bonta1,2NYY,A,1273,ARG,20.70,1.7651
Bont/A1,bonta1,2NYY,A,1274,SER,21.47,1.8881
Bont/A1,bonta1,2NYY,A,1275,SER,21.54,1.8993
Bont/A1,bonta1,2NYY,A,1276,ARG,20.35,1.7092
Bont/A1,bonta1,2NYY,A,1277,THR,16.06,1.0237
Bont/A1,bonta1,2NYY,A,1278,LEU,15.01,0.8559
Bont/A1,bonta1,2NYY,A,1279,GLY,14.62,0.7936
Bont/A1,bonta1,2NYY,A,1280,CYS,14.18,0.7233
Bont/A1,bonta1,2NYY,A,1281,SER,11.04,0.2215
Bont/A1,bonta1,2NYY,A,1282,TRP,7.86,-0.2866
Bont/A1,bonta1,2NYY,A,1283,GLU,5.46,-0.6701
Bont/A1,bonta1,2NYY,A,1284,PHE,4.53,-0.8187
Bont/A1,bonta1,2NYY,A,1285,ILE,4.00,-0.9034
Bont/A1,bonta1,2NYY,A,1286,PRO,4.21,-0.8698
Bont/A1,bonta1,2NYY,A,1287,VAL,4.30,-0.8554
Bont/A1,bonta1,2NYY,A,1288,ASP,6.26,-0.5422
Bont/A1,bonta1,2NYY,A,1289,ASP,6.27,-0.5406
Bont/A1,bonta1,2NYY,A,1290,GLY,5.54,-0.6573
Bont/A1,bonta1,2NYY,A,1291,TRP,6.07,-0.5726
Bont/A1,bonta1,2NYY,A,1292,GLY,7.91,-0.2786
Bont/A1,bonta1,2NYY,A,1293,GLU,11.99,0.3733
Bont/A1,bonta1,2NYY,A,1294,ARG,18.52,1.4168
Bont/A1,bonta1,2NYY,A,1295,PRO,20.96,1.8066
IFN-gamma receptor,ifngr,1JRH,I,11,SER,73.87,0.7442
IFN-gamma receptor,ifngr,1JRH,I,12,VAL,68.75,0.4156
IFN-gamma receptor,ifngr,1JRH,I,13,PRO,59.10,-0.2036
IFN-gamma receptor,ifngr,1JRH,I,14,THR,54.87,-0.4751
IFN-gamma receptor,ifngr,1JRH,I,15,PRO,48.37,-0.8922
IFN-gamma receptor,ifngr,1JRH,I,16,THR,50.81,-0.7356
IFN-gamma receptor,ifngr,1JRH,I,17,ASN,60.52,-0.1125
IFN-gamma receptor,ifngr,1JRH,I,18,VAL,59.29,-0.1914
IFN-gamma receptor,ifngr,1JRH,I,19,THR,60.71,-0.1003
IFN-gamma receptor,ifngr,1JRH,I,20,ILE,65.08,0.1801
IFN-gamma receptor,ifngr,1JRH,I,21,GLU,63.85,0.1012
IFN-gamma receptor,ifngr,1JRH,I,22,SER,73.27,0.7057
IFN-gamma receptor,ifngr,1JRH,I,23,TYR,103.44,2.6418
IFN-gamma receptor,ifngr,1JRH,I,24,ASN,108.40,2.9601
IFN-gamma receptor,ifngr,1JRH,I,25,MET,98.82,2.3453
IFN-gamma receptor,ifngr,1JRH,I,26,ASN,87.23,1.6015
IFN-gamma receptor,ifngr,1JRH,I,27,PRO,74.29,0.7712
IFN-gamma receptor,ifngr,1JRH,I,28,ILE,58.07,-0.2697
IFN-gamma receptor,ifngr,1JRH,I,29,VAL,55.81,-0.4147
IFN-gamma receptor,ifngr,1JRH,I,30,TYR,59.97,-0.1478
IFN-gamma receptor,ifngr,1JRH,I,31,TRP,57.80,-0.2870
IFN-gamma receptor,ifngr,1JRH,I,32,GLU,52.33,-0.6381
IFN-gamma receptor,ifngr,1JRH,I,33,TYR,53.05,-0.5919
IFN-gamma receptor,ifngr,1JRH,I,34,GLN,53.84,-0.5412
IFN-gamma receptor,ifngr,1JRH,I,35,ILE,48.57,-0.8794
IFN-gamma receptor,ifngr,1JRH,I,36,MET,57.65,-0.2967
IFN-gamma receptor,ifngr,1JRH,I,37,PRO,64.47,0.1410
IFN-gamma receptor,ifngr,1JRH,I,38,GLN,66.18,0.2507
IFN-gamma receptor,ifngr,1JRH,I,39,VAL,58.66,-0.2319
IFN-gamma receptor,ifngr,1JRH,I,40,PRO,58.51,-0.2415
IFN-gamma receptor,ifngr,1JRH,I,41,VAL,56.20,-0.3897
IFN-gamma receptor,ifngr,1JRH,I,42,PHE,48.00,-0.9159
IFN-gamma receptor,ifngr,1JRH,I,43,THR,50.90,-0.7298
IFN-gamma receptor,ifngr,1JRH,I,44,VAL,40.94,-1.3690
IFN-gamma receptor,ifngr,1JRH,I,45,GLU,45.69,-1.0642
IFN-gamma receptor,ifngr,1JRH,I,46,VAL,47.23,-0.9653
IFN-gamma receptor,ifngr,1JRH,I,47,LYS,46.76,-0.9955
IFN-gamma receptor,ifngr,1JRH,I,48,ASN,49.22,-0.8376
IFN-gamma receptor,ifngr,1JRH,I,49,TYR,37.68,-1.5782
IFN-gamma receptor,ifngr,1JRH,I,50,GLY,35.48,-1.7194
IFN-gamma receptor,ifngr,1JRH,I,51,VAL,39.66,-1.4511
IFN-gamma receptor,ifngr,1JRH,I,52,LYS,41.04,-1.3626
IFN-gamma receptor,ifngr,1JRH,I,53,ASN,46.39,-1.0193
IFN-gamma receptor,ifngr,1JRH,I,54,SER,52.01,-0.6586
IFN-gamma receptor,ifngr,1JRH,I,55,GLU,56.32,-0.3820
IFN-gamma receptor,ifngr,1JRH,I,56,TRP,61.17,-0.0708
IFN-gamma receptor,ifngr,1JRH,I,57,ILE,69.34,0.4535
IFN-gamma receptor,ifngr,1JRH,I,58,ASP,54.97,-0.4687
IFN-gamma receptor,ifngr,1JRH,I,59,ALA,53.87,-0.5392
IFN-gamma receptor,ifngr,1JRH,I,60,CYS,54.99,-0.4674
IFN-gamma receptor,ifngr,1JRH,I,61,ILE,67.66,0.3457
IFN-gamma receptor,ifngr,1JRH,I,62,ASN,77.36,0.9682
IFN-gamma receptor,ifngr,1JRH,I,63,ILE,64.15,0.1204
IFN-gamma receptor,ifngr,1JRH,I,64,SER,54.90,-0.4731
IFN-gamma receptor,ifngr,1JRH,I,65,HIS,57.62,-0.2986
IFN-gamma receptor,ifngr,1JRH,I,66,HIS,51.68,-0.6798
IFN-gamma receptor,ifngr,1JRH,I,67,TYR,57.77,-0.2890
IFN-gamma receptor,ifngr,1JRH,I,68,CYS,52.20,-0.6464
IFN-gamma receptor,ifngr,1JRH,I,69,ASN,55.23,-0.4520
IFN-gamma receptor,ifngr,1JRH,I,70,ILE,70.48,0.5267
IFN-gamma receptor,ifngr,1JRH,I,71,SER,77.01,0.9457
IFN-gamma receptor,ifngr,1JRH,I,72,ASP,76.51,0.9136
IFN-gamma receptor,ifngr,1JRH,I,73,HIS,78.20,1.0221
IFN-gamma receptor,ifngr,1JRH,I,74,VAL,83.32,1.3506
IFN-gamma receptor,ifngr,1JRH,I,75,GLY,83.44,1.3583
IFN-gamma receptor,ifngr,1JRH,I,76,ASP,78.34,1.0311
IFN-gamma receptor,ifngr,1JRH,I,77,PRO,73.09,0.6941
IFN-gamma receptor,ifngr,1JRH,I,78,SER,70.99,0.5594
IFN-gamma receptor,ifngr,1JRH,I,79,ASN,57.97,-0.2761
IFN-gamma receptor,ifngr,1JRH,I,80,SER,56.43,-0.3750
IFN-gamma receptor,ifngr,1JRH,I,81,LEU,58.36,-0.2511
IFN-gamma receptor,ifngr,1JRH,I,82,TRP,55.77,-0.4173
IFN-gamma receptor,ifngr,1JRH,I,83,VAL,43.18,-1.2252
IFN-gamma receptor,ifngr,1JRH,I,84,ARG,45.34,-1.0866
IFN-gamma receptor,ifngr,1JRH,I,85,VAL,44.58,-1.1354
IFN-gamma receptor,ifngr,1JRH,I,86,LYS,47.64,-0.9390
IFN-gamma receptor,ifngr,1JRH,I,87,ALA,55.08,-0.4616
IFN-gamma receptor,ifngr,1JRH,I,88,ARG,68.89,0.4246
IFN-gamma receptor,ifngr,1JRH,I,89,VAL,71.04,0.5626
IFN-gamma receptor,ifngr,1JRH,I,90,GLY,74.71,0.7981
IFN-gamma receptor,ifngr,1JRH,I,91,GLN,79.39,1.0984
IFN-gamma receptor,ifngr,1JRH,I,92,LYS,68.46,0.3970
IFN-gamma receptor,ifngr,1JRH,I,93,GLU,54.41,-0.5046
IFN-gamma receptor,ifngr,1JRH,I,94,SER,57.29,-0.3198
IFN-gamma receptor,ifngr,1JRH,I,95,ALA,46.87,-0.9885
IFN-gamma receptor,ifngr,1JRH,I,96,TYR,45.85,-1.0539
IFN-gamma receptor,ifngr,1JRH,I,97,ALA,52.42,-0.6323
IFN-gamma receptor,ifngr,1JRH,I,98,LYS,59.26,-0.1934
IFN-gamma receptor,ifngr,1JRH,I,99,SER,61.89,-0.0246
IFN-gamma receptor,ifngr,1JRH,I,100,GLU,73.44,0.7166
IFN-gamma receptor,ifngr,1JRH,I,101,GLU,71.59,0.5979
IFN-gamma receptor,ifngr,1JRH,I,102,PHE,84.47,1.4244
IFN-gamma receptor,ifngr,1JRH,I,103,ALA,90.69,1.8236
IFN-gamma receptor,ifngr,1JRH,I,104,VAL,106.81,2.8580
IFN-gamma receptor,ifngr,1JRH,I,105,SER,110.72,3.1090
Tissue factor,tf,1AHW,C,4,THR,83.68,2.1378
Tissue factor,tf,1AHW,C,5,ASN,82.79,2.1010
Tissue factor,tf,1AHW,C,6,THR,68.82,1.5238
Tissue factor,tf,1AHW,C,7,VAL,47.37,0.6375
Tissue factor,tf,1AHW,C,8,ALA,59.35,1.1325
Tissue factor,tf,1AHW,C,9,ALA,42.17,0.4227
Tissue factor,tf,1AHW,C,10,TYR,69.56,1.5544
Tissue factor,tf,1AHW,C,11,ASN,32.25,0.0128
Tissue factor,tf,1AHW,C,12,LEU,29.25,-0.1112
Tissue factor,tf,1AHW,C,13,THR,12.01,-0.8235
Tissue factor,tf,1AHW,C,14,TRP,25.76,-0.2554
Tissue factor,tf,1AHW,C,15,LYS,32.50,0.0231
Tissue factor,tf,1AHW,C,16,SER,46.03,0.5822
Tissue factor,tf,1AHW,C,17,THR,5.55,-1.0904
Tissue factor,tf,1AHW,C,18,ASN,2.48,-1.2173
Tissue factor,tf,1AHW,C,19,PHE,53.85,0.9053
Tissue factor,tf,1AHW,C,20,LYS,54.84,0.9462
Tissue factor,tf,1AHW,C,21,THR,13.10,-0.7785
Tissue factor,tf,1AHW,C,22,ILE,2.48,-1.2173
Tissue factor,tf,1AHW,C,23,LEU,15.33,-0.6863
Tissue factor,tf,1AHW,C,24,GLU,27.87,-0.1682
Tissue factor,tf,1AHW,C,25,TRP,62.64,1.2685
Tissue factor,tf,1AHW,C,26,GLU,41.47,0.3937
Tissue factor,tf,1AHW,C,27,PRO,43.40,0.4735
Tissue factor,tf,1AHW,C,28,LYS,50.37,0.7615
Tissue factor,tf,1AHW,C,29,PRO,73.15,1.7027
Tissue factor,tf,1AHW,C,30,VAL,86.05,2.2357
Tissue factor,tf,1AHW,C,31,ASN,51.82,0.8214
Tissue factor,tf,1AHW,C,32,GLN,36.36,0.1826
Tissue factor,tf,1AHW,C,33,VAL,48.03,0.6648
Tissue factor,tf,1AHW,C,34,TYR,24.78,-0.2959
Tissue factor,tf,1AHW,C,35,THR,30.23,-0.0707
Tissue factor,tf,1AHW,C,36,VAL,46.96,0.6206
Tissue factor,tf,1AHW,C,37,GLN,16.06,-0.6562
Tissue factor,tf,1AHW,C,38,ILE,11.87,-0.8293
Tissue factor,tf,1AHW,C,39,SER,35.76,0.1578
Tissue factor,tf,1AHW,C,40,THR,55.96,0.9925
Tissue factor,tf,1AHW,C,41,LYS,75.64,1.8056
Tissue factor,tf,1AHW,C,42,SER,94.57,2.5878
Tissue factor,tf,1AHW,C,43,GLY,110.71,3.2547
Tissue factor,tf,1AHW,C,44,ASP,61.11,1.2052
Tissue factor,tf,1AHW,C,45,TRP,44.76,0.5297
Tissue factor,tf,1AHW,C,46,LYS,35.67,0.1541
Tissue factor,tf,1AHW,C,47,SER,68.24,1.4999
Tissue factor,tf,1AHW,C,48,LYS,19.44,-0.5165
Tissue factor,tf,1AHW,C,49,CYS,9.93,-0.9095
Tissue factor,tf,1AHW,C,50,PHE,20.69,-0.4649
Tissue factor,tf,1AHW,C,51,TYR,63.48,1.3032
Tissue factor,tf,1AHW,C,52,THR,25.84,-0.2521
Tissue factor,tf,1AHW,C,53,THR,43.80,0.4900
Tissue factor,tf,1AHW,C,54,ASP,28.94,-0.1240
Tissue factor,tf,1AHW,C,55,THR,10.99,-0.8657
Tissue factor,tf,1AHW,C,56,GLU,11.68,-0.8372
Tissue factor,tf,1AHW,C,57,CYS,31.34,-0.0248
Tissue factor,tf,1AHW,C,58,ASP,20.32,-0.4802
Tissue factor,tf,1AHW,C,59,LEU,21.61,-0.4269
Tissue factor,tf,1AHW,C,60,THR,24.11,-0.3236
Tissue factor,tf,1AHW,C,61,ASP,27.29,-0.1922
Tissue factor,tf,1AHW,C,62,GLU,20.70,-0.4645
Tissue factor,tf,1AHW,C,63,ILE,29.60,-0.0967
Tissue factor,tf,1AHW,C,64,VAL,23.05,-0.3674
Tissue factor,tf,1AHW,C,65,LYS,24.94,-0.2893
Tissue factor,tf,1AHW,C,66,ASP,24.92,-0.2901
Tissue factor,tf,1AHW,C,67,VAL,34.49,0.1053
Tissue factor,tf,1AHW,C,68,LYS,57.07,1.0383
Tissue factor,tf,1AHW,C,69,GLN,13.67,-0.7549
Tissue factor,tf,1AHW,C,70,THR,30.46,-0.0612
Tissue factor,tf,1AHW,C,71,TYR,15.12,-0.6950
Tissue factor,tf,1AHW,C,72,LEU,19.62,-0.5091
Tissue factor,tf,1AHW,C,73,ALA,12.29,-0.8120
Tissue factor,tf,1AHW,C,74,ARG,24.33,-0.3145
Tissue factor,tf,1AHW,C,75,VAL,31.77,-0.0071
Tissue factor,tf,1AHW,C,76,PHE,42.20,0.4239
Tissue factor,tf,1AHW,C,77,SER,48.72,0.6933
Tissue factor,tf,1AHW,C,78,TYR,33.07,0.0467
Tissue factor,tf,1AHW,C,79,PRO,47.01,0.6226
Tissue factor,tf,1AHW,C,80,ALA,105.50,3.0394
Tissue factor,tf,1AHW,C,81,GLY,110.19,3.2332
Tissue factor,tf,1AHW,C,82,ASN,89.88,2.3940
Tissue factor,tf,1AHW,C,91,GLU,60.31,1.1722
Tissue factor,tf,1AHW,C,92,PRO,62.81,1.2755
Tissue factor,tf,1AHW,C,93,LEU,29.03,-0.1203
Tissue factor,tf,1AHW,C,94,TYR,25.66,-0.2595
Tissue factor,tf,1AHW,C,95,GLU,32.27,0.0136
Tissue factor,tf,1AHW,C,96,ASN,2.48,-1.2173
Tissue factor,tf,1AHW,C,97,SER,36.11,0.1723
Tissue factor,tf,1AHW,C,98,PRO,2.48,-1.2173
Tissue factor,tf,1AHW,C,99,GLU,25.11,-0.2822
Tissue factor,tf,1AHW,C,100,PHE,14.81,-0.7078
Tissue factor,tf,1AHW,C,101,THR,29.75,-0.0905
Tissue factor,tf,1AHW,C,102,PRO,41.48,0.3942
Tissue factor,tf,1AHW,C,103,TYR,15.79,-0.6673
Tissue factor,tf,1AHW,C,104,LEU,46.68,0.6090
Tissue factor,tf,1AHW,C,105,GLU,29.41,-0.1046
Tissue factor,tf,1AHW,C,106,THR,20.37,-0.4781
Tissue factor,tf,1AHW,C,107,ASN,15.66,-0.6727
Tissue factor,tf,1AHW,C,108,LEU,31.18,-0.0314
Tissue factor,tf,1AHW,C,109,GLY,39.24,0.3016
Tissue factor,tf,1AHW,C,110,GLN,14.63,-0.7153
Tissue factor,tf,1AHW,C,111,PRO,19.03,-0.5335
Tissue factor,tf,1AHW,C,112,THR,33.28,0.0553
Tissue factor,tf,1AHW,C,113,ILE,13.80,-0.7496
Tissue factor,tf,1AHW,C,114,GLN,19.55,-0.5120
Tissue factor,tf,1AHW,C,115,SER,14.05,-0.7392
Tissue factor,tf,1AHW,C,116,PHE,16.84,-0.6240
Tissue factor,tf,1AHW,C,117,GLU,16.27,-0.6475
Tissue factor,tf,1AHW,C,118,GLN,40.85,0.3681
Tissue factor,tf,1AHW,C,119,VAL,85.69,2.2209
Tissue factor,tf,1AHW,C,120,GLY,17.73,-0.5872
Tissue factor,tf,1AHW,C,121,THR,65.96,1.4056
Tissue factor,tf,1AHW,C,122,LYS,54.74,0.9420
Tissue factor,tf,1AHW,C,123,VAL,16.32,-0.6454
Tissue factor,tf,1AHW,C,124,ASN,2.48,-1.2173
Tissue factor,tf,1AHW,C,125,VAL,13.45,-0.7640
Tissue factor,tf,1AHW,C,126,THR,2.48,-1.2173
Tissue factor,tf,1AHW,C,127,VAL,2.48,-1.2173
Tissue factor,tf,1AHW,C,128,GLU,10.26,-0.8958
Tissue factor,tf,1AHW,C,129,ASP,9.83,-0.9136
Tissue factor,tf,1AHW,C,130,GLU,6.28,-1.0603
Tissue factor,tf,1AHW,C,131,ARG,53.28,0.8817
Tissue factor,tf,1AHW,C,132,THR,24.35,-0.3136
Tissue factor,tf,1AHW,C,133,LEU,28.50,-0.1422
Tissue factor,tf,1AHW,C,134,VAL,30.58,-0.0562
Tissue factor,tf,1AHW,C,135,ARG,57.80,1.0685
Tissue factor,tf,1AHW,C,136,ARG,71.22,1.6230
Tissue factor,tf,1AHW,C,137,ASN,86.09,2.2374
Tissue factor,tf,1AHW,C,138,ASN,82.60,2.0932
Tissue factor,tf,1AHW,C,139,THR,80.90,2.0230
Tissue factor,tf,1AHW,C,140,PHE,51.12,0.7925
Tissue factor,tf,1AHW,C,141,LEU,23.72,-0.3397
Tissue factor,tf,1AHW,C,142,SER,10.05,-0.9045
Tissue factor,tf,1AHW,C,143,LEU,35.49,0.1466
Tissue factor,tf,1AHW,C,144,ARG,14.03,-0.7401
Tissue factor,tf,1AHW,C,145,ASP,46.36,0.5958
Tissue factor,tf,1AHW,C,146,VAL,24.44,-0.3099
Tissue factor,tf,1AHW,C,147,PHE,11.31,-0.8524
Tissue factor,tf,1AHW,C,148,GLY,11.48,-0.8454
Tissue factor,tf,1AHW,C,149,LYS,16.69,-0.6301
Tissue factor,tf,1AHW,C,150,ASP,8.79,-0.9566
Tissue factor,tf,1AHW,C,151,LEU,24.19,-0.3203
Tissue factor,tf,1AHW,C,152,ILE,16.43,-0.6409
Tissue factor,tf,1AHW,C,153,TYR,2.48,-1.2173
Tissue factor,tf,1AHW,C,154,THR,2.48,-1.2173
Tissue factor,tf,1AHW,C,155,LEU,10.68,-0.8785
Tissue factor,tf,1AHW,C,156,TYR,19.23,-0.5252
Tissue factor,tf,1AHW,C,157,TYR,2.48,-1.2173
Tissue factor,tf,1AHW,C,158,TRP,32.22,0.0115
Tissue factor,tf,1AHW,C,159,LYS,27.10,-0.2000
Tissue factor,tf,1AHW,C,160,SER,48.01,0.6640
Tissue factor,tf,1AHW,C,161,SER,18.39,-0.5599
Tissue factor,tf,1AHW,C,162,SER,93.25,2.5332
Tissue factor,tf,1AHW,C,163,SER,69.56,1.5544
Tissue factor,tf,1AHW,C,164,GLY,48.94,0.7024
Tissue factor,tf,1AHW,C,165,LYS,2.48,-1.2173
Tissue factor,tf,1AHW,C,166,LYS,2.48,-1.2173
Tissue factor,tf,1AHW,C,167,THR,2.48,-1.2173
Tissue factor,tf,1AHW,C,168,ALA,2.48,-1.2173
Tissue factor,tf,1AHW,C,169,LYS,24.94,-0.2893
Tissue factor,tf,1AHW,C,170,THR,9.75,-0.9169
Tissue factor,tf,1AHW,C,171,ASN,24.79,-0.2955
Tissue factor,tf,1AHW,C,172,THR,36.13,0.1731
Tissue factor,tf,1AHW,C,173,ASN,20.08,-0.4901
Tissue factor,tf,1AHW,C,174,GLU,2.48,-1.2173
Tissue factor,tf,1AHW,C,175,PHE,13.56,-0.7595
Tissue factor,tf,1AHW,C,176,LEU,11.93,-0.8268
Tissue factor,tf,1AHW,C,177,ILE,19.48,-0.5149
Tissue factor,tf,1AHW,C,178,ASP,22.12,-0.4058
Tissue factor,tf,1AHW,C,179,VAL,34.32,0.0983
Tissue factor,tf,1AHW,C,180,ASP,41.67,0.4020
Tissue factor,tf,1AHW,C,181,LYS,51.13,0.7929
Tissue factor,tf,1AHW,C,182,GLY,61.08,1.2040
Tissue factor,tf,1AHW,C,183,GLU,28.58,-0.1389
Tissue factor,tf,1AHW,C,184,ASN,21.97,-0.4120
Tissue factor,tf,1AHW,C,185,TYR,11.56,-0.8421
Tissue factor,tf,1AHW,C,186,CYS,17.36,-0.6025
Tissue factor,tf,1AHW,C,187,PHE,2.48,-1.2173
Tissue factor,tf,1AHW,C,188,SER,14.42,-0.7239
Tissue factor,tf,1AHW,C,189,VAL,2.48,-1.2173
Tissue factor,tf,1AHW,C,190,GLN,15.33,-0.6863
Tissue factor,tf,1AHW,C,191,ALA,16.12,-0.6537
Tissue factor,tf,1AHW,C,192,VAL,19.00,-0.5347
Tissue factor,tf,1AHW,C,193,ILE,14.67,-0.7136
Tissue factor,tf,1AHW,C,194,PRO,2.48,-1.2173
Tissue factor,tf,1AHW,C,195,SER,2.48,-1.2173
Tissue factor,tf,1AHW,C,196,ARG,2.48,-1.2173
Tissue factor,tf,1AHW,C,197,THR,21.55,-0.4293
Tissue factor,tf,1AHW,C,198,VAL,69.65,1.5581
Tissue factor,tf,1AHW,C,199,ASN,36.22,0.1768
Tissue factor,tf,1AHW,C,200,ARG,13.25,-0.7723
Tissue factor,tf,1AHW,C,201,LYS,17.12,-0.6124
Tissue factor,tf,1AHW,C,202,SER,20.45,-0.4748
Tissue factor,tf,1AHW,C,203,THR,23.40,-0.3529
Tissue factor,tf,1AHW,C,204,ASP,9.13,-0.9425
Tissue factor,tf,1AHW,C,205,SER,32.96,0.0421
Tissue factor,tf,1AHW,C,206,PRO,34.29,0.0971
Tissue factor,tf,1AHW,C,207,VAL,2.48,-1.2173
Tissue factor,tf,1AHW,C,208,GLU,12.19,-0.8161
Tissue factor,tf,1AHW,C,209,CYS,13.83,-0.7483
Tissue factor,tf,1AHW,C,210,MET,19.85,-0.4996
Tissue factor,tf,1AHW,C,211,GLY,75.42,1.7965
HCMV glycoprotein B,hcmvgb,5C6T,A,88,LYS,107.97,0.0921
HCMV glycoprotein B,hcmvgb,5C6T,A,89,TYR,96.60,-0.2937
HCMV glycoprotein B,hcmvgb,5C6T,A,90,PRO,78.53,-0.9068
HCMV glycoprotein B,hcmvgb,5C6T,A,91,TYR,84.36,-0.7090
HCMV glycoprotein B,hcmvgb,5C6T,A,92,ARG,72.48,-1.1121
HCMV glycoprotein B,hcmvgb,5C6T,A,93,VAL,79.21,-0.8837
HCMV glycoprotein B,hcmvgb,5C6T,A,94,CYS,93.01,-0.4155
HCMV glycoprotein B,hcmvgb,5C6T,A,95,SER,95.50,-0.3310
HCMV glycoprotein B,hcmvgb,5C6T,A,96,MET,108.92,0.1243
HCMV glycoprotein B,hcmvgb,5C6T,A,97,ALA,161.87,1.9209
HCMV glycoprotein B,hcmvgb,5C6T,A,98,GLN,189.29,2.8513
HCMV glycoprotein B,hcmvgb,5C6T,A,99,GLY,180.54,2.5544
HCMV glycoprotein B,hcmvgb,5C6T,A,100,THR,160.70,1.8812
HCMV glycoprotein B,hcmvgb,5C6T,A,101,ASP,127.27,0.7469
HCMV glycoprotein B,hcmvgb,5C6T,A,102,LEU,91.55,-0.4650
HCMV glycoprotein B,hcmvgb,5C6T,A,103,ILE,76.10,-0.9893
HCMV glycoprotein B,hcmvgb,5C6T,A,104,ARG,68.80,-1.2369
HCMV glycoprotein B,hcmvgb,5C6T,A,105,PHE,70.83,-1.1681
HCMV glycoprotein B,hcmvgb,5C6T,A,106,GLU,83.40,-0.7416
HCMV glycoprotein B,hcmvgb,5C6T,A,107,ARG,89.00,-0.5516
HCMV glycoprotein B,hcmvgb,5C6T,A,108,ASN,74.30,-1.0503
HCMV glycoprotein B,hcmvgb,5C6T,A,109,ILE,81.53,-0.8050
HCMV glycoprotein B,hcmvgb,5C6T,A,110,VAL,91.63,-0.4623
HCMV glycoprotein B,hcmvgb,5C6T,A,111,CYS,111.44,0.2098
HCMV glycoprotein B,hcmvgb,5C6T,A,112,THR,138.36,1.1232
HCMV glycoprotein B,hcmvgb,5C6T,A,113,SER,156.48,1.7380
HCMV glycoprotein B,hcmvgb,5C6T,A,114,MET,173.89,2.3288
HCMV glycoprotein B,hcmvgb,5C6T,A,121,LEU,145.83,1.3767
HCMV glycoprotein B,hcmvgb,5C6T,A,122,ASP,140.40,1.1924
HCMV glycoprotein B,hcmvgb,5C6T,A,123,GLU,138.58,1.1307
HCMV glycoprotein B,hcmvgb,5C6T,A,124,GLY,135.18,1.0153
HCMV glycoprotein B,hcmvgb,5C6T,A,125,ILE,138.18,1.1171
HCMV glycoprotein B,hcmvgb,5C6T,A,126,MET,124.61,0.6567
HCMV glycoprotein B,hcmvgb,5C6T,A,127,VAL,114.11,0.3004
HCMV glycoprotein B,hcmvgb,5C6T,A,128,VAL,107.11,0.0629
HCMV glycoprotein B,hcmvgb,5C6T,A,129,TYR,101.32,-0.1335
HCMV glycoprotein B,hcmvgb,5C6T,A,130,LYS,93.59,-0.3958
HCMV glycoprotein B,hcmvgb,5C6T,A,131,ARG,99.67,-0.1895
HCMV glycoprotein B,hcmvgb,5C6T,A,132,ASN,95.76,-0.3222
HCMV glycoprotein B,hcmvgb,5C6T,A,133,ILE,88.16,-0.5801
HCMV glycoprotein B,hcmvgb,5C6T,A,134,VAL,79.27,-0.8817
HCMV glycoprotein B,hcmvgb,5C6T,A,135,ALA,83.68,-0.7321
HCMV glycoprotein B,hcmvgb,5C6T,A,136,HIS,80.97,-0.8240
HCMV glycoprotein B,hcmvgb,5C6T,A,137,THR,77.68,-0.9356
HCMV glycoprotein B,hcmvgb,5C6T,A,138,PHE,79.68,-0.8678
HCMV glycoprotein B,hcmvgb,5C6T,A,139,LYS,72.70,-1.1046
HCMV glycoprotein B,hcmvgb,5C6T,A,140,VAL,71.08,-1.1596
HCMV glycoprotein B,hcmvgb,5C6T,A,141,ARG,71.76,-1.1365
HCMV glycoprotein B,hcmvgb,5C6T,A,142,VAL,80.86,-0.8277
HCMV glycoprotein B,hcmvgb,5C6T,A,143,TYR,80.25,-0.8484
HCMV glycoprotein B,hcmvgb,5C6T,A,144,GLN,77.82,-0.9309
HCMV glycoprotein B,hcmvgb,5C6T,A,145,LYS,82.49,-0.7724
HCMV glycoprotein B,hcmvgb,5C6T,A,146,VAL,79.14,-0.8861
HCMV glycoprotein B,hcmvgb,5C6T,A,147,LEU,90.29,-0.5078
HCMV glycoprotein B,hcmvgb,5C6T,A,148,THR,90.03,-0.5166
HCMV glycoprotein B,hcmvgb,5C6T,A,149,PHE,101.88,-0.1145
HCMV glycoprotein B,hcmvgb,5C6T,A,150,ARG,106.30,0.0354
HCMV glycoprotein B,hcmvgb,5C6T,A,151,ARG,104.47,-0.0267
HCMV glycoprotein B,hcmvgb,5C6T,A,152,SER,113.28,0.2723
HCMV glycoprotein B,hcmvgb,5C6T,A,153,TYR,133.75,0.9668
HCMV glycoprotein B,hcmvgb,5C6T,A,154,ALA,143.22,1.2881
HCMV glycoprotein B,hcmvgb,5C6T,A,155,TYR,176.63,2.4217
HCMV glycoprotein B,hcmvgb,5C6T,A,156,HIS,187.27,2.7827
HCMV glycoprotein B,hcmvgb,5C6T,A,157,ARG,179.87,2.5317
HCMV glycoprotein B,hcmvgb,5C6T,A,158,THR,163.74,1.9844
HCMV glycoprotein B,hcmvgb,5C6T,A,159,THR,136.32,1.0540
HCMV glycoprotein B,hcmvgb,5C6T,A,160,TYR,119.43,0.4809
HCMV glycoprotein B,hcmvgb,5C6T,A,161,LEU,110.42,0.1752
HCMV glycoprotein B,hcmvgb,5C6T,A,162,LEU,105.06,-0.0066
HCMV glycoprotein B,hcmvgb,5C6T,A,163,GLY,114.85,0.3255
HCMV glycoprotein B,hcmvgb,5C6T,A,164,SER,104.31,-0.0321
HCMV glycoprotein B,hcmvgb,5C6T,A,165,ASN,110.76,0.1868
HCMV glycoprotein B,hcmvgb,5C6T,A,166,THR,99.78,-0.1858
HCMV glycoprotein B,hcmvgb,5C6T,A,167,GLU,103.34,-0.0650
HCMV glycoprotein B,hcmvgb,5C6T,A,168,TYR,78.01,-0.9244
HCMV glycoprotein B,hcmvgb,5C6T,A,169,VAL,82.32,-0.7782
HCMV glycoprotein B,hcmvgb,5C6T,A,170,ALA,86.12,-0.6493
HCMV glycoprotein B,hcmvgb,5C6T,A,171,PRO,72.43,-1.1138
HCMV glycoprotein B,hcmvgb,5C6T,A,172,PRO,81.46,-0.8074
HCMV glycoprotein B,hcmvgb,5C6T,A,173,MET,88.77,-0.5594
HCMV glycoprotein B,hcmvgb,5C6T,A,174,TRP,80.38,-0.8440
HCMV glycoprotein B,hcmvgb,5C6T,A,175,GLU,83.80,-0.7280
HCMV glycoprotein B,hcmvgb,5C6T,A,176,ILE,80.03,-0.8559
HCMV glycoprotein B,hcmvgb,5C6T,A,177,HIS,74.80,-1.0334
HCMV glycoprotein B,hcmvgb,5C6T,A,178,HIS,85.42,-0.6730
HCMV glycoprotein B,hcmvgb,5C6T,A,179,ILE,90.58,-0.4979
HCMV glycoprotein B,hcmvgb,5C6T,A,180,ASN,94.03,-0.3809
HCMV glycoprotein B,hcmvgb,5C6T,A,181,SER,87.43,-0.6048
HCMV glycoprotein B,hcmvgb,5C6T,A,182,HIS,96.88,-0.2842
HCMV glycoprotein B,hcmvgb,5C6T,A,183,SER,89.41,-0.5376
HCMV glycoprotein B,hcmvgb,5C6T,A,184,GLN,88.63,-0.5641
HCMV glycoprotein B,hcmvgb,5C6T,A,185,CYS,98.40,-0.2326
HCMV glycoprotein B,hcmvgb,5C6T,A,186,TYR,91.33,-0.4725
HCMV glycoprotein B,hcmvgb,5C6T,A,187,SER,91.23,-0.4759
HCMV glycoprotein B,hcmvgb,5C6T,A,188,SER,93.08,-0.4131
HCMV glycoprotein B,hcmvgb,5C6T,A,189,TYR,108.59,0.1131
HCMV glycoprotein B,hcmvgb,5C6T,A,190,SER,104.27,-0.0334
HCMV glycoprotein B,hcmvgb,5C6T,A,191,ARG,115.96,0.3632
HCMV glycoprotein B,hcmvgb,5C6T,A,192,VAL,118.91,0.4633
HCMV glycoprotein B,hcmvgb,5C6T,A,193,ILE,135.41,1.0231
HCMV glycoprotein B,hcmvgb,5C6T,A,194,ALA,150.92,1.5494
HCMV glycoprotein B,hcmvgb,5C6T,A,195,GLY,152.88,1.6159
HCMV glycoprotein B,hcmvgb,5C6T,A,196,THR,148.75,1.4758
HCMV glycoprotein B,hcmvgb,5C6T,A,197,VAL,124.51,0.6533
HCMV glycoprotein B,hcmvgb,5C6T,A,198,PHE,108.64,0.1148
HCMV glycoprotein B,hcmvgb,5C6T,A,199,VAL,101.80,-0.1173
HCMV glycoprotein B,hcmvgb,5C6T,A,200,ALA,99.45,-0.1970
HCMV glycoprotein B,hcmvgb,5C6T,A,201,TYR,99.50,-0.1953
HCMV glycoprotein B,hcmvgb,5C6T,A,202,HIS,106.69,0.0487
HCMV glycoprotein B,hcmvgb,5C6T,A,203,ARG,149.67,1.5070
HCMV glycoprotein B,hcmvgb,5C6T,A,204,ASP,194.15,3.0162
HCMV glycoprotein B,hcmvgb,5C6T,A,205,SER,228.40,4.1783
HCMV glycoprotein B,hcmvgb,5C6T,A,206,TYR,199.35,3.1926
HCMV glycoprotein B,hcmvgb,5C6T,A,207,GLU,154.22,1.6614
HCMV glycoprotein B,hcmvgb,5C6T,A,208,ASN,115.71,0.3547
HCMV glycoprotein B,hcmvgb,5C6T,A,209,LYS,118.84,0.4609
HCMV glycoprotein B,hcmvgb,5C6T,A,210,THR,103.63,-0.0552
HCMV glycoprotein B,hcmvgb,5C6T,A,211,MET,113.83,0.2909
HCMV glycoprotein B,hcmvgb,5C6T,A,212,GLN,111.10,0.1983
HCMV glycoprotein B,hcmvgb,5C6T,A,213,LEU,93.77,-0.3897
HCMV glycoprotein B,hcmvgb,5C6T,A,214,MET,94.80,-0.3548
HCMV glycoprotein B,hcmvgb,5C6T,A,215,PRO,109.05,0.1287
HCMV glycoprotein B,hcmvgb,5C6T,A,216,ASP,127.07,0.7402
HCMV glycoprotein B,hcmvgb,5C6T,A,217,ASP,168.55,2.1476
HCMV glycoprotein B,hcmvgb,5C6T,A,218,TYR,185.20,2.7125
HCMV glycoprotein B,hcmvgb,5C6T,A,221,THR,149.71,1.5083
HCMV glycoprotein B,hcmvgb,5C6T,A,222,HIS,136.71,1.0672
HCMV glycoprotein B,hcmvgb,5C6T,A,223,SER,112.52,0.2465
HCMV glycoprotein B,hcmvgb,5C6T,A,224,THR,109.79,0.1538
HCMV glycoprotein B,hcmvgb,5C6T,A,225,ARG,98.48,-0.2299
HCMV glycoprotein B,hcmvgb,5C6T,A,226,TYR,90.30,-0.5074
HCMV glycoprotein B,hcmvgb,5C6T,A,227,VAL,86.05,-0.6517
HCMV glycoprotein B,hcmvgb,5C6T,A,228,THR,86.29,-0.6435
HCMV glycoprotein B,hcmvgb,5C6T,A,229,VAL,92.61,-0.4291
HCMV glycoprotein B,hcmvgb,5C6T,A,230,LYS,111.82,0.2227
HCMV glycoprotein B,hcmvgb,5C6T,A,231,ASP,125.94,0.7018
HCMV glycoprotein B,hcmvgb,5C6T,A,232,GLN,136.57,1.0625
HCMV glycoprotein B,hcmvgb,5C6T,A,233,TRP,139.32,1.1558
HCMV glycoprotein B,hcmvgb,5C6T,A,234,HIS,141.65,1.2349
HCMV glycoprotein B,hcmvgb,5C6T,A,235,SER,149.45,1.4995
HCMV glycoprotein B,hcmvgb,5C6T,A,236,ARG,149.95,1.5165
HCMV glycoprotein B,hcmvgb,5C6T,A,240,ASN,166.74,2.0862
HCMV glycoprotein B,hcmvgb,5C6T,A,241,LEU,164.08,1.9959
HCMV glycoprotein B,hcmvgb,5C6T,A,242,THR,147.14,1.4211
HCMV glycoprotein B,hcmvgb,5C6T,A,243,ARG,133.44,0.9563
HCMV glycoprotein B,hcmvgb,5C6T,A,244,GLU,111.89,0.2251
HCMV glycoprotein B,hcmvgb,5C6T,A,245,THR,115.95,0.3629
HCMV glycoprotein B,hcmvgb,5C6T,A,246,SER,109.03,0.1281
HCMV glycoprotein B,hcmvgb,5C6T,A,247,ASN,97.42,-0.2659
HCMV glycoprotein B,hcmvgb,5C6T,A,248,LEU,90.13,-0.5132
HCMV glycoprotein B,hcmvgb,5C6T,A,249,ASN,84.98,-0.6880
HCMV glycoprotein B,hcmvgb,5C6T,A,250,CYS,82.45,-0.7738
HCMV glycoprotein B,hcmvgb,5C6T,A,251,MET,85.11,-0.6835
HCMV glycoprotein B,hcmvgb,5C6T,A,252,VAL,81.01,-0.8227
HCMV glycoprotein B,hcmvgb,5C6T,A,253,THR,83.76,-0.7294
HCMV glycoprotein B,hcmvgb,5C6T,A,254,ILE,82.45,-0.7738
HCMV glycoprotein B,hcmvgb,5C6T,A,255,THR,85.57,-0.6679
HCMV glycoprotein B,hcmvgb,5C6T,A,256,THR,80.84,-0.8284
HCMV glycoprotein B,hcmvgb,5C6T,A,257,ALA,72.08,-1.1257
HCMV glycoprotein B,hcmvgb,5C6T,A,258,ARG,74.96,-1.0279
HCMV glycoprotein B,hcmvgb,5C6T,A,259,SER,80.38,-0.8440
HCMV glycoprotein B,hcmvgb,5C6T,A,260,LYS,98.64,-0.2245
HCMV glycoprotein B,hcmvgb,5C6T,A,261,TYR,104.80,-0.0155
HCMV glycoprotein B,hcmvgb,5C6T,A,262,PRO,96.84,-0.2855
HCMV glycoprotein B,hcmvgb,5C6T,A,263,TYR,102.01,-0.1101
HCMV glycoprotein B,hcmvgb,5C6T,A,264,HIS,89.39,-0.5383
HCMV glycoprotein B,hcmvgb,5C6T,A,265,PHE,84.99,-0.6876
HCMV glycoprotein B,hcmvgb,5C6T,A,266,PHE,71.40,-1.1487
HCMV glycoprotein B,hcmvgb,5C6T,A,267,ALA,79.03,-0.8898
HCMV glycoprotein B,hcmvgb,5C6T,A,268,THR,93.07,-0.4135
HCMV glycoprotein B,hcmvgb,5C6T,A,269,SER,90.70,-0.4939
HCMV glycoprotein B,hcmvgb,5C6T,A,270,THR,91.68,-0.4606
HCMV glycoprotein B,hcmvgb,5C6T,A,271,GLY,95.64,-0.3263
HCMV glycoprotein B,hcmvgb,5C6T,A,272,ASP,94.03,-0.3809
HCMV glycoprotein B,hcmvgb,5C6T,A,273,VAL,81.76,-0.7972
HCMV glycoprotein B,hcmvgb,5C6T,A,274,VAL,79.48,-0.8746
HCMV glycoprotein B,hcmvgb,5C6T,A,275,ASP,87.38,-0.6065
HCMV glycoprotein B,hcmvgb,5C6T,A,276,ILE,76.95,-0.9604
HCMV glycoprotein B,hcmvgb,5C6T,A,277,SER,76.32,-0.9818
HCMV glycoprotein B,hcmvgb,5C6T,A,278,PRO,72.11,-1.1246
HCMV glycoprotein B,hcmvgb,5C6T,A,279,PHE,88.95,-0.5533
HCMV glycoprotein B,hcmvgb,5C6T,A,280,TYR,93.19,-0.4094
HCMV glycoprotein B,hcmvgb,5C6T,A,281,ASN,113.71,0.2869
HCMV glycoprotein B,hcmvgb,5C6T,A,282,GLY,115.63,0.3520
HCMV glycoprotein B,hcmvgb,5C6T,A,283,THR,123.64,0.6238
HCMV glycoprotein B,hcmvgb,5C6T,A,284,ASN,121.02,0.5349
HCMV glycoprotein B,hcmvgb,5C6T,A,285,ARG,114.85,0.3255
HCMV glycoprotein B,hcmvgb,5C6T,A,286,ASN,154.75,1.6793
HCMV glycoprotein B,hcmvgb,5C6T,A,287,ALA,135.68,1.0323
HCMV glycoprotein B,hcmvgb,5C6T,A,288,SER,113.41,0.2767
HCMV glycoprotein B,hcmvgb,5C6T,A,289,TYR,100.39,-0.1651
HCMV glycoprotein B,hcmvgb,5C6T,A,290,PHE,92.53,-0.4318
HCMV glycoprotein B,hcmvgb,5C6T,A,291,GLY,99.58,-0.1926
HCMV glycoprotein B,hcmvgb,5C6T,A,292,GLU,104.82,-0.0148
HCMV glycoprotein B,hcmvgb,5C6T,A,293,ASN,111.78,0.2214
HCMV glycoprotein B,hcmvgb,5C6T,A,294,ALA,112.57,0.2482
HCMV glycoprotein B,hcmvgb,5C6T,A,295,ASP,112.83,0.2570
HCMV glycoprotein B,hcmvgb,5C6T,A,296,LYS,100.16,-0.1729
HCMV glycoprotein B,hcmvgb,5C6T,A,297,PHE,101.29,-0.1346
HCMV glycoprotein B,hcmvgb,5C6T,A,298,PHE,91.14,-0.4789
HCMV glycoprotein B,hcmvgb,5C6T,A,299,ILE,96.30,-0.3039
HCMV glycoprotein B,hcmvgb,5C6T,A,300,PHE,94.45,-0.3666
HCMV glycoprotein B,hcmvgb,5C6T,A,301,PRO,86.56,-0.6343
HCMV glycoprotein B,hcmvgb,5C6T,A,302,ASN,93.86,-0.3867
HCMV glycoprotein B,hcmvgb,5C6T,A,303,TYR,87.96,-0.5868
HCMV glycoprotein B,hcmvgb,5C6T,A,304,THR,93.39,-0.4026
HCMV glycoprotein B,hcmvgb,5C6T,A,305,ILE,89.08,-0.5488
HCMV glycoprotein B,hcmvgb,5C6T,A,306,VAL,85.07,-0.6849
HCMV glycoprotein B,hcmvgb,5C6T,A,307,SER,103.86,-0.0474
HCMV glycoprotein B,hcmvgb,5C6T,A,308,ASP,94.97,-0.3490
HCMV glycoprotein B,hcmvgb,5C6T,A,309,PHE,93.00,-0.4158
HCMV glycoprotein B,hcmvgb,5C6T,A,310,GLY,104.20,-0.0358
HCMV glycoprotein B,hcmvgb,5C6T,A,311,ARG,116.75,0.3900
HCMV glycoprotein B,hcmvgb,5C6T,A,312,PRO,124.35,0.6479
HCMV glycoprotein B,hcmvgb,5C6T,A,313,ASN,133.36,0.9536
HCMV glycoprotein B,hcmvgb,5C6T,A,314,SER,116.42,0.3788
HCMV glycoprotein B,hcmvgb,5C6T,A,315,ALA,98.51,-0.2289
HCMV glycoprotein B,hcmvgb,5C6T,A,316,LEU,79.25,-0.8824
HCMV glycoprotein B,hcmvgb,5C6T,A,317,GLU,94.49,-0.3653
HCMV glycoprotein B,hcmvgb,5C6T,A,318,THR,96.09,-0.3110
HCMV glycoprotein B,hcmvgb,5C6T,A,319,HIS,85.91,-0.6564
HCMV glycoprotein B,hcmvgb,5C6T,A,320,ARG,92.64,-0.4281
HCMV glycoprotein B,hcmvgb,5C6T,A,321,LEU,90.01,-0.5173
HCMV glycoprotein B,hcmvgb,5C6T,A,322,VAL,77.81,-0.9312
HCMV glycoprotein B,hcmvgb,5C6T,A,323,ALA,81.53,-0.8050
HCMV glycoprotein B,hcmvgb,5C6T,A,324,PHE,76.19,-0.9862
HCMV glycoprotein B,hcmvgb,5C6T,A,325,LEU,85.11,-0.6835
HCMV glycoprotein B,hcmvgb,5C6T,A,326,GLU,89.50,-0.5346
HCMV glycoprotein B,hcmvgb,5C6T,A,327,ARG,94.27,-0.3727
HCMV glycoprotein B,hcmvgb,5C6T,A,328,ALA,83.44,-0.7402
HCMV glycoprotein B,hcmvgb,5C6T,A,329,ASP,76.16,-0.9872
HCMV glycoprotein B,hcmvgb,5C6T,A,330,SER,81.60,-0.8026
HCMV glycoprotein B,hcmvgb,5C6T,A,331,VAL,81.37,-0.8104
HCMV glycoprotein B,hcmvgb,5C6T,A,332,ILE,90.99,-0.4840
HCMV glycoprotein B,hcmvgb,5C6T,A,333,SER,82.47,-0.7731
HCMV glycoprotein B,hcmvgb,5C6T,A,334,TRP,84.77,-0.6951
HCMV glycoprotein B,hcmvgb,5C6T,A,335,ASP,78.22,-0.9173
HCMV glycoprotein B,hcmvgb,5C6T,A,336,ILE,88.78,-0.5590
HCMV glycoprotein B,hcmvgb,5C6T,A,337,GLN,108.64,0.1148
HCMV glycoprotein B,hcmvgb,5C6T,A,338,ASP,112.28,0.2383
HCMV glycoprotein B,hcmvgb,5C6T,A,339,GLU,111.26,0.2037
HCMV glycoprotein B,hcmvgb,5C6T,A,340,LYS,119.60,0.4867
HCMV glycoprotein B,hcmvgb,5C6T,A,341,ASN,121.95,0.5664
HCMV glycoprotein B,hcmvgb,5C6T,A,342,VAL,112.42,0.2431
HCMV glycoprotein B,hcmvgb,5C6T,A,343,THR,113.09,0.2658
HCMV glycoprotein B,hcmvgb,5C6T,A,344,CYS,120.83,0.5284
HCMV glycoprotein B,hcmvgb,5C6T,A,345,GLN,101.13,-0.1400
HCMV glycoprotein B,hcmvgb,5C6T,A,346,LEU,101.15,-0.1393
HCMV glycoprotein B,hcmvgb,5C6T,A,347,THR,97.64,-0.2584
HCMV glycoprotein B,hcmvgb,5C6T,A,348,PHE,108.47,0.1091
HCMV glycoprotein B,hcmvgb,5C6T,A,349,TRP,108.90,0.1236
HCMV glycoprotein B,hcmvgb,5C6T,A,350,GLU,117.60,0.4188
HCMV glycoprotein B,hcmvgb,5C6T,A,351,ALA,121.86,0.5634
HCMV glycoprotein B,hcmvgb,5C6T,A,352,SER,123.48,0.6183
HCMV glycoprotein B,hcmvgb,5C6T,A,353,GLU,137.09,1.0801
HCMV glycoprotein B,hcmvgb,5C6T,A,354,ARG,150.40,1.5317
HCMV glycoprotein B,hcmvgb,5C6T,A,355,THR,129.47,0.8216
HCMV glycoprotein B,hcmvgb,5C6T,A,356,ILE,122.60,0.5885
HCMV glycoprotein B,hcmvgb,5C6T,A,357,ARG,110.41,0.1749
HCMV glycoprotein B,hcmvgb,5C6T,A,358,SER,112.38,0.2417
HCMV glycoprotein B,hcmvgb,5C6T,A,359,GLU,111.54,0.2132
HCMV glycoprotein B,hcmvgb,5C6T,A,360,ALA,105.06,-0.0066
HCMV glycoprotein B,hcmvgb,5C6T,A,361,GLU,114.41,0.3106
HCMV glycoprotein B,hcmvgb,5C6T,A,362,ASP,115.80,0.3578
HCMV glycoprotein B,hcmvgb,5C6T,A,363,SER,96.69,-0.2906
HCMV glycoprotein B,hcmvgb,5C6T,A,364,TYR,97.18,-0.2740
HCMV glycoprotein B,hcmvgb,5C6T,A,365,HIS,89.50,-0.5346
HCMV glycoprotein B,hcmvgb,5C6T,A,366,PHE,94.84,-0.3534
HCMV glycoprotein B,hcmvgb,5C6T,A,367,SER,102.12,-0.1064
HCMV glycoprotein B,hcmvgb,5C6T,A,368,SER,103.79,-0.0497
HCMV glycoprotein B,hcmvgb,5C6T,A,369,ALA,98.29,-0.2363
HCMV glycoprotein B,hcmvgb,5C6T,A,370,LYS,102.84,-0.0820
HCMV glycoprotein B,hcmvgb,5C6T,A,371,MET,91.56,-0.4647
HCMV glycoprotein B,hcmvgb,5C6T,A,372,THR,81.03,-0.8220
HCMV glycoprotein B,hcmvgb,5C6T,A,373,ALA,78.27,-0.9156
HCMV glycoprotein B,hcmvgb,5C6T,A,374,THR,84.99,-0.6876
HCMV glycoprotein B,hcmvgb,5C6T,A,375,PHE,92.39,-0.4365
HCMV glycoprotein B,hcmvgb,5C6T,A,376,LEU,97.50,-0.2632
HCMV glycoprotein B,hcmvgb,5C6T,A,377,SER,105.86,0.0205
HCMV glycoprotein B,hcmvgb,5C6T,A,378,LYS,112.06,0.2309
HCMV glycoprotein B,hcmvgb,5C6T,A,379,LYS,123.28,0.6116
HCMV glycoprotein B,hcmvgb,5C6T,A,380,GLN,127.31,0.7483
HCMV glycoprotein B,hcmvgb,5C6T,A,381,GLU,131.33,0.8847
HCMV glycoprotein B,hcmvgb,5C6T,A,382,VAL,135.44,1.0242
HCMV glycoprotein B,hcmvgb,5C6T,A,383,ASN,143.96,1.3132
HCMV glycoprotein B,hcmvgb,5C6T,A,384,MET,127.05,0.7395
HCMV glycoprotein B,hcmvgb,5C6T,A,385,SER,145.14,1.3533
HCMV glycoprotein B,hcmvgb,5C6T,A,386,ASP,135.98,1.0425
HCMV glycoprotein B,hcmvgb,5C6T,A,387,SER,139.94,1.1768
HCMV glycoprotein B,hcmvgb,5C6T,A,388,ALA,133.93,0.9729
HCMV glycoprotein B,hcmvgb,5C6T,A,389,LEU,124.72,0.6604
HCMV glycoprotein B,hcmvgb,5C6T,A,390,ASP,129.55,0.8243
HCMV glycoprotein B,hcmvgb,5C6T,A,391,CYS,130.18,0.8457
HCMV glycoprotein B,hcmvgb,5C6T,A,392,VAL,132.42,0.9217
HCMV glycoprotein B,hcmvgb,5C6T,A,393,ARG,131.73,0.8983
HCMV glycoprotein B,hcmvgb,5C6T,A,394,ASP,133.84,0.9699
HCMV glycoprotein B,hcmvgb,5C6T,A,395,GLU,132.92,0.9386
HCMV glycoprotein B,hcmvgb,5C6T,A,396,ALA,131.62,0.8945
HCMV glycoprotein B,hcmvgb,5C6T,A,397,ILE,128.30,0.7819
HCMV glycoprotein B,hcmvgb,5C6T,A,398,ASN,136.98,1.0764
HCMV glycoprotein B,hcmvgb,5C6T,A,399,LYS,141.32,1.2237
HCMV glycoprotein B,hcmvgb,5C6T,A,400,LEU,137.89,1.1073
HCMV glycoprotein B,hcmvgb,5C6T,A,401,GLN,150.02,1.5189
HCMV glycoprotein B,hcmvgb,5C6T,A,402,GLN,160.44,1.8724
HCMV glycoprotein B,hcmvgb,5C6T,A,403,ILE,164.68,2.0163
HCMV glycoprotein B,hcmvgb,5C6T,A,404,PHE,170.48,2.2131
HCMV glycoprotein B,hcmvgb,5C6T,A,405,ASN,180.94,2.5680
HCMV glycoprotein B,hcmvgb,5C6T,A,406,THR,182.65,2.6260
HCMV glycoprotein B,hcmvgb,5C6T,A,407,SER,194.34,3.0226
HCMV glycoprotein B,hcmvgb,5C6T,A,408,TYR,203.81,3.3439
HCMV glycoprotein B,hcmvgb,5C6T,A,409,ASN,208.37,3.4987
HCMV glycoprotein B,hcmvgb,5C6T,A,410,GLN,201.99,3.2822
HCMV glycoprotein B,hcmvgb,5C6T,A,411,THR,198.98,3.1801
HCMV glycoprotein B,hcmvgb,5C6T,A,412,TYR,181.44,2.5849
HCMV glycoprotein B,hcmvgb,5C6T,A,413,GLU,166.45,2.0763
HCMV glycoprotein B,hcmvgb,5C6T,A,414,LYS,157.31,1.7662
HCMV glycoprotein B,hcmvgb,5C6T,A,415,TYR,145.72,1.3730
HCMV glycoprotein B,hcmvgb,5C6T,A,416,GLY,162.82,1.9532
HCMV glycoprotein B,hcmvgb,5C6T,A,417,ASN,173.59,2.3186
HCMV glycoprotein B,hcmvgb,5C6T,A,418,VAL,150.61,1.5389
HCMV glycoprotein B,hcmvgb,5C6T,A,419,SER,158.30,1.7998
HCMV glycoprotein B,hcmvgb,5C6T,A,420,VAL,127.85,0.7666
HCMV glycoprotein B,hcmvgb,5C6T,A,421,PHE,115.44,0.3456
HCMV glycoprotein B,hcmvgb,5C6T,A,422,GLU,98.40,-0.2326
HCMV glycoprotein B,hcmvgb,5C6T,A,423,THR,96.97,-0.2811
HCMV glycoprotein B,hcmvgb,5C6T,A,424,THR,98.03,-0.2452
HCMV glycoprotein B,hcmvgb,5C6T,A,425,GLY,111.93,0.2265
HCMV glycoprotein B,hcmvgb,5C6T,A,426,GLY,100.79,-0.1515
HCMV glycoprotein B,hcmvgb,5C6T,A,427,LEU,84.38,-0.7083
HCMV glycoprotein B,hcmvgb,5C6T,A,428,VAL,103.55,-0.0579
HCMV glycoprotein B,hcmvgb,5C6T,A,429,VAL,109.23,0.1348
HCMV glycoprotein B,hcmvgb,5C6T,A,430,PHE,121.81,0.5617
HCMV glycoprotein B,hcmvgb,5C6T,A,431,TRP,135.53,1.0272
HCMV glycoprotein B,hcmvgb,5C6T,A,432,GLN,147.28,1.4259
HCMV glycoprotein B,hcmvgb,5C6T,A,433,GLY,146.29,1.3923
HCMV glycoprotein B,hcmvgb,5C6T,A,434,ILE,155.99,1.7214
HCMV glycoprotein B,hcmvgb,5C6T,A,435,LYS,164.99,2.0268
HCMV glycoprotein B,hcmvgb,5C6T,A,436,GLN,176.21,2.4075
HCMV glycoprotein B,hcmvgb,5C6T,A,469,HIS,135.29,1.0191
HCMV glycoprotein B,hcmvgb,5C6T,A,470,LEU,135.86,1.0384
HCMV glycoprotein B,hcmvgb,5C6T,A,471,SER,143.45,1.2959
HCMV glycoprotein B,hcmvgb,5C6T,A,472,ASN,147.95,1.4486
HCMV glycoprotein B,hcmvgb,5C6T,A,473,MET,137.30,1.0873
HCMV glycoprotein B,hcmvgb,5C6T,A,474,GLU,128.97,0.8046
HCMV glycoprotein B,hcmvgb,5C6T,A,475,SER,108.89,0.1233
HCMV glycoprotein B,hcmvgb,5C6T,A,476,VAL,112.77,0.2550
HCMV glycoprotein B,hcmvgb,5C6T,A,477,HIS,98.87,-0.2167
HCMV glycoprotein B,hcmvgb,5C6T,A,478,ASN,110.49,0.1776
HCMV glycoprotein B,hcmvgb,5C6T,A,479,LEU,93.56,-0.3968
HCMV glycoprotein B,hcmvgb,5C6T,A,480,VAL,85.81,-0.6598
HCMV glycoprotein B,hcmvgb,5C6T,A,481,TYR,83.05,-0.7534
HCMV glycoprotein B,hcmvgb,5C6T,A,482,ALA,81.38,-0.8101
HCMV glycoprotein B,hcmvgb,5C6T,A,483,GLN,83.87,-0.7256
HCMV glycoprotein B,hcmvgb,5C6T,A,484,LEU,80.07,-0.8546
HCMV glycoprotein B,hcmvgb,5C6T,A,485,GLN,78.22,-0.9173
HCMV glycoprotein B,hcmvgb,5C6T,A,486,PHE,86.72,-0.6289
HCMV glycoprotein B,hcmvgb,5C6T,A,487,THR,85.21,-0.6802
HCMV glycoprotein B,hcmvgb,5C6T,A,488,TYR,79.16,-0.8854
HCMV glycoprotein B,hcmvgb,5C6T,A,489,ASP,86.76,-0.6276
HCMV glycoprotein B,hcmvgb,5C6T,A,490,THR,84.53,-0.7032
HCMV glycoprotein B,hcmvgb,5C6T,A,491,LEU,78.69,-0.9014
HCMV glycoprotein B,hcmvgb,5C6T,A,492,ARG,78.79,-0.8980
HCMV glycoprotein B,hcmvgb,5C6T,A,493,GLY,94.67,-0.3592
HCMV glycoprotein B,hcmvgb,5C6T,A,494,TYR,90.20,-0.5108
HCMV glycoprotein B,hcmvgb,5C6T,A,495,ILE,83.37,-0.7426
HCMV glycoprotein B,hcmvgb,5C6T,A,496,ASN,93.54,-0.3975
HCMV glycoprotein B,hcmvgb,5C6T,A,497,ARG,99.62,-0.1912
HCMV glycoprotein B,hcmvgb,5C6T,A,498,ALA,91.90,-0.4532
HCMV glycoprotein B,hcmvgb,5C6T,A,499,LEU,84.38,-0.7083
HCMV glycoprotein B,hcmvgb,5C6T,A,500,ALA,77.04,-0.9574
HCMV glycoprotein B,hcmvgb,5C6T,A,501,GLN,88.77,-0.5594
HCMV glycoprotein B,hcmvgb,5C6T,A,502,ILE,77.60,-0.9384
HCMV glycoprotein B,hcmvgb,5C6T,A,503,ALA,85.50,-0.6703
HCMV glycoprotein B,hcmvgb,5C6T,A,504,GLU,88.21,-0.5784
HCMV glycoprotein B,hcmvgb,5C6T,A,505,ALA,82.08,-0.7864
HCMV glycoprotein B,hcmvgb,5C6T,A,506,TRP,81.38,-0.8101
HCMV glycoprotein B,hcmvgb,5C6T,A,507,CYS,84.95,-0.6890
HCMV glycoprotein B,hcmvgb,5C6T,A,508,VAL,81.98,-0.7897
HCMV glycoprotein B,hcmvgb,5C6T,A,509,ASP,75.28,-1.0171
HCMV glycoprotein B,hcmvgb,5C6T,A,510,GLN,66.84,-1.3034
HCMV glycoprotein B,hcmvgb,5C6T,A,511,ARG,68.26,-1.2553
HCMV glycoprotein B,hcmvgb,5C6T,A,512,ARG,75.11,-1.0228
HCMV glycoprotein B,hcmvgb,5C6T,A,513,THR,75.25,-1.0181
HCMV glycoprotein B,hcmvgb,5C6T,A,514,LEU,74.19,-1.0541
HCMV glycoprotein B,hcmvgb,5C6T,A,515,GLU,73.95,-1.0622
HCMV glycoprotein B,hcmvgb,5C6T,A,516,VAL,64.59,-1.3798
HCMV glycoprotein B,hcmvgb,5C6T,A,517,PHE,64.22,-1.3923
HCMV glycoprotein B,hcmvgb,5C6T,A,518,LYS,66.37,-1.3194
HCMV glycoprotein B,hcmvgb,5C6T,A,519,GLU,69.14,-1.2254
HCMV glycoprotein B,hcmvgb,5C6T,A,520,LEU,61.13,-1.4972
HCMV glycoprotein B,hcmvgb,5C6T,A,521,SER,67.31,-1.2875
HCMV glycoprotein B,hcmvgb,5C6T,A,522,LYS,64.75,-1.3744
HCMV glycoprotein B,hcmvgb,5C6T,A,523,ILE,68.26,-1.2553
HCMV glycoprotein B,hcmvgb,5C6T,A,524,ASN,76.91,-0.9618
HCMV glycoprotein B,hcmvgb,5C6T,A,525,PRO,67.64,-1.2763
HCMV glycoprotein B,hcmvgb,5C6T,A,526,SER,70.70,-1.1725
HCMV glycoprotein B,hcmvgb,5C6T,A,527,ALA,70.74,-1.1711
HCMV glycoprotein B,hcmvgb,5C6T,A,528,ILE,56.79,-1.6444
HCMV glycoprotein B,hcmvgb,5C6T,A,529,LEU,64.51,-1.3825
HCMV glycoprotein B,hcmvgb,5C6T,A,530,SER,61.42,-1.4873
HCMV glycoprotein B,hcmvgb,5C6T,A,531,ALA,73.59,-1.0744
HCMV glycoprotein B,hcmvgb,5C6T,A,532,ILE,70.90,-1.1657
HCMV glycoprotein B,hcmvgb,5C6T,A,533,TYR,79.99,-0.8573
HCMV glycoprotein B,hcmvgb,5C6T,A,534,ASN,65.47,-1.3499
HCMV glycoprotein B,hcmvgb,5C6T,A,535,LYS,71.15,-1.1572
HCMV glycoprotein B,hcmvgb,5C6T,A,536,PRO,75.78,-1.0001
HCMV glycoprotein B,hcmvgb,5C6T,A,537,ILE,73.08,-1.0917
HCMV glycoprotein B,hcmvgb,5C6T,A,538,ALA,81.31,-0.8125
HCMV glycoprotein B,hcmvgb,5C6T,A,539,ALA,68.99,-1.2305
HCMV glycoprotein B,hcmvgb,5C6T,A,540,ARG,69.77,-1.2040
HCMV glycoprotein B,hcmvgb,5C6T,A,541,PHE,61.43,-1.4870
HCMV glycoprotein B,hcmvgb,5C6T,A,542,MET,75.77,-1.0005
HCMV glycoprotein B,hcmvgb,5C6T,A,543,GLY,79.86,-0.8617
HCMV glycoprotein B,hcmvgb,5C6T,A,544,ASP,73.07,-1.0921
HCMV glycoprotein B,hcmvgb,5C6T,A,545,VAL,70.40,-1.1827
HCMV glycoprotein B,hcmvgb,5C6T,A,546,LEU,69.90,-1.1996
HCMV glycoprotein B,hcmvgb,5C6T,A,547,GLY,72.55,-1.1097
HCMV glycoprotein B,hcmvgb,5C6T,A,548,LEU,75.87,-0.9971
HCMV glycoprotein B,hcmvgb,5C6T,A,549,ALA,98.03,-0.2452
HCMV glycoprotein B,hcmvgb,5C6T,A,550,SER,95.83,-0.3198
HCMV glycoprotein B,hcmvgb,5C6T,A,551,CYS,86.24,-0.6452
HCMV glycoprotein B,hcmvgb,5C6T,A,552,VAL,85.13,-0.6829
HCMV glycoprotein B,hcmvgb,5C6T,A,553,THR,90.59,-0.4976
HCMV glycoprotein B,hcmvgb,5C6T,A,554,ILE,101.30,-0.1342
HCMV glycoprotein B,hcmvgb,5C6T,A,555,ASN,113.92,0.2940
HCMV glycoprotein B,hcmvgb,5C6T,A,556,GLN,105.16,-0.0032
HCMV glycoprotein B,hcmvgb,5C6T,A,557,THR,121.46,0.5498
HCMV glycoprotein B,hcmvgb,5C6T,A,558,SER,122.67,0.5909
HCMV glycoprotein B,hcmvgb,5C6T,A,559,VAL,106.53,0.0432
HCMV glycoprotein B,hcmvgb,5C6T,A,560,LYS,100.06,-0.1763
HCMV glycoprotein B,hcmvgb,5C6T,A,561,VAL,82.25,-0.7806
HCMV glycoprotein B,hcmvgb,5C6T,A,562,LEU,85.92,-0.6561
HCMV glycoprotein B,hcmvgb,5C6T,A,563,ARG,85.10,-0.6839
HCMV glycoprotein B,hcmvgb,5C6T,A,564,ASP,86.11,-0.6496
HCMV glycoprotein B,hcmvgb,5C6T,A,565,MET,92.71,-0.4257
HCMV glycoprotein B,hcmvgb,5C6T,A,566,ASN,94.48,-0.3656
HCMV glycoprotein B,hcmvgb,5C6T,A,567,VAL,115.22,0.3381
HCMV glycoprotein B,hcmvgb,5C6T,A,568,LYS,134.16,0.9807
HCMV glycoprotein B,hcmvgb,5C6T,A,569,GLU,140.53,1.1969
HCMV glycoprotein B,hcmvgb,5C6T,A,570,SER,144.70,1.3383
HCMV glycoprotein B,hcmvgb,5C6T,A,571,PRO,160.43,1.8721
HCMV glycoprotein B,hcmvgb,5C6T,A,572,GLY,136.74,1.0683
HCMV glycoprotein B,hcmvgb,5C6T,A,573,ARG,121.34,0.5457
HCMV glycoprotein B,hcmvgb,5C6T,A,574,CYS,103.78,-0.0501
HCMV glycoprotein B,hcmvgb,5C6T,A,575,TYR,89.89,-0.5214
HCMV glycoprotein B,hcmvgb,5C6T,A,576,SER,82.04,-0.7877
HCMV glycoprotein B,hcmvgb,5C6T,A,577,ARG,79.69,-0.8674
HCMV glycoprotein B,hcmvgb,5C6T,A,578,PRO,86.87,-0.6238
HCMV glycoprotein B,hcmvgb,5C6T,A,579,VAL,76.56,-0.9736
HCMV glycoprotein B,hcmvgb,5C6T,A,580,VAL,75.60,-1.0062
HCMV glycoprotein B,hcmvgb,5C6T,A,581,ILE,99.33,-0.2011
HCMV glycoprotein B,hcmvgb,5C6T,A,582,PHE,103.85,-0.0477
HCMV glycoprotein B,hcmvgb,5C6T,A,583,ASN,110.17,0.1667
HCMV glycoprotein B,hcmvgb,5C6T,A,584,PHE,111.29,0.2047
HCMV glycoprotein B,hcmvgb,5C6T,A,585,ALA,145.28,1.3580
HCMV glycoprotein B,hcmvgb,5C6T,A,586,ASN,148.40,1.4639
HCMV glycoprotein B,hcmvgb,5C6T,A,587,SER,145.91,1.3794
HCMV glycoprotein B,hcmvgb,5C6T,A,588,SER,154.26,1.6627
HCMV glycoprotein B,hcmvgb,5C6T,A,589,TYR,172.22,2.2721
HCMV glycoprotein B,hcmvgb,5C6T,A,590,VAL,144.08,1.3173
HCMV glycoprotein B,hcmvgb,5C6T,A,591,GLN,125.62,0.6910
HCMV glycoprotein B,hcmvgb,5C6T,A,592,TYR,104.48,-0.0263
HCMV glycoprotein B,hcmvgb,5C6T,A,593,GLY,95.48,-0.3317
HCMV glycoprotein B,hcmvgb,5C6T,A,594,GLN,87.96,-0.5868
HCMV glycoprotein B,hcmvgb,5C6T,A,595,LEU,79.41,-0.8769
HCMV glycoprotein B,hcmvgb,5C6T,A,596,GLY,84.41,-0.7073
HCMV glycoprotein B,hcmvgb,5C6T,A,597,GLU,91.71,-0.4596
HCMV glycoprotein B,hcmvgb,5C6T,A,598,ASP,89.41,-0.5376
HCMV glycoprotein B,hcmvgb,5C6T,A,599,ASN,78.21,-0.9177
HCMV glycoprotein B,hcmvgb,5C6T,A,600,GLU,70.89,-1.1660
HCMV glycoprotein B,hcmvgb,5C6T,A,601,ILE,78.65,-0.9027
HCMV glycoprotein B,hcmvgb,5C6T,A,602,LEU,87.96,-0.5868
HCMV glycoprotein B,hcmvgb,5C6T,A,603,LEU,116.87,0.3941
HCMV glycoprotein B,hcmvgb,5C6T,A,604,GLY,153.67,1.6427
HCMV glycoprotein B,hcmvgb,5C6T,A,605,ASN,182.78,2.6304
HCMV glycoprotein B,hcmvgb,5C6T,A,606,HIS,133.36,0.9536
HCMV glycoprotein B,hcmvgb,5C6T,A,607,ARG,113.98,0.2960
HCMV glycoprotein B,hcmvgb,5C6T,A,608,THR,101.17,-0.1386
HCMV glycoprotein B,hcmvgb,5C6T,A,609,GLU,107.35,0.0711
HCMV glycoprotein B,hcmvgb,5C6T,A,610,GLU,109.06,0.1291
HCMV glycoprotein B,hcmvgb,5C6T,A,611,CYS,115.55,0.3493
HCMV glycoprotein B,hcmvgb,5C6T,A,612,GLN,131.06,0.8755
HCMV glycoprotein B,hcmvgb,5C6T,A,613,LEU,112.91,0.2597
HCMV glycoprotein B,hcmvgb,5C6T,A,614,PRO,106.61,0.0459
HCMV glycoprotein B,hcmvgb,5C6T,A,615,SER,103.21,-0.0694
HCMV glycoprotein B,hcmvgb,5C6T,A,616,LEU,84.23,-0.7134
HCMV glycoprotein B,hcmvgb,5C6T,A,617,LYS,85.83,-0.6591
HCMV glycoprotein B,hcmvgb,5C6T,A,618,ILE,71.63,-1.1409
HCMV glycoprotein B,hcmvgb,5C6T,A,619,PHE,72.57,-1.1090
HCMV glycoprotein B,hcmvgb,5C6T,A,620,ILE,73.84,-1.0659
HCMV glycoprotein B,hcmvgb,5C6T,A,621,ALA,82.26,-0.7802
HCMV glycoprotein B,hcmvgb,5C6T,A,622,GLY,94.79,-0.3551
HCMV glycoprotein B,hcmvgb,5C6T,A,623,ASN,98.83,-0.2180
HCMV glycoprotein B,hcmvgb,5C6T,A,624,SER,101.43,-0.1298
HCMV glycoprotein B,hcmvgb,5C6T,A,625,ALA,76.70,-0.9689
HCMV glycoprotein B,hcmvgb,5C6T,A,626,TYR,73.61,-1.0737
HCMV glycoprotein B,hcmvgb,5C6T,A,627,GLU,80.40,-0.8434
HCMV glycoprotein B,hcmvgb,5C6T,A,628,TYR,82.18,-0.7830
HCMV glycoprotein B,hcmvgb,5C6T,A,629,VAL,87.47,-0.6035
HCMV glycoprotein B,hcmvgb,5C6T,A,630,ASP,88.77,-0.5594
HCMV glycoprotein B,hcmvgb,5C6T,A,631,TYR,92.77,-0.4236
HCMV glycoprotein B,hcmvgb,5C6T,A,632,LEU,87.19,-0.6130
HCMV glycoprotein B,hcmvgb,5C6T,A,633,PHE,81.88,-0.7931
HCMV glycoprotein B,hcmvgb,5C6T,A,634,LYS,89.06,-0.5495
HCMV glycoprotein B,hcmvgb,5C6T,A,635,ARG,80.12,-0.8529
HCMV glycoprotein B,hcmvgb,5C6T,A,636,MET,82.22,-0.7816
HCMV glycoprotein B,hcmvgb,5C6T,A,637,ILE,82.61,-0.7684
HCMV glycoprotein B,hcmvgb,5C6T,A,638,ASP,96.10,-0.3107
HCMV glycoprotein B,hcmvgb,5C6T,A,639,LEU,101.21,-0.1373
HCMV glycoprotein B,hcmvgb,5C6T,A,640,SER,97.77,-0.2540
HCMV glycoprotein B,hcmvgb,5C6T,A,641,SER,93.21,-0.4087
HCMV glycoprotein B,hcmvgb,5C6T,A,642,ILE,86.74,-0.6282
HCMV glycoprotein B,hcmvgb,5C6T,A,643,SER,86.11,-0.6496
HCMV glycoprotein B,hcmvgb,5C6T,A,644,THR,87.18,-0.6133
HCMV glycoprotein B,hcmvgb,5C6T,A,645,VAL,84.05,-0.7195
HCMV glycoprotein B,hcmvgb,5C6T,A,646,ASP,100.56,-0.1593
HCMV glycoprotein B,hcmvgb,5C6T,A,647,SER,83.39,-0.7419
HCMV glycoprotein B,hcmvgb,5C6T,A,648,MET,79.03,-0.8898
HCMV glycoprotein B,hcmvgb,5C6T,A,649,ILE,78.71,-0.9007
HCMV glycoprotein B,hcmvgb,5C6T,A,650,ALA,74.23,-1.0527
HCMV glycoprotein B,hcmvgb,5C6T,A,651,LEU,86.65,-0.6313
HCMV glycoprotein B,hcmvgb,5C6T,A,652,ASP,100.80,-0.1512
HCMV glycoprotein B,hcmvgb,5C6T,A,653,ILE,105.01,-0.0083
HCMV glycoprotein B,hcmvgb,5C6T,A,654,ASP,105.82,0.0191
HCMV glycoprotein B,hcmvgb,5C6T,A,655,PRO,97.67,-0.2574
HCMV glycoprotein B,hcmvgb,5C6T,A,656,LEU,98.69,-0.2228
HCMV glycoprotein B,hcmvgb,5C6T,A,657,GLU,113.85,0.2916
HCMV glycoprotein B,hcmvgb,5C6T,A,658,ASN,105.58,0.0110
HCMV glycoprotein B,hcmvgb,5C6T,A,659,THR,102.04,-0.1091
HCMV glycoprotein B,hcmvgb,5C6T,A,660,ASP,96.16,-0.3086
HCMV glycoprotein B,hcmvgb,5C6T,A,661,PHE,92.61,-0.4291
HCMV glycoprotein B,hcmvgb,5C6T,A,662,ARG,96.91,-0.2832
HCMV glycoprotein B,hcmvgb,5C6T,A,663,VAL,93.38,-0.4029
HCMV glycoprotein B,hcmvgb,5C6T,A,664,LEU,105.87,0.0208
HCMV glycoprotein B,hcmvgb,5C6T,A,665,GLU,93.87,-0.3863
HCMV glycoprotein B,hcmvgb,5C6T,A,666,LEU,89.72,-0.5271
HCMV glycoprotein B,hcmvgb,5C6T,A,667,TYR,82.58,-0.7694
HCMV glycoprotein B,hcmvgb,5C6T,A,668,SER,92.50,-0.4328
HCMV glycoprotein B,hcmvgb,5C6T,A,669,GLN,117.32,0.4093
HCMV glycoprotein B,hcmvgb,5C6T,A,670,LYS,132.63,0.9288
HCMV glycoprotein B,hcmvgb,5C6T,A,671,GLU,103.53,-0.0586
HCMV glycoprotein B,hcmvgb,5C6T,A,672,LEU,96.88,-0.2842
HCMV glycoprotein B,hcmvgb,5C6T,A,673,ARG,100.96,-0.1458
HCMV glycoprotein B,hcmvgb,5C6T,A,674,SER,95.74,-0.3229
HCMV glycoprotein B,hcmvgb,5C6T,A,675,SER,80.90,-0.8264
HCMV glycoprotein B,hcmvgb,5C6T,A,676,ASN,88.99,-0.5519
HCMV glycoprotein B,hcmvgb,5C6T,A,677,VAL,71.94,-1.1304
HCMV glycoprotein B,hcmvgb,5C6T,A,678,PHE,81.08,-0.8203
HCMV glycoprotein B,hcmvgb,5C6T,A,679,ASP,83.29,-0.7453
HCMV glycoprotein B,hcmvgb,5C6T,A,680,LEU,69.89,-1.2000
HCMV glycoprotein B,hcmvgb,5C6T,A,681,GLU,87.75,-0.5940
HCMV glycoprotein B,hcmvgb,5C6T,A,682,GLU,80.97,-0.8240
HCMV glycoprotein B,hcmvgb,5C6T,A,683,ILE,74.90,-1.0300
HCMV glycoprotein B,hcmvgb,5C6T,A,684,MET,79.70,-0.8671
HCMV glycoprotein B,hcmvgb,5C6T,A,685,ARG,79.19,-0.8844
HCMV glycoprotein B,hcmvgb,5C6T,A,686,GLU,87.20,-0.6126
HCMV glycoprotein B,hcmvgb,5C6T,A,687,PHE,81.85,-0.7942
HCMV glycoprotein B,hcmvgb,5C6T,A,688,ASN,95.37,-0.3354
HCMV glycoprotein B,hcmvgb,5C6T,A,689,SER,106.14,0.0300
HCMV glycoprotein B,hcmvgb,5C6T,A,690,TYR,111.80,0.2220
HCMV glycoprotein B,hcmvgb,5C6T,A,691,LYS,113.37,0.2753
HCMV glycoprotein B,hcmvgb,5C6T,A,692,GLN,118.09,0.4355
HCMV glycoprotein B,hcmvgb,5C6T,A,693,ARG,164.22,2.0007
HCMV glycoprotein B,hcmvgb,5C6T,A,694,VAL,158.11,1.7933
HCMV glycoprotein B,hcmvgb,5C6T,A,695,LYS,150.51,1.5355
HCMV glycoprotein B,hcmvgb,5C6T,A,696,TYR,148.55,1.4690
human growth hormone,hgh,1HGU,A,2,PRO,22.63,-1.3143
human growth hormone,hgh,1HGU,A,3,THR,28.07,-0.7001
human growth hormone,hgh,1HGU,A,4,ILE,28.68,-0.6313
human growth hormone,hgh,1HGU,A,5,PRO,29.19,-0.5737
human growth hormone,hgh,1HGU,A,6,LEU,27.08,-0.8119
human growth hormone,hgh,1HGU,A,7,SER,26.36,-0.8932
human growth hormone,hgh,1HGU,A,8,ARG,26.38,-0.8909
human growth hormone,hgh,1HGU,A,9,LEU,22.86,-1.2883
human growth hormone,hgh,1HGU,A,10,PHE,20.93,-1.5062
human growth hormone,hgh,1HGU,A,11,GLN,23.35,-1.2330
human growth hormone,hgh,1HGU,A,12,ASN,20.81,-1.5198
human growth hormone,hgh,1HGU,A,13,ALA,23.02,-1.2703
human growth hormone,hgh,1HGU,A,14,MET,23.52,-1.2138
human growth hormone,hgh,1HGU,A,15,LEU,20.13,-1.5966
human growth hormone,hgh,1HGU,A,16,ARG,19.55,-1.6620
human growth hormone,hgh,1HGU,A,17,ALA,24.84,-1.0648
human growth hormone,hgh,1HGU,A,18,HIS,27.26,-0.7916
human growth hormone,hgh,1HGU,A,19,ARG,29.01,-0.5940
human growth hormone,hgh,1HGU,A,20,LEU,32.06,-0.2497
human growth hormone,hgh,1HGU,A,21,HIS,27.86,-0.7239
human growth hormone,hgh,1HGU,A,22,GLN,26.12,-0.9203
human growth hormone,hgh,1HGU,A,23,LEU,24.70,-1.0806
human growth hormone,hgh,1HGU,A,24,ALA,22.53,-1.3256
human growth hormone,hgh,1HGU,A,25,PHE,28.54,-0.6471
human growth hormone,hgh,1HGU,A,26,ASP,26.83,-0.8401
human growth hormone,hgh,1HGU,A,27,THR,24.19,-1.1382
human growth hormone,hgh,1HGU,A,28,TYR,24.96,-1.0513
human growth hormone,hgh,1HGU,A,29,GLU,29.53,-0.5353
human growth hormone,hgh,1HGU,A,30,GLU,32.15,-0.2395
human growth hormone,hgh,1HGU,A,31,PHE,30.01,-0.4811
human growth hormone,hgh,1HGU,A,32,GLU,32.60,-0.1887
human growth hormone,hgh,1HGU,A,33,GLU,31.15,-0.3524
human growth hormone,hgh,1HGU,A,34,ALA,33.31,-0.1086
human growth hormone,hgh,1HGU,A,35,TYR,35.36,0.1229
human growth hormone,hgh,1HGU,A,36,ILE,36.94,0.3013
human growth hormone,hgh,1HGU,A,37,PRO,38.32,0.4571
human growth hormone,hgh,1HGU,A,40,GLN,44.55,1.1604
human growth hormone,hgh,1HGU,A,41,LYS,44.03,1.1017
human growth hormone,hgh,1HGU,A,42,TYR,41.90,0.8612
human growth hormone,hgh,1HGU,A,43,SER,40.46,0.6987
human growth hormone,hgh,1HGU,A,44,PHE,37.82,0.4006
human growth hormone,hgh,1HGU,A,45,LEU,38.26,0.4503
human growth hormone,hgh,1HGU,A,46,GLN,38.26,0.4503
human growth hormone,hgh,1HGU,A,47,ALA,35.14,0.0981
human growth hormone,hgh,1HGU,A,48,PRO,33.18,-0.1232
human growth hormone,hgh,1HGU,A,49,GLN,33.93,-0.0386
human growth hormone,hgh,1HGU,A,50,ALA,35.97,0.1918
human growth hormone,hgh,1HGU,A,51,SER,38.34,0.4593
human growth hormone,hgh,1HGU,A,52,LEU,38.09,0.4311
human growth hormone,hgh,1HGU,A,53,CYS,37.24,0.3351
human growth hormone,hgh,1HGU,A,54,PHE,33.03,-0.1402
human growth hormone,hgh,1HGU,A,55,SER,30.04,-0.4777
human growth hormone,hgh,1HGU,A,56,GLU,29.98,-0.4845
human growth hormone,hgh,1HGU,A,57,SER,37.58,0.3735
human growth hormone,hgh,1HGU,A,58,ILE,41.86,0.8567
human growth hormone,hgh,1HGU,A,59,PRO,45.17,1.2304
human growth hormone,hgh,1HGU,A,60,THR,48.65,1.6233
human growth hormone,hgh,1HGU,A,61,PRO,53.18,2.1347
human growth hormone,hgh,1HGU,A,62,SER,55.29,2.3730
human growth hormone,hgh,1HGU,A,63,ASN,53.38,2.1573
human growth hormone,hgh,1HGU,A,64,ARG,48.75,1.6346
human growth hormone,hgh,1HGU,A,65,GLU,42.69,0.9504
human growth hormone,hgh,1HGU,A,66,GLN,41.41,0.8059
human growth hormone,hgh,1HGU,A,67,ALA,45.39,1.2553
human growth hormone,hgh,1HGU,A,68,GLN,47.80,1.5274
human growth hormone,hgh,1HGU,A,69,GLN,49.49,1.7182
human growth hormone,hgh,1HGU,A,70,LYS,46.50,1.3806
human growth hormone,hgh,1HGU,A,71,SER,42.91,0.9753
human growth hormone,hgh,1HGU,A,72,ASN,37.34,0.3464
human growth hormone,hgh,1HGU,A,73,LEU,31.75,-0.2847
human growth hormone,hgh,1HGU,A,74,GLN,27.26,-0.7916
human growth hormone,hgh,1HGU,A,75,LEU,24.92,-1.0558
human growth hormone,hgh,1HGU,A,76,LEU,24.40,-1.1145
human growth hormone,hgh,1HGU,A,77,ARG,26.39,-0.8898
human growth hormone,hgh,1HGU,A,78,ILE,26.53,-0.8740
human growth hormone,hgh,1HGU,A,79,SER,26.63,-0.8627
human growth hormone,hgh,1HGU,A,80,LEU,26.02,-0.9316
human growth hormone,hgh,1HGU,A,81,LEU,28.50,-0.6516
human growth hormone,hgh,1HGU,A,82,LEU,30.81,-0.3908
human growth hormone,hgh,1HGU,A,83,ILE,35.27,0.1127
human growth hormone,hgh,1HGU,A,84,GLN,39.33,0.5711
human growth hormone,hgh,1HGU,A,85,SER,41.86,0.8567
human growth hormone,hgh,1HGU,A,86,TRP,41.25,0.7879
human growth hormone,hgh,1HGU,A,87,LEU,38.56,0.4842
human growth hormone,hgh,1HGU,A,88,GLU,42.51,0.9301
human growth hormone,hgh,1HGU,A,89,PRO,40.54,0.7077
human growth hormone,hgh,1HGU,A,90,VAL,42.38,0.9154
human growth hormone,hgh,1HGU,A,91,GLY,46.90,1.4257
human growth hormone,hgh,1HGU,A,92,PHE,51.17,1.9078
human growth hormone,hgh,1HGU,A,93,LEU,50.74,1.8593
human growth hormone,hgh,1HGU,A,94,ARG,49.37,1.7046
human growth hormone,hgh,1HGU,A,95,SER,48.39,1.5940
human growth hormone,hgh,1HGU,A,96,VAL,45.62,1.2812
human growth hormone,hgh,1HGU,A,97,PHE,43.45,1.0362
human growth hormone,hgh,1HGU,A,98,ALA,38.57,0.4853
human growth hormone,hgh,1HGU,A,99,ASN,35.17,0.1014
human growth hormone,hgh,1HGU,A,100,SER,36.26,0.2245
human growth hormone,hgh,1HGU,A,101,LEU,37.11,0.3205
human growth hormone,hgh,1HGU,A,102,VAL,38.70,0.5000
human growth hormone,hgh,1HGU,A,103,TYR,39.78,0.6219
human growth hormone,hgh,1HGU,A,104,GLY,41.09,0.7698
human growth hormone,hgh,1HGU,A,105,ALA,43.35,1.0250
human growth hormone,hgh,1HGU,A,106,SER,43.44,1.0351
human growth hormone,hgh,1HGU,A,107,ASP,43.49,1.0408
human growth hormone,hgh,1HGU,A,108,SER,44.64,1.1706
human growth hormone,hgh,1HGU,A,109,ASP,44.56,1.1616
human growth hormone,hgh,1HGU,A,110,VAL,35.93,0.1872
human growth hormone,hgh,1HGU,A,111,TYR,30.82,-0.3897
human growth hormone,hgh,1HGU,A,112,ASP,27.68,-0.7442
human growth hormone,hgh,1HGU,A,113,LEU,22.68,-1.3087
human growth hormone,hgh,1HGU,A,114,LEU,23.34,-1.2342
human growth hormone,hgh,1HGU,A,115,LYS,27.16,-0.8029
human growth hormone,hgh,1HGU,A,116,ASP,27.91,-0.7182
human growth hormone,hgh,1HGU,A,117,LEU,27.89,-0.7205
human growth hormone,hgh,1HGU,A,118,GLU,29.84,-0.5003
human growth hormone,hgh,1HGU,A,119,GLU,25.89,-0.9463
human growth hormone,hgh,1HGU,A,120,GLY,28.68,-0.6313
human growth hormone,hgh,1HGU,A,121,ILE,29.06,-0.5884
human growth hormone,hgh,1HGU,A,122,GLN,35.57,0.1466
human growth hormone,hgh,1HGU,A,123,THR,36.37,0.2369
human growth hormone,hgh,1HGU,A,124,LEU,35.11,0.0947
human growth hormone,hgh,1HGU,A,125,MET,34.52,0.0281
human growth hormone,hgh,1HGU,A,126,GLY,33.62,-0.0736
human growth hormone,hgh,1HGU,A,127,ARG,36.93,0.3001
human growth hormone,hgh,1HGU,A,128,LEU,33.99,-0.0318
human growth hormone,hgh,1HGU,A,129,GLU,36.03,0.1985
human growth hormone,hgh,1HGU,A,130,ASP,38.67,0.4966
human growth hormone,hgh,1HGU,A,131,GLY,42.21,0.8962
human growth hormone,hgh,1HGU,A,132,SER,42.51,0.9301
human growth hormone,hgh,1HGU,A,133,PRO,40.25,0.6750
human growth hormone,hgh,1HGU,A,134,ARG,39.08,0.5429
human growth hormone,hgh,1HGU,A,135,THR,37.72,0.3893
human growth hormone,hgh,1HGU,A,136,GLY,36.51,0.2527
human growth hormone,hgh,1HGU,A,137,GLN,36.88,0.2945
human growth hormone,hgh,1HGU,A,138,ALA,39.39,0.5779
human growth hormone,hgh,1HGU,A,139,PHE,38.66,0.4955
human growth hormone,hgh,1HGU,A,140,LYS,38.97,0.5305
human growth hormone,hgh,1HGU,A,141,GLN,40.31,0.6817
human growth hormone,hgh,1HGU,A,142,THR,35.09,0.0924
human growth hormone,hgh,1HGU,A,143,TYR,36.40,0.2403
human growth hormone,hgh,1HGU,A,144,ALA,34.82,0.0619
human growth hormone,hgh,1HGU,A,145,LYS,33.03,-0.1402
human growth hormone,hgh,1HGU,A,146,PHE,38.24,0.4480
human growth hormone,hgh,1HGU,A,147,ASP,39.13,0.5485
human growth hormone,hgh,1HGU,A,148,ALA,43.41,1.0317
human growth hormone,hgh,1HGU,A,149,ASN,44.62,1.1683
human growth hormone,hgh,1HGU,A,150,SER,45.00,1.2112
human growth hormone,hgh,1HGU,A,151,HIS,45.16,1.2293
human growth hormone,hgh,1HGU,A,152,ASN,42.83,0.9662
human growth hormone,hgh,1HGU,A,153,ASP,37.12,0.3216
human growth hormone,hgh,1HGU,A,154,ASP,32.52,-0.1977
human growth hormone,hgh,1HGU,A,155,ALA,25.99,-0.9350
human growth hormone,hgh,1HGU,A,156,LEU,24.87,-1.0614
human growth hormone,hgh,1HGU,A,157,LEU,24.41,-1.1134
human growth hormone,hgh,1HGU,A,158,LYS,24.12,-1.1461
human growth hormone,hgh,1HGU,A,159,ASN,25.68,-0.9700
human growth hormone,hgh,1HGU,A,160,TYR,27.29,-0.7882
human growth hormone,hgh,1HGU,A,161,GLY,24.69,-1.0817
human growth hormone,hgh,1HGU,A,162,LEU,21.04,-1.4938
human growth hormone,hgh,1HGU,A,163,LEU,24.39,-1.1156
human growth hormone,hgh,1HGU,A,164,TYR,26.96,-0.8255
human growth hormone,hgh,1HGU,A,165,CYS,30.76,-0.3964
human growth hormone,hgh,1HGU,A,166,PHE,24.32,-1.1235
human growth hormone,hgh,1HGU,A,167,ARG,25.51,-0.9892
human growth hormone,hgh,1HGU,A,168,LYS,23.35,-1.2330
human growth hormone,hgh,1HGU,A,169,ASP,19.37,-1.6824
human growth hormone,hgh,1HGU,A,170,MET,24.90,-1.0580
human growth hormone,hgh,1HGU,A,171,ASP,22.65,-1.3121
human growth hormone,hgh,1HGU,A,172,LYS,17.38,-1.9070
human growth hormone,hgh,1HGU,A,173,VAL,17.56,-1.8867
human growth hormone,hgh,1HGU,A,174,GLU,20.49,-1.5559
human growth hormone,hgh,1HGU,A,175,THR,17.29,-1.9172
human growth hormone,hgh,1HGU,A,176,PHE,22.14,-1.3696
human growth hormone,hgh,1HGU,A,177,LEU,20.79,-1.5220
human growth hormone,hgh,1HGU,A,178,ARG,23.37,-1.2308
human growth hormone,hgh,1HGU,A,179,ILE,21.57,-1.4340
human growth hormone,hgh,1HGU,A,180,VAL,24.08,-1.1506
human growth hormone,hgh,1HGU,A,181,GLN,31.59,-0.3027
human growth hormone,hgh,1HGU,A,182,CYS,40.15,0.6637
human growth hormone,hgh,1HGU,A,183,ARG,40.47,0.6998
human growth hormone,hgh,1HGU,A,184,SER,39.66,0.6084
human growth hormone,hgh,1HGU,A,185,VAL,46.22,1.3490
human growth hormone,hgh,1HGU,A,186,GLU,45.73,1.2937
human growth hormone,hgh,1HGU,A,187,GLY,44.58,1.1638
human growth hormone,hgh,1HGU,A,188,SER,49.00,1.6628
human growth hormone,hgh,1HGU,A,189,CYS,50.74,1.8593
human growth hormone,hgh,1HGU,A,190,GLY,52.96,2.1099
