antigen,key,pdb,chain,resid,resname,bb_dih_std,bb_dih_std_z,chi1_std,chi1_std_z
1AKI,1AKI,1AKI,A,1,LYS,15.358,0.1402,28.911,0.0997
1AKI,1AKI,1AKI,A,2,VAL,14.232,0.0155,,
1AKI,1AKI,1AKI,A,3,PHE,12.513,-0.1748,13.995,-0.6230
1AKI,1AKI,1AKI,A,4,GLY,10.020,-0.4509,,
1AKI,1AKI,1AKI,A,5,ARG,9.300,-0.5305,70.165,2.0986
1AKI,1AKI,1AKI,A,6,CYS,9.299,-0.5306,,
1AKI,1AKI,1AKI,A,7,GLU,8.030,-0.6712,56.133,1.4187
1AKI,1AKI,1AKI,A,8,LEU,7.953,-0.6797,8.432,-0.8925
1AKI,1AKI,1AKI,A,9,ALA,8.574,-0.6109,,
1AKI,1AKI,1AKI,A,10,ALA,8.616,-0.6062,,
1AKI,1AKI,1AKI,A,11,ALA,8.667,-0.6006,,
1AKI,1AKI,1AKI,A,12,MET,8.650,-0.6025,8.137,-0.9068
1AKI,1AKI,1AKI,A,13,LYS,10.885,-0.3551,12.771,-0.6823
1AKI,1AKI,1AKI,A,14,ARG,13.184,-0.1005,56.294,1.4265
1AKI,1AKI,1AKI,A,15,HIS,14.731,0.0708,33.978,0.3452
1AKI,1AKI,1AKI,A,16,GLY,15.773,0.1861,,
1AKI,1AKI,1AKI,A,17,LEU,16.007,0.2121,24.769,-0.1009
1AKI,1AKI,1AKI,A,18,ASP,12.828,-0.1399,10.130,-0.8102
1AKI,1AKI,1AKI,A,19,ASN,12.152,-0.2148,61.558,1.6816
1AKI,1AKI,1AKI,A,20,TYR,8.958,-0.5684,9.858,-0.8234
1AKI,1AKI,1AKI,A,21,ARG,14.018,-0.0082,25.258,-0.0773
1AKI,1AKI,1AKI,A,22,GLY,16.396,0.2551,,
1AKI,1AKI,1AKI,A,23,TYR,11.170,-0.3235,9.724,-0.8299
1AKI,1AKI,1AKI,A,24,SER,8.813,-0.5844,,
1AKI,1AKI,1AKI,A,25,LEU,9.448,-0.5142,47.607,1.0056
1AKI,1AKI,1AKI,A,26,GLY,7.978,-0.6769,,
1AKI,1AKI,1AKI,A,27,ASN,9.783,-0.4771,8.921,-0.8688
1AKI,1AKI,1AKI,A,28,TRP,10.134,-0.4382,8.770,-0.8761
1AKI,1AKI,1AKI,A,29,VAL,7.791,-0.6976,,
1AKI,1AKI,1AKI,A,30,CYS,9.649,-0.4919,,
1AKI,1AKI,1AKI,A,31,ALA,11.932,-0.2391,,
1AKI,1AKI,1AKI,A,32,ALA,13.357,-0.0814,,
1AKI,1AKI,1AKI,A,33,LYS,16.334,0.2482,11.808,-0.7289
1AKI,1AKI,1AKI,A,34,PHE,16.667,0.2851,9.866,-0.8231
1AKI,1AKI,1AKI,A,35,GLU,14.368,0.0306,37.894,0.5350
1AKI,1AKI,1AKI,A,36,SER,8.742,-0.5923,,
1AKI,1AKI,1AKI,A,37,ASN,9.001,-0.5637,45.256,0.8917
1AKI,1AKI,1AKI,A,38,PHE,11.593,-0.2767,9.715,-0.8304
1AKI,1AKI,1AKI,A,39,ASN,9.785,-0.4768,12.406,-0.7000
1AKI,1AKI,1AKI,A,40,THR,15.899,0.2001,,
1AKI,1AKI,1AKI,A,41,GLN,15.021,0.1029,36.849,0.4844
1AKI,1AKI,1AKI,A,42,ALA,12.736,-0.1501,,
1AKI,1AKI,1AKI,A,43,THR,13.400,-0.0766,,
1AKI,1AKI,1AKI,A,44,ASN,13.923,-0.0187,45.084,0.8834
1AKI,1AKI,1AKI,A,45,ARG,13.091,-0.1108,42.571,0.7616
1AKI,1AKI,1AKI,A,46,ASN,12.710,-0.1530,7.211,-0.9517
1AKI,1AKI,1AKI,A,47,THR,13.787,-0.0337,,
1AKI,1AKI,1AKI,A,48,ASP,12.594,-0.1658,9.749,-0.8287
1AKI,1AKI,1AKI,A,49,GLY,10.728,-0.3725,,
1AKI,1AKI,1AKI,A,50,SER,9.301,-0.5305,,
1AKI,1AKI,1AKI,A,51,THR,10.411,-0.4075,,
1AKI,1AKI,1AKI,A,52,ASP,10.600,-0.3866,10.763,-0.7796
1AKI,1AKI,1AKI,A,53,TYR,9.191,-0.5426,8.298,-0.8990
1AKI,1AKI,1AKI,A,54,GLY,8.541,-0.6146,,
1AKI,1AKI,1AKI,A,55,ILE,9.877,-0.4666,9.186,-0.8560
1AKI,1AKI,1AKI,A,56,LEU,10.557,-0.3913,12.429,-0.6988
1AKI,1AKI,1AKI,A,57,GLN,11.297,-0.3094,6.709,-0.9760
1AKI,1AKI,1AKI,A,58,ILE,8.933,-0.5712,16.381,-0.5073
1AKI,1AKI,1AKI,A,59,ASN,10.112,-0.4406,7.331,-0.9458
1AKI,1AKI,1AKI,A,60,SER,11.578,-0.2784,,
1AKI,1AKI,1AKI,A,61,ARG,12.225,-0.2067,16.156,-0.5183
1AKI,1AKI,1AKI,A,62,TRP,11.083,-0.3331,19.970,-0.3335
1AKI,1AKI,1AKI,A,63,TRP,11.452,-0.2922,8.025,-0.9122
1AKI,1AKI,1AKI,A,64,CYS,12.372,-0.1905,,
1AKI,1AKI,1AKI,A,65,ASN,10.972,-0.3455,20.192,-0.3227
1AKI,1AKI,1AKI,A,66,ASP,14.593,0.0554,7.435,-0.9408
1AKI,1AKI,1AKI,A,67,GLY,20.807,0.7434,,
1AKI,1AKI,1AKI,A,68,ARG,15.750,0.1835,61.552,1.6813
1AKI,1AKI,1AKI,A,69,THR,48.430,3.8017,,
1AKI,1AKI,1AKI,A,70,PRO,67.890,5.9563,,
1AKI,1AKI,1AKI,A,71,GLY,28.206,1.5626,,
1AKI,1AKI,1AKI,A,72,SER,13.903,-0.0210,,
1AKI,1AKI,1AKI,A,73,ARG,8.524,-0.6165,40.263,0.6498
1AKI,1AKI,1AKI,A,74,ASN,9.702,-0.4861,7.687,-0.9286
1AKI,1AKI,1AKI,A,75,LEU,9.529,-0.5051,14.386,-0.6040
1AKI,1AKI,1AKI,A,76,CYS,10.090,-0.4431,,
1AKI,1AKI,1AKI,A,77,ASN,9.990,-0.4541,55.674,1.3965
1AKI,1AKI,1AKI,A,78,ILE,8.866,-0.5786,67.942,1.9909
1AKI,1AKI,1AKI,A,79,PRO,8.374,-0.6331,,
1AKI,1AKI,1AKI,A,80,CYS,9.114,-0.5511,,
1AKI,1AKI,1AKI,A,81,SER,10.024,-0.4504,,
1AKI,1AKI,1AKI,A,82,ALA,12.640,-0.1607,,
1AKI,1AKI,1AKI,A,83,LEU,17.510,0.3785,7.719,-0.9271
1AKI,1AKI,1AKI,A,84,LEU,18.740,0.5146,10.245,-0.8047
1AKI,1AKI,1AKI,A,85,SER,13.120,-0.1076,,
1AKI,1AKI,1AKI,A,86,SER,18.120,0.4460,,
1AKI,1AKI,1AKI,A,87,ASP,10.846,-0.3594,23.974,-0.1394
1AKI,1AKI,1AKI,A,88,ILE,9.637,-0.4933,8.571,-0.8858
1AKI,1AKI,1AKI,A,89,THR,8.649,-0.6026,,
1AKI,1AKI,1AKI,A,90,ALA,8.869,-0.5782,,
1AKI,1AKI,1AKI,A,91,SER,9.345,-0.5255,,
1AKI,1AKI,1AKI,A,92,VAL,9.681,-0.4884,,
1AKI,1AKI,1AKI,A,93,ASN,8.914,-0.5732,54.703,1.3494
1AKI,1AKI,1AKI,A,94,CYS,8.306,-0.6406,,
1AKI,1AKI,1AKI,A,95,ALA,8.743,-0.5922,,
1AKI,1AKI,1AKI,A,96,LYS,9.639,-0.4930,50.871,1.1638
1AKI,1AKI,1AKI,A,97,LYS,9.511,-0.5071,51.740,1.2059
1AKI,1AKI,1AKI,A,98,ILE,16.686,0.2872,10.681,-0.7835
1AKI,1AKI,1AKI,A,99,VAL,22.304,0.9092,,
1AKI,1AKI,1AKI,A,100,SER,52.646,4.2685,,
1AKI,1AKI,1AKI,A,101,ASP,59.436,5.0203,76.092,2.3858
1AKI,1AKI,1AKI,A,102,GLY,24.965,1.2038,,
1AKI,1AKI,1AKI,A,103,ASN,18.701,0.5103,62.115,1.7086
1AKI,1AKI,1AKI,A,104,GLY,12.630,-0.1618,,
1AKI,1AKI,1AKI,A,105,MET,9.131,-0.5492,25.037,-0.0880
1AKI,1AKI,1AKI,A,106,ASN,14.782,0.0764,54.457,1.3375
1AKI,1AKI,1AKI,A,107,ALA,15.040,0.1050,,
1AKI,1AKI,1AKI,A,108,TRP,9.842,-0.4706,11.113,-0.7626
1AKI,1AKI,1AKI,A,109,VAL,15.504,0.1564,,
1AKI,1AKI,1AKI,A,110,ALA,11.876,-0.2453,,
1AKI,1AKI,1AKI,A,111,TRP,11.096,-0.3317,6.592,-0.9817
1AKI,1AKI,1AKI,A,112,ARG,18.865,0.5284,65.417,1.8686
1AKI,1AKI,1AKI,A,113,ASN,17.493,0.3766,25.099,-0.0850
1AKI,1AKI,1AKI,A,114,ARG,15.422,0.1473,10.495,-0.7926
1AKI,1AKI,1AKI,A,115,CYS,18.025,0.4354,,
1AKI,1AKI,1AKI,A,116,LYS,19.012,0.5448,20.149,-0.3248
1AKI,1AKI,1AKI,A,117,GLY,16.085,0.2206,,
1AKI,1AKI,1AKI,A,118,THR,12.619,-0.1630,,
1AKI,1AKI,1AKI,A,119,ASP,11.845,-0.2487,7.481,-0.9386
1AKI,1AKI,1AKI,A,120,VAL,8.427,-0.6272,,
1AKI,1AKI,1AKI,A,121,GLN,9.721,-0.4840,41.015,0.6862
1AKI,1AKI,1AKI,A,122,ALA,9.848,-0.4698,,
1AKI,1AKI,1AKI,A,123,TRP,11.266,-0.3129,9.392,-0.8460
1AKI,1AKI,1AKI,A,124,ILE,26.949,1.4235,11.841,-0.7274
1AKI,1AKI,1AKI,A,125,ARG,31.753,1.9553,46.909,0.9718
1AKI,1AKI,1AKI,A,126,GLY,18.365,0.4731,,
1AKI,1AKI,1AKI,A,127,CYS,28.195,1.5614,,
1AKI,1AKI,1AKI,A,128,ARG,,,57.866,1.5027
1AKI,1AKI,1AKI,A,129,LEU,,,29.601,0.1332
2JEL,2JEL,2JEL,A,1,MET,10.733,-0.4088,29.425,-0.4647
2JEL,2JEL,2JEL,A,2,PHE,9.226,-0.7164,9.081,-1.3120
2JEL,2JEL,2JEL,A,3,GLN,10.757,-0.4039,57.111,0.6882
2JEL,2JEL,2JEL,A,4,GLN,13.621,0.1805,45.271,0.1951
2JEL,2JEL,2JEL,A,5,GLU,10.763,-0.4026,45.366,0.1991
2JEL,2JEL,2JEL,A,6,VAL,12.514,-0.0453,,
2JEL,2JEL,2JEL,A,7,THR,11.202,-0.3131,,
2JEL,2JEL,2JEL,A,8,ILE,12.951,0.0439,7.976,-1.3580
2JEL,2JEL,2JEL,A,9,THR,12.363,-0.0761,,
2JEL,2JEL,2JEL,A,10,ALA,11.537,-0.2447,,
2JEL,2JEL,2JEL,A,11,PRO,16.292,0.7257,,
2JEL,2JEL,2JEL,A,12,ASN,13.619,0.1801,51.154,0.4401
2JEL,2JEL,2JEL,A,13,GLY,21.919,1.8740,,
2JEL,2JEL,2JEL,A,14,LEU,16.844,0.8382,40.573,-0.0005
2JEL,2JEL,2JEL,A,15,HIS,11.687,-0.2141,26.092,-0.6035
2JEL,2JEL,2JEL,A,16,THR,9.354,-0.6903,,
2JEL,2JEL,2JEL,A,17,ARG,10.097,-0.5386,49.503,0.3714
2JEL,2JEL,2JEL,A,18,PRO,8.592,-0.8457,,
2JEL,2JEL,2JEL,A,19,ALA,9.248,-0.7118,,
2JEL,2JEL,2JEL,A,20,ALA,9.744,-0.6105,,
2JEL,2JEL,2JEL,A,21,GLN,9.193,-0.7231,57.808,0.7172
2JEL,2JEL,2JEL,A,22,PHE,8.236,-0.9183,43.324,0.1141
2JEL,2JEL,2JEL,A,23,VAL,9.207,-0.7201,,
2JEL,2JEL,2JEL,A,24,LYS,9.399,-0.6809,44.751,0.1735
2JEL,2JEL,2JEL,A,25,GLU,9.012,-0.7600,7.624,-1.3726
2JEL,2JEL,2JEL,A,26,ALA,9.990,-0.5604,,
2JEL,2JEL,2JEL,A,27,LYS,13.847,0.2267,21.966,-0.7754
2JEL,2JEL,2JEL,A,28,GLY,14.476,0.3550,,
2JEL,2JEL,2JEL,A,29,PHE,11.584,-0.2352,8.506,-1.3359
2JEL,2JEL,2JEL,A,30,THR,9.582,-0.6436,,
2JEL,2JEL,2JEL,A,31,SER,10.942,-0.3660,,
2JEL,2JEL,2JEL,A,32,GLU,9.756,-0.6081,73.157,1.3565
2JEL,2JEL,2JEL,A,33,ILE,10.783,-0.3986,8.013,-1.3565
2JEL,2JEL,2JEL,A,34,THR,10.999,-0.3545,,
2JEL,2JEL,2JEL,A,35,VAL,9.301,-0.7011,,
2JEL,2JEL,2JEL,A,36,THR,12.508,-0.0465,,
2JEL,2JEL,2JEL,A,37,SER,15.596,0.5836,,
2JEL,2JEL,2JEL,A,38,ASN,15.609,0.5862,50.103,0.3963
2JEL,2JEL,2JEL,A,39,GLY,16.249,0.7168,,
2JEL,2JEL,2JEL,A,40,LYS,11.671,-0.2174,53.786,0.5497
2JEL,2JEL,2JEL,A,41,SER,10.641,-0.4275,,
2JEL,2JEL,2JEL,A,42,ALA,11.356,-0.2816,,
2JEL,2JEL,2JEL,A,43,SER,11.215,-0.3105,,
2JEL,2JEL,2JEL,A,44,ALA,10.949,-0.3647,,
2JEL,2JEL,2JEL,A,45,LYS,15.331,0.5296,12.824,-1.1561
2JEL,2JEL,2JEL,A,46,SER,18.014,1.0771,,
2JEL,2JEL,2JEL,A,47,LEU,15.993,0.6646,50.288,0.4041
2JEL,2JEL,2JEL,A,48,PHE,16.120,0.6905,81.615,1.7087
2JEL,2JEL,2JEL,A,49,LYS,10.691,-0.4173,56.432,0.6599
2JEL,2JEL,2JEL,A,50,LEU,14.007,0.2594,32.551,-0.3346
2JEL,2JEL,2JEL,A,51,GLN,18.447,1.1655,77.596,1.5413
2JEL,2JEL,2JEL,A,52,THR,14.354,0.3302,,
2JEL,2JEL,2JEL,A,53,LEU,16.320,0.7313,48.980,0.3496
2JEL,2JEL,2JEL,A,54,GLY,18.258,1.1267,,
2JEL,2JEL,2JEL,A,55,LEU,15.549,0.5740,9.366,-1.3001
2JEL,2JEL,2JEL,A,56,THR,9.511,-0.6581,,
2JEL,2JEL,2JEL,A,57,GLN,12.076,-0.1348,25.454,-0.6301
2JEL,2JEL,2JEL,A,58,GLY,12.559,-0.0361,,
2JEL,2JEL,2JEL,A,59,THR,11.680,-0.2155,,
2JEL,2JEL,2JEL,A,60,VAL,12.316,-0.0858,,
2JEL,2JEL,2JEL,A,61,VAL,11.413,-0.2701,,
2JEL,2JEL,2JEL,A,62,THR,10.342,-0.4886,,
2JEL,2JEL,2JEL,A,63,ILE,10.340,-0.4890,9.181,-1.3078
2JEL,2JEL,2JEL,A,64,SER,8.948,-0.7730,,
2JEL,2JEL,2JEL,A,65,ALA,9.999,-0.5586,,
2JEL,2JEL,2JEL,A,66,GLU,12.357,-0.0774,56.664,0.6696
2JEL,2JEL,2JEL,A,67,GLY,16.149,0.6965,,
2JEL,2JEL,2JEL,A,68,GLU,12.885,0.0304,104.291,2.6530
2JEL,2JEL,2JEL,A,69,ASP,8.781,-0.8072,7.980,-1.3578
2JEL,2JEL,2JEL,A,70,GLU,11.076,-0.3388,9.726,-1.2851
2JEL,2JEL,2JEL,A,71,GLN,12.475,-0.0532,52.942,0.5146
2JEL,2JEL,2JEL,A,72,LYS,10.455,-0.4656,66.210,1.0672
2JEL,2JEL,2JEL,A,73,ALA,9.363,-0.6883,,
2JEL,2JEL,2JEL,A,74,VAL,10.170,-0.5236,,
2JEL,2JEL,2JEL,A,75,GLU,10.148,-0.5282,49.106,0.3548
2JEL,2JEL,2JEL,A,76,HIS,9.546,-0.6510,8.093,-1.3531
2JEL,2JEL,2JEL,A,77,LEU,9.869,-0.5850,15.311,-1.0525
2JEL,2JEL,2JEL,A,78,VAL,10.506,-0.4551,,
2JEL,2JEL,2JEL,A,79,LYS,11.381,-0.2765,55.587,0.6248
2JEL,2JEL,2JEL,A,80,LEU,12.185,-0.1125,51.851,0.4692
2JEL,2JEL,2JEL,A,81,MET,20.122,1.5071,27.741,-0.5349
2JEL,2JEL,2JEL,A,82,ALA,26.157,2.7388,,
2JEL,2JEL,2JEL,A,83,GLU,46.044,6.7971,52.096,0.4794
2JEL,2JEL,2JEL,A,84,LEU,,,52.134,0.4809
2JEL,2JEL,2JEL,A,85,GLU,,,81.718,1.7130
1AHW,1AHW,1AHW,A,1,THR,63.311,3.2782,,
1AHW,1AHW,1AHW,A,2,ASN,24.236,0.5634,56.313,0.6608
1AHW,1AHW,1AHW,A,3,THR,11.945,-0.2905,,
1AHW,1AHW,1AHW,A,4,VAL,10.047,-0.4223,,
1AHW,1AHW,1AHW,A,5,ALA,9.548,-0.4570,,
1AHW,1AHW,1AHW,A,6,ALA,8.670,-0.5180,,
1AHW,1AHW,1AHW,A,7,TYR,8.660,-0.5187,21.460,-0.5772
1AHW,1AHW,1AHW,A,8,ASN,9.803,-0.4393,55.005,0.6143
1AHW,1AHW,1AHW,A,9,LEU,11.608,-0.3138,8.217,-1.0475
1AHW,1AHW,1AHW,A,10,THR,11.660,-0.3103,,
1AHW,1AHW,1AHW,A,11,TRP,13.860,-0.1574,8.272,-1.0455
1AHW,1AHW,1AHW,A,12,LYS,10.672,-0.3789,79.201,1.4737
1AHW,1AHW,1AHW,A,13,SER,8.395,-0.5371,,
1AHW,1AHW,1AHW,A,14,THR,7.938,-0.5689,,
1AHW,1AHW,1AHW,A,15,ASN,8.364,-0.5393,37.267,-0.0157
1AHW,1AHW,1AHW,A,16,PHE,10.416,-0.3967,10.188,-0.9775
1AHW,1AHW,1AHW,A,17,LYS,10.497,-0.3911,59.038,0.7575
1AHW,1AHW,1AHW,A,18,THR,11.262,-0.3379,,
1AHW,1AHW,1AHW,A,19,ILE,10.555,-0.3871,46.197,0.3014
1AHW,1AHW,1AHW,A,20,LEU,10.369,-0.4000,10.941,-0.9508
1AHW,1AHW,1AHW,A,21,GLU,8.700,-0.5159,135.993,3.4907
1AHW,1AHW,1AHW,A,22,TRP,9.426,-0.4654,5.575,-1.1413
1AHW,1AHW,1AHW,A,23,GLU,9.850,-0.4360,18.757,-0.6732
1AHW,1AHW,1AHW,A,24,PRO,14.934,-0.0828,,
1AHW,1AHW,1AHW,A,25,LYS,12.577,-0.2465,58.357,0.7333
1AHW,1AHW,1AHW,A,26,PRO,14.401,-0.1198,,
1AHW,1AHW,1AHW,A,27,VAL,10.544,-0.3878,,
1AHW,1AHW,1AHW,A,28,ASN,10.454,-0.3940,17.863,-0.7049
1AHW,1AHW,1AHW,A,29,GLN,10.505,-0.3905,61.434,0.8426
1AHW,1AHW,1AHW,A,30,VAL,11.048,-0.3528,,
1AHW,1AHW,1AHW,A,31,TYR,10.896,-0.3633,7.485,-1.0735
1AHW,1AHW,1AHW,A,32,THR,11.244,-0.3391,,
1AHW,1AHW,1AHW,A,33,VAL,10.637,-0.3813,,
1AHW,1AHW,1AHW,A,34,GLN,9.269,-0.4764,18.369,-0.6869
1AHW,1AHW,1AHW,A,35,ILE,9.415,-0.4663,9.216,-1.0120
1AHW,1AHW,1AHW,A,36,SER,11.587,-0.3153,,
1AHW,1AHW,1AHW,A,37,THR,8.995,-0.4954,,
1AHW,1AHW,1AHW,A,38,LYS,13.105,-0.2099,39.709,0.0710
1AHW,1AHW,1AHW,A,39,SER,20.740,0.3206,,
1AHW,1AHW,1AHW,A,40,GLY,17.983,0.1290,,
1AHW,1AHW,1AHW,A,41,ASP,12.618,-0.2437,79.357,1.4792
1AHW,1AHW,1AHW,A,42,TRP,13.697,-0.1687,8.018,-1.0546
1AHW,1AHW,1AHW,A,43,LYS,11.982,-0.2879,61.324,0.8387
1AHW,1AHW,1AHW,A,44,SER,9.191,-0.4818,,
1AHW,1AHW,1AHW,A,45,LYS,9.339,-0.4715,32.984,-0.1678
1AHW,1AHW,1AHW,A,46,CYS,10.460,-0.3936,,
1AHW,1AHW,1AHW,A,47,PHE,9.897,-0.4327,54.286,0.5888
1AHW,1AHW,1AHW,A,48,TYR,12.367,-0.2611,26.907,-0.3837
1AHW,1AHW,1AHW,A,49,THR,14.052,-0.1441,,
1AHW,1AHW,1AHW,A,50,THR,18.704,0.1791,,
1AHW,1AHW,1AHW,A,51,ASP,13.496,-0.1827,50.620,0.4586
1AHW,1AHW,1AHW,A,52,THR,10.692,-0.3775,,
1AHW,1AHW,1AHW,A,53,GLU,9.583,-0.4546,76.979,1.3947
1AHW,1AHW,1AHW,A,54,CYS,9.867,-0.4348,,
1AHW,1AHW,1AHW,A,55,ASP,9.444,-0.4642,8.994,-1.0199
1AHW,1AHW,1AHW,A,56,LEU,10.008,-0.4250,8.788,-1.0272
1AHW,1AHW,1AHW,A,57,THR,11.145,-0.3460,,
1AHW,1AHW,1AHW,A,58,ASP,12.939,-0.2214,90.572,1.8775
1AHW,1AHW,1AHW,A,59,GLU,11.706,-0.3071,57.346,0.6974
1AHW,1AHW,1AHW,A,60,ILE,9.791,-0.4401,7.861,-1.0602
1AHW,1AHW,1AHW,A,61,VAL,10.200,-0.4117,,
1AHW,1AHW,1AHW,A,62,LYS,10.979,-0.3576,27.521,-0.3619
1AHW,1AHW,1AHW,A,63,ASP,8.767,-0.5112,12.673,-0.8892
1AHW,1AHW,1AHW,A,64,VAL,12.886,-0.2251,,
1AHW,1AHW,1AHW,A,65,LYS,12.621,-0.2435,47.412,0.3446
1AHW,1AHW,1AHW,A,66,GLN,11.207,-0.3417,57.134,0.6899
1AHW,1AHW,1AHW,A,67,THR,10.253,-0.4080,,
1AHW,1AHW,1AHW,A,68,TYR,10.558,-0.3869,6.153,-1.1208
1AHW,1AHW,1AHW,A,69,LEU,11.148,-0.3459,62.670,0.8865
1AHW,1AHW,1AHW,A,70,ALA,11.849,-0.2972,,
1AHW,1AHW,1AHW,A,71,ARG,11.575,-0.3161,48.968,0.3998
1AHW,1AHW,1AHW,A,72,VAL,11.765,-0.3030,,
1AHW,1AHW,1AHW,A,73,PHE,12.403,-0.2586,15.464,-0.7901
1AHW,1AHW,1AHW,A,74,SER,10.355,-0.4009,,
1AHW,1AHW,1AHW,A,75,TYR,10.627,-0.3820,18.160,-0.6944
1AHW,1AHW,1AHW,A,76,PRO,29.893,0.9565,,
1AHW,1AHW,1AHW,A,77,ALA,67.070,3.5393,,
1AHW,1AHW,1AHW,A,78,GLY,33.738,1.2236,,
1AHW,1AHW,1AHW,A,79,ASN,24.154,0.5578,67.715,1.0657
1AHW,1AHW,1AHW,A,80,VAL,16.605,0.0333,,
1AHW,1AHW,1AHW,A,81,GLU,22.074,0.4132,72.519,1.2363
1AHW,1AHW,1AHW,A,82,SER,36.882,1.4421,,
1AHW,1AHW,1AHW,A,83,THR,113.588,6.7712,,
1AHW,1AHW,1AHW,A,84,GLY,76.109,4.1674,,
1AHW,1AHW,1AHW,A,85,SER,62.856,3.2466,,
1AHW,1AHW,1AHW,A,86,ALA,66.567,3.5044,,
1AHW,1AHW,1AHW,A,87,GLY,23.198,0.4913,,
1AHW,1AHW,1AHW,A,88,GLU,13.865,-0.1571,82.675,1.5970
1AHW,1AHW,1AHW,A,89,PRO,22.545,0.4460,,
1AHW,1AHW,1AHW,A,90,LEU,10.411,-0.3970,48.400,0.3797
1AHW,1AHW,1AHW,A,91,TYR,10.006,-0.4252,11.773,-0.9212
1AHW,1AHW,1AHW,A,92,GLU,11.335,-0.3328,7.715,-1.0653
1AHW,1AHW,1AHW,A,93,ASN,9.196,-0.4815,56.264,0.6590
1AHW,1AHW,1AHW,A,94,SER,9.126,-0.4863,,
1AHW,1AHW,1AHW,A,95,PRO,11.393,-0.3288,,
1AHW,1AHW,1AHW,A,96,GLU,10.140,-0.4159,83.036,1.6099
1AHW,1AHW,1AHW,A,97,PHE,9.722,-0.4449,10.264,-0.9748
1AHW,1AHW,1AHW,A,98,THR,8.508,-0.5292,,
1AHW,1AHW,1AHW,A,99,PRO,8.941,-0.4991,,
1AHW,1AHW,1AHW,A,100,TYR,11.834,-0.2982,10.828,-0.9548
1AHW,1AHW,1AHW,A,101,LEU,13.163,-0.2059,34.179,-0.1254
1AHW,1AHW,1AHW,A,102,GLU,11.737,-0.3049,9.128,-1.0152
1AHW,1AHW,1AHW,A,103,THR,11.595,-0.3148,,
1AHW,1AHW,1AHW,A,104,ASN,11.629,-0.3124,39.833,0.0754
1AHW,1AHW,1AHW,A,105,LEU,11.297,-0.3355,12.872,-0.8822
1AHW,1AHW,1AHW,A,106,GLY,9.429,-0.4653,,
1AHW,1AHW,1AHW,A,107,GLN,9.314,-0.4732,15.735,-0.7805
1AHW,1AHW,1AHW,A,108,PRO,10.610,-0.3832,,
1AHW,1AHW,1AHW,A,109,THR,10.532,-0.3886,,
1AHW,1AHW,1AHW,A,110,ILE,12.191,-0.2733,8.055,-1.0532
1AHW,1AHW,1AHW,A,111,GLN,10.070,-0.4208,24.851,-0.4567
1AHW,1AHW,1AHW,A,112,SER,13.325,-0.1946,,
1AHW,1AHW,1AHW,A,113,PHE,13.587,-0.1764,17.361,-0.7227
1AHW,1AHW,1AHW,A,114,GLU,14.532,-0.1107,87.683,1.7749
1AHW,1AHW,1AHW,A,115,GLN,18.552,0.1686,41.635,0.1394
1AHW,1AHW,1AHW,A,116,VAL,17.267,0.0793,,
1AHW,1AHW,1AHW,A,117,GLY,13.718,-0.1673,,
1AHW,1AHW,1AHW,A,118,THR,13.231,-0.2011,,
1AHW,1AHW,1AHW,A,119,LYS,10.061,-0.4213,37.126,-0.0207
1AHW,1AHW,1AHW,A,120,VAL,12.562,-0.2476,,
1AHW,1AHW,1AHW,A,121,ASN,10.494,-0.3913,28.439,-0.3293
1AHW,1AHW,1AHW,A,122,VAL,11.471,-0.3234,,
1AHW,1AHW,1AHW,A,123,THR,12.882,-0.2254,,
1AHW,1AHW,1AHW,A,124,VAL,12.948,-0.2208,,
1AHW,1AHW,1AHW,A,125,GLU,28.844,0.8836,34.370,-0.1186
1AHW,1AHW,1AHW,A,126,ASP,25.383,0.6431,72.794,1.2461
1AHW,1AHW,1AHW,A,127,GLU,17.609,0.1031,71.316,1.1936
1AHW,1AHW,1AHW,A,128,ARG,15.749,-0.0262,50.754,0.4633
1AHW,1AHW,1AHW,A,129,THR,10.454,-0.3941,,
1AHW,1AHW,1AHW,A,130,LEU,11.414,-0.3274,27.140,-0.3754
1AHW,1AHW,1AHW,A,131,VAL,15.450,-0.0469,,
1AHW,1AHW,1AHW,A,132,ARG,65.750,3.4476,110.524,2.5862
1AHW,1AHW,1AHW,A,133,ARG,77.494,4.2636,88.492,1.8036
1AHW,1AHW,1AHW,A,134,ASN,27.192,0.7688,51.654,0.4952
1AHW,1AHW,1AHW,A,135,ASN,21.766,0.3918,68.834,1.1054
1AHW,1AHW,1AHW,A,136,THR,12.979,-0.2186,,
1AHW,1AHW,1AHW,A,137,PHE,13.794,-0.1620,8.296,-1.0447
1AHW,1AHW,1AHW,A,138,LEU,11.742,-0.3046,8.995,-1.0199
1AHW,1AHW,1AHW,A,139,SER,8.328,-0.5417,,
1AHW,1AHW,1AHW,A,140,LEU,10.447,-0.3945,43.827,0.2173
1AHW,1AHW,1AHW,A,141,ARG,14.081,-0.1420,8.895,-1.0234
1AHW,1AHW,1AHW,A,142,ASP,15.136,-0.0688,23.397,-0.5084
1AHW,1AHW,1AHW,A,143,VAL,16.860,0.0510,,
1AHW,1AHW,1AHW,A,144,PHE,42.256,1.8154,9.932,-0.9866
1AHW,1AHW,1AHW,A,145,GLY,16.027,-0.0069,,
1AHW,1AHW,1AHW,A,146,LYS,15.308,-0.0568,89.365,1.8347
1AHW,1AHW,1AHW,A,147,ASP,13.335,-0.1939,24.407,-0.4725
1AHW,1AHW,1AHW,A,148,LEU,14.368,-0.1221,11.789,-0.9206
1AHW,1AHW,1AHW,A,149,ILE,11.516,-0.3203,14.629,-0.8198
1AHW,1AHW,1AHW,A,150,TYR,11.978,-0.2882,9.553,-1.0001
1AHW,1AHW,1AHW,A,151,THR,12.458,-0.2548,,
1AHW,1AHW,1AHW,A,152,LEU,10.842,-0.3671,8.454,-1.0391
1AHW,1AHW,1AHW,A,153,TYR,9.061,-0.4908,9.489,-1.0023
1AHW,1AHW,1AHW,A,154,TYR,8.948,-0.4987,6.292,-1.1159
1AHW,1AHW,1AHW,A,155,TRP,13.920,-0.1533,6.825,-1.0969
1AHW,1AHW,1AHW,A,156,LYS,14.424,-0.1183,57.482,0.7023
1AHW,1AHW,1AHW,A,157,SER,21.117,0.3467,,
1AHW,1AHW,1AHW,A,158,SER,20.932,0.3339,,
1AHW,1AHW,1AHW,A,159,SER,71.278,3.8317,,
1AHW,1AHW,1AHW,A,160,SER,78.362,4.3239,,
1AHW,1AHW,1AHW,A,161,GLY,18.319,0.1524,,
1AHW,1AHW,1AHW,A,162,LYS,14.158,-0.1367,73.528,1.2722
1AHW,1AHW,1AHW,A,163,LYS,11.104,-0.3489,22.944,-0.5244
1AHW,1AHW,1AHW,A,164,THR,10.747,-0.3737,,
1AHW,1AHW,1AHW,A,165,ALA,10.396,-0.3980,,
1AHW,1AHW,1AHW,A,166,LYS,9.075,-0.4899,47.046,0.3316
1AHW,1AHW,1AHW,A,167,THR,12.633,-0.2427,,
1AHW,1AHW,1AHW,A,168,ASN,13.901,-0.1546,80.695,1.5267
1AHW,1AHW,1AHW,A,169,THR,12.776,-0.2327,,
1AHW,1AHW,1AHW,A,170,ASN,11.651,-0.3109,11.845,-0.9187
1AHW,1AHW,1AHW,A,171,GLU,10.681,-0.3783,77.281,1.4055
1AHW,1AHW,1AHW,A,172,PHE,12.901,-0.2240,9.059,-1.0176
1AHW,1AHW,1AHW,A,173,LEU,12.617,-0.2438,37.701,-0.0003
1AHW,1AHW,1AHW,A,174,ILE,13.488,-0.1833,10.250,-0.9753
1AHW,1AHW,1AHW,A,175,ASP,10.911,-0.3623,65.098,0.9728
1AHW,1AHW,1AHW,A,176,VAL,12.492,-0.2525,,
1AHW,1AHW,1AHW,A,177,ASP,17.491,0.0949,51.547,0.4915
1AHW,1AHW,1AHW,A,178,LYS,20.312,0.2908,81.295,1.5480
1AHW,1AHW,1AHW,A,179,GLY,18.082,0.1359,,
1AHW,1AHW,1AHW,A,180,GLU,14.376,-0.1216,59.624,0.7783
1AHW,1AHW,1AHW,A,181,ASN,12.001,-0.2866,51.897,0.5039
1AHW,1AHW,1AHW,A,182,TYR,9.544,-0.4573,8.502,-1.0374
1AHW,1AHW,1AHW,A,183,CYS,9.542,-0.4574,,
1AHW,1AHW,1AHW,A,184,PHE,9.925,-0.4308,29.770,-0.2820
1AHW,1AHW,1AHW,A,185,SER,9.810,-0.4388,,
1AHW,1AHW,1AHW,A,186,VAL,11.298,-0.3354,,
1AHW,1AHW,1AHW,A,187,GLN,11.488,-0.3222,18.753,-0.6733
1AHW,1AHW,1AHW,A,188,ALA,8.367,-0.5390,,
1AHW,1AHW,1AHW,A,189,VAL,10.034,-0.4233,,
1AHW,1AHW,1AHW,A,190,ILE,11.367,-0.3306,7.726,-1.0649
1AHW,1AHW,1AHW,A,191,PRO,14.968,-0.0805,,
1AHW,1AHW,1AHW,A,192,SER,15.861,-0.0184,,
1AHW,1AHW,1AHW,A,193,ARG,19.195,0.2132,10.406,-0.9697
1AHW,1AHW,1AHW,A,194,THR,18.748,0.1821,,
1AHW,1AHW,1AHW,A,195,VAL,16.557,0.0300,,
1AHW,1AHW,1AHW,A,196,ASN,14.932,-0.0829,8.227,-1.0471
1AHW,1AHW,1AHW,A,197,ARG,10.276,-0.4064,41.731,0.1428
1AHW,1AHW,1AHW,A,198,LYS,9.381,-0.4686,30.381,-0.2603
1AHW,1AHW,1AHW,A,199,SER,9.730,-0.4444,,
1AHW,1AHW,1AHW,A,200,THR,9.824,-0.4378,,
1AHW,1AHW,1AHW,A,201,ASP,9.203,-0.4809,31.535,-0.2193
1AHW,1AHW,1AHW,A,202,SER,10.034,-0.4232,,
1AHW,1AHW,1AHW,A,203,PRO,11.831,-0.2984,,
1AHW,1AHW,1AHW,A,204,VAL,12.022,-0.2851,,
1AHW,1AHW,1AHW,A,205,GLU,10.083,-0.4198,55.237,0.6225
1AHW,1AHW,1AHW,A,206,CYS,28.937,0.8901,,
1AHW,1AHW,1AHW,A,207,MET,,,63.901,0.9302
1AHW,1AHW,1AHW,A,208,GLY,,,,
1BJ1,1BJ1,1BJ1,A,1,VAL,11.502,-0.4661,,
1BJ1,1BJ1,1BJ1,A,2,VAL,9.752,-0.9380,,
1BJ1,1BJ1,1BJ1,A,3,LYS,8.690,-1.2244,56.860,0.6292
1BJ1,1BJ1,1BJ1,A,4,PHE,11.752,-0.3988,10.870,-1.1995
1BJ1,1BJ1,1BJ1,A,5,MET,12.881,-0.0943,81.436,1.6064
1BJ1,1BJ1,1BJ1,A,6,ASP,10.388,-0.7665,9.743,-1.2443
1BJ1,1BJ1,1BJ1,A,7,VAL,11.372,-0.5012,,
1BJ1,1BJ1,1BJ1,A,8,TYR,15.070,0.4959,33.632,-0.2944
1BJ1,1BJ1,1BJ1,A,9,GLN,18.646,1.4600,56.657,0.6211
1BJ1,1BJ1,1BJ1,A,10,ARG,16.474,0.8744,67.474,1.0513
1BJ1,1BJ1,1BJ1,A,11,SER,10.303,-0.7895,,
1BJ1,1BJ1,1BJ1,A,12,TYR,10.705,-0.6810,8.847,-1.2799
1BJ1,1BJ1,1BJ1,A,13,CYS,9.863,-0.9080,,
1BJ1,1BJ1,1BJ1,A,14,HIS,12.152,-0.2908,48.699,0.3047
1BJ1,1BJ1,1BJ1,A,15,PRO,13.164,-0.0182,,
1BJ1,1BJ1,1BJ1,A,16,ILE,11.116,-0.5702,40.495,-0.0215
1BJ1,1BJ1,1BJ1,A,17,GLU,13.793,0.1515,19.561,-0.8539
1BJ1,1BJ1,1BJ1,A,18,THR,16.509,0.8839,,
1BJ1,1BJ1,1BJ1,A,19,LEU,16.338,0.8377,55.601,0.5791
1BJ1,1BJ1,1BJ1,A,20,VAL,10.545,-0.7241,,
1BJ1,1BJ1,1BJ1,A,21,ASP,8.238,-1.3462,76.521,1.4110
1BJ1,1BJ1,1BJ1,A,22,ILE,12.099,-0.3051,10.130,-1.2289
1BJ1,1BJ1,1BJ1,A,23,PHE,14.539,0.3526,112.711,2.8500
1BJ1,1BJ1,1BJ1,A,24,GLN,12.099,-0.3051,54.940,0.5529
1BJ1,1BJ1,1BJ1,A,25,GLU,10.319,-0.7852,8.300,-1.3017
1BJ1,1BJ1,1BJ1,A,26,TYR,11.598,-0.4402,8.442,-1.2960
1BJ1,1BJ1,1BJ1,A,27,PRO,15.012,0.4801,,
1BJ1,1BJ1,1BJ1,A,28,ASP,28.160,4.0253,81.640,1.6145
1BJ1,1BJ1,1BJ1,A,29,GLU,19.891,1.7957,40.876,-0.0064
1BJ1,1BJ1,1BJ1,A,30,ILE,17.120,1.0485,28.209,-0.5100
1BJ1,1BJ1,1BJ1,A,31,GLU,13.992,0.2052,83.262,1.6790
1BJ1,1BJ1,1BJ1,A,32,TYR,13.965,0.1979,11.170,-1.1875
1BJ1,1BJ1,1BJ1,A,33,ILE,12.330,-0.2428,54.662,0.5418
1BJ1,1BJ1,1BJ1,A,34,PHE,9.403,-1.0322,9.991,-1.2344
1BJ1,1BJ1,1BJ1,A,35,LYS,8.420,-1.2971,40.054,-0.0391
1BJ1,1BJ1,1BJ1,A,36,PRO,10.842,-0.6442,,
1BJ1,1BJ1,1BJ1,A,37,SER,10.444,-0.7514,,
1BJ1,1BJ1,1BJ1,A,38,CYS,9.436,-1.0233,,
1BJ1,1BJ1,1BJ1,A,39,VAL,11.600,-0.4397,,
1BJ1,1BJ1,1BJ1,A,40,PRO,11.960,-0.3427,,
1BJ1,1BJ1,1BJ1,A,41,LEU,9.824,-0.9186,8.064,-1.3111
1BJ1,1BJ1,1BJ1,A,42,MET,9.216,-1.0826,39.178,-0.0739
1BJ1,1BJ1,1BJ1,A,43,ARG,11.038,-0.5913,7.408,-1.3371
1BJ1,1BJ1,1BJ1,A,44,CYS,15.197,0.5302,,
1BJ1,1BJ1,1BJ1,A,45,GLY,18.291,1.3643,,
1BJ1,1BJ1,1BJ1,A,46,GLY,17.529,1.1589,,
1BJ1,1BJ1,1BJ1,A,47,CYS,12.948,-0.0762,,
1BJ1,1BJ1,1BJ1,A,48,CYS,13.084,-0.0398,,
1BJ1,1BJ1,1BJ1,A,49,ASN,15.095,0.5027,14.530,-1.0540
1BJ1,1BJ1,1BJ1,A,50,ASP,19.286,1.6326,16.039,-0.9939
1BJ1,1BJ1,1BJ1,A,51,GLU,21.268,2.1671,77.221,1.4388
1BJ1,1BJ1,1BJ1,A,52,GLY,11.927,-0.3515,,
1BJ1,1BJ1,1BJ1,A,53,LEU,10.370,-0.7713,9.232,-1.2646
1BJ1,1BJ1,1BJ1,A,54,GLU,11.176,-0.5542,50.608,0.3806
1BJ1,1BJ1,1BJ1,A,55,CYS,11.120,-0.5691,,
1BJ1,1BJ1,1BJ1,A,56,VAL,9.616,-0.9746,,
1BJ1,1BJ1,1BJ1,A,57,PRO,11.664,-0.4224,,
1BJ1,1BJ1,1BJ1,A,58,THR,9.991,-0.8735,,
1BJ1,1BJ1,1BJ1,A,59,GLU,11.976,-0.3383,37.957,-0.1224
1BJ1,1BJ1,1BJ1,A,60,GLU,12.322,-0.2451,99.723,2.3335
1BJ1,1BJ1,1BJ1,A,61,SER,16.261,0.8171,,
1BJ1,1BJ1,1BJ1,A,62,ASN,13.472,0.0649,66.491,1.0121
1BJ1,1BJ1,1BJ1,A,63,ILE,12.289,-0.2539,68.958,1.1103
1BJ1,1BJ1,1BJ1,A,64,THR,11.313,-0.5172,,
1BJ1,1BJ1,1BJ1,A,65,MET,12.169,-0.2865,29.974,-0.4398
1BJ1,1BJ1,1BJ1,A,66,GLN,10.387,-0.7669,53.541,0.4972
1BJ1,1BJ1,1BJ1,A,67,ILE,10.830,-0.6473,9.022,-1.2730
1BJ1,1BJ1,1BJ1,A,68,MET,12.383,-0.2287,16.263,-0.9850
1BJ1,1BJ1,1BJ1,A,69,ARG,11.319,-0.5156,59.181,0.7215
1BJ1,1BJ1,1BJ1,A,70,ILE,15.400,0.5848,33.890,-0.2841
1BJ1,1BJ1,1BJ1,A,71,LYS,10.863,-0.6385,51.640,0.4216
1BJ1,1BJ1,1BJ1,A,72,PRO,15.020,0.4824,,
1BJ1,1BJ1,1BJ1,A,73,HIS,23.181,2.6827,62.329,0.8467
1BJ1,1BJ1,1BJ1,A,74,GLN,28.093,4.0070,39.266,-0.0704
1BJ1,1BJ1,1BJ1,A,75,GLY,18.664,1.4648,,
1BJ1,1BJ1,1BJ1,A,76,GLN,13.125,-0.0286,65.945,0.9904
1BJ1,1BJ1,1BJ1,A,77,HIS,17.356,1.1122,36.044,-0.1985
1BJ1,1BJ1,1BJ1,A,78,ILE,20.434,1.9422,43.493,0.0977
1BJ1,1BJ1,1BJ1,A,79,GLY,15.986,0.7427,,
1BJ1,1BJ1,1BJ1,A,80,GLU,12.603,-0.1694,65.274,0.9638
1BJ1,1BJ1,1BJ1,A,81,MET,13.043,-0.0506,33.401,-0.3036
1BJ1,1BJ1,1BJ1,A,82,SER,11.489,-0.4696,,
1BJ1,1BJ1,1BJ1,A,83,PHE,13.161,-0.0189,8.547,-1.2918
1BJ1,1BJ1,1BJ1,A,84,LEU,11.758,-0.3972,61.266,0.8044
1BJ1,1BJ1,1BJ1,A,85,GLN,12.386,-0.2280,67.358,1.0466
1BJ1,1BJ1,1BJ1,A,86,HIS,12.599,-0.1705,7.946,-1.3157
1BJ1,1BJ1,1BJ1,A,87,ASN,8.871,-1.1756,34.371,-0.2650
1BJ1,1BJ1,1BJ1,A,88,LYS,9.594,-0.9807,53.739,0.5051
1BJ1,1BJ1,1BJ1,A,89,CYS,9.443,-1.0214,,
1BJ1,1BJ1,1BJ1,A,90,GLU,12.334,-0.2418,34.921,-0.2431
1BJ1,1BJ1,1BJ1,A,91,CYS,11.856,-0.3707,,
1BJ1,1BJ1,1BJ1,A,92,ARG,11.434,-0.4845,15.472,-1.0165
1BJ1,1BJ1,1BJ1,A,93,PRO,20.714,2.0176,,
1BJ1,1BJ1,1BJ1,A,94,LYS,19.585,1.7131,58.424,0.6914
1BJ1,1BJ1,1BJ1,A,95,VAL,15.410,0.5876,,
1BJ1,1BJ1,1BJ1,A,96,VAL,11.704,-0.4117,,
1BJ1,1BJ1,1BJ1,A,97,LYS,10.139,-0.8336,18.522,-0.8952
1BJ1,1BJ1,1BJ1,A,98,PHE,10.751,-0.6685,39.545,-0.0593
1BJ1,1BJ1,1BJ1,A,99,MET,12.513,-0.1935,55.980,0.5942
1BJ1,1BJ1,1BJ1,A,100,ASP,10.272,-0.7977,68.305,1.0843
1BJ1,1BJ1,1BJ1,A,101,VAL,9.648,-0.9661,,
1BJ1,1BJ1,1BJ1,A,102,TYR,14.188,0.2579,9.833,-1.2407
1BJ1,1BJ1,1BJ1,A,103,GLN,15.880,0.7142,50.948,0.3941
1BJ1,1BJ1,1BJ1,A,104,ARG,14.581,0.3640,54.375,0.5304
1BJ1,1BJ1,1BJ1,A,105,SER,10.598,-0.7098,,
1BJ1,1BJ1,1BJ1,A,106,TYR,10.916,-0.6242,10.004,-1.2339
1BJ1,1BJ1,1BJ1,A,107,CYS,10.045,-0.8590,,
1BJ1,1BJ1,1BJ1,A,108,HIS,12.341,-0.2399,52.374,0.4508
1BJ1,1BJ1,1BJ1,A,109,PRO,12.853,-0.1018,,
1BJ1,1BJ1,1BJ1,A,110,ILE,11.206,-0.5460,58.021,0.6753
1BJ1,1BJ1,1BJ1,A,111,GLU,13.763,0.1434,26.955,-0.5599
1BJ1,1BJ1,1BJ1,A,112,THR,16.537,0.8914,,
1BJ1,1BJ1,1BJ1,A,113,LEU,16.048,0.7594,29.914,-0.4422
1BJ1,1BJ1,1BJ1,A,114,VAL,10.619,-0.7041,,
1BJ1,1BJ1,1BJ1,A,115,ASP,8.464,-1.2852,31.926,-0.3622
1BJ1,1BJ1,1BJ1,A,116,ILE,11.380,-0.4990,10.272,-1.2233
1BJ1,1BJ1,1BJ1,A,117,PHE,15.458,0.6003,91.714,2.0151
1BJ1,1BJ1,1BJ1,A,118,GLN,12.579,-0.1758,68.602,1.0961
1BJ1,1BJ1,1BJ1,A,119,GLU,10.517,-0.7316,8.190,-1.3060
1BJ1,1BJ1,1BJ1,A,120,TYR,11.152,-0.5605,9.236,-1.2644
1BJ1,1BJ1,1BJ1,A,121,PRO,13.896,0.1793,,
1BJ1,1BJ1,1BJ1,A,122,ASP,20.468,1.9512,54.838,0.5488
1BJ1,1BJ1,1BJ1,A,123,GLU,14.723,0.4022,27.932,-0.5210
1BJ1,1BJ1,1BJ1,A,124,ILE,14.518,0.3471,11.369,-1.1796
1BJ1,1BJ1,1BJ1,A,125,GLU,13.833,0.1622,67.853,1.0663
1BJ1,1BJ1,1BJ1,A,126,TYR,14.883,0.4455,16.001,-0.9955
1BJ1,1BJ1,1BJ1,A,127,ILE,11.634,-0.4307,58.103,0.6786
1BJ1,1BJ1,1BJ1,A,128,PHE,10.065,-0.8536,15.754,-1.0053
1BJ1,1BJ1,1BJ1,A,129,LYS,8.806,-1.1930,57.350,0.6487
1BJ1,1BJ1,1BJ1,A,130,PRO,11.194,-0.5492,,
1BJ1,1BJ1,1BJ1,A,131,SER,10.215,-0.8133,,
1BJ1,1BJ1,1BJ1,A,132,CYS,9.296,-1.0608,,
1BJ1,1BJ1,1BJ1,A,133,VAL,10.945,-0.6164,,
1BJ1,1BJ1,1BJ1,A,134,PRO,11.931,-0.3506,,
1BJ1,1BJ1,1BJ1,A,135,LEU,10.043,-0.8595,18.215,-0.9074
1BJ1,1BJ1,1BJ1,A,136,MET,9.250,-1.0735,48.852,0.3108
1BJ1,1BJ1,1BJ1,A,137,ARG,10.662,-0.6926,7.421,-1.3366
1BJ1,1BJ1,1BJ1,A,138,CYS,14.180,0.2559,,
1BJ1,1BJ1,1BJ1,A,139,GLY,18.139,1.3232,,
1BJ1,1BJ1,1BJ1,A,140,GLY,15.397,0.5840,,
1BJ1,1BJ1,1BJ1,A,141,CYS,14.897,0.4491,,
1BJ1,1BJ1,1BJ1,A,142,CYS,17.898,1.2583,,
1BJ1,1BJ1,1BJ1,A,143,ASN,17.988,1.2825,61.065,0.7964
1BJ1,1BJ1,1BJ1,A,144,ASP,21.626,2.2634,21.522,-0.7759
1BJ1,1BJ1,1BJ1,A,145,GLU,23.842,2.8609,85.808,1.7802
1BJ1,1BJ1,1BJ1,A,146,GLY,12.447,-0.2113,,
1BJ1,1BJ1,1BJ1,A,147,LEU,10.395,-0.7647,12.692,-1.1270
1BJ1,1BJ1,1BJ1,A,148,GLU,10.748,-0.6695,46.095,0.2011
1BJ1,1BJ1,1BJ1,A,149,CYS,10.525,-0.7296,,
1BJ1,1BJ1,1BJ1,A,150,VAL,9.407,-1.0310,,
1BJ1,1BJ1,1BJ1,A,151,PRO,11.702,-0.4122,,
1BJ1,1BJ1,1BJ1,A,152,THR,9.854,-0.9106,,
1BJ1,1BJ1,1BJ1,A,153,GLU,12.257,-0.2627,35.100,-0.2360
1BJ1,1BJ1,1BJ1,A,154,GLU,11.965,-0.3412,100.778,2.3755
1BJ1,1BJ1,1BJ1,A,155,SER,15.496,0.6108,,
1BJ1,1BJ1,1BJ1,A,156,ASN,11.964,-0.3416,64.870,0.9477
1BJ1,1BJ1,1BJ1,A,157,ILE,11.512,-0.4635,11.894,-1.1588
1BJ1,1BJ1,1BJ1,A,158,THR,10.339,-0.7797,,
1BJ1,1BJ1,1BJ1,A,159,MET,11.664,-0.4225,16.555,-0.9734
1BJ1,1BJ1,1BJ1,A,160,GLN,10.536,-0.7267,38.325,-0.1078
1BJ1,1BJ1,1BJ1,A,161,ILE,10.620,-0.7041,16.215,-0.9869
1BJ1,1BJ1,1BJ1,A,162,MET,12.283,-0.2557,21.357,-0.7825
1BJ1,1BJ1,1BJ1,A,163,ARG,10.327,-0.7830,56.097,0.5989
1BJ1,1BJ1,1BJ1,A,164,ILE,14.955,0.4649,22.544,-0.7353
1BJ1,1BJ1,1BJ1,A,165,LYS,10.722,-0.6765,57.058,0.6371
1BJ1,1BJ1,1BJ1,A,166,PRO,15.309,0.5604,,
1BJ1,1BJ1,1BJ1,A,167,HIS,22.949,2.6202,59.557,0.7364
1BJ1,1BJ1,1BJ1,A,168,GLN,25.691,3.3594,62.179,0.8407
1BJ1,1BJ1,1BJ1,A,169,GLY,18.896,1.5275,,
1BJ1,1BJ1,1BJ1,A,170,GLN,12.672,-0.1507,61.808,0.8259
1BJ1,1BJ1,1BJ1,A,171,HIS,18.235,1.3492,38.220,-0.1120
1BJ1,1BJ1,1BJ1,A,172,ILE,22.206,2.4199,49.473,0.3355
1BJ1,1BJ1,1BJ1,A,173,GLY,16.749,0.9484,,
1BJ1,1BJ1,1BJ1,A,174,GLU,12.532,-0.1885,81.925,1.6258
1BJ1,1BJ1,1BJ1,A,175,MET,14.942,0.4613,21.329,-0.7836
1BJ1,1BJ1,1BJ1,A,176,SER,12.426,-0.2171,,
1BJ1,1BJ1,1BJ1,A,177,PHE,13.798,0.1528,8.683,-1.2864
1BJ1,1BJ1,1BJ1,A,178,LEU,11.769,-0.3942,68.599,1.0960
1BJ1,1BJ1,1BJ1,A,179,GLN,12.011,-0.3291,66.332,1.0058
1BJ1,1BJ1,1BJ1,A,180,HIS,12.576,-0.1765,7.819,-1.3208
1BJ1,1BJ1,1BJ1,A,181,ASN,8.876,-1.1741,32.111,-0.3549
1BJ1,1BJ1,1BJ1,A,182,LYS,9.164,-1.0964,48.363,0.2913
1BJ1,1BJ1,1BJ1,A,183,CYS,9.014,-1.1370,,
1BJ1,1BJ1,1BJ1,A,184,GLU,12.502,-0.1964,32.242,-0.3497
1BJ1,1BJ1,1BJ1,A,185,CYS,12.731,-0.1349,,
1BJ1,1BJ1,1BJ1,A,186,ARG,11.470,-0.4748,11.926,-1.1575
1BJ1,1BJ1,1BJ1,A,187,PRO,,,,
1BJ1,1BJ1,1BJ1,A,188,LYS,,,61.945,0.8314
1HGU,1HGU,1HGU,A,1,PRO,39.921,1.0114,,
1HGU,1HGU,1HGU,A,2,THR,38.056,0.9075,,
1HGU,1HGU,1HGU,A,3,ILE,11.079,-0.5953,50.053,0.3194
1HGU,1HGU,1HGU,A,4,PRO,8.780,-0.7233,,
1HGU,1HGU,1HGU,A,5,LEU,10.750,-0.6136,41.706,0.0042
1HGU,1HGU,1HGU,A,6,SER,13.429,-0.4643,,
1HGU,1HGU,1HGU,A,7,ARG,9.138,-0.7034,59.104,0.6611
1HGU,1HGU,1HGU,A,8,LEU,8.799,-0.7223,55.368,0.5200
1HGU,1HGU,1HGU,A,9,PHE,8.955,-0.7136,19.310,-0.8413
1HGU,1HGU,1HGU,A,10,GLN,10.045,-0.6528,54.173,0.4749
1HGU,1HGU,1HGU,A,11,ASN,9.853,-0.6635,58.635,0.6434
1HGU,1HGU,1HGU,A,12,ALA,8.955,-0.7136,,
1HGU,1HGU,1HGU,A,13,MET,10.253,-0.6413,48.948,0.2776
1HGU,1HGU,1HGU,A,14,LEU,10.270,-0.6403,51.804,0.3855
1HGU,1HGU,1HGU,A,15,ARG,8.331,-0.7483,42.994,0.0529
1HGU,1HGU,1HGU,A,16,ALA,9.045,-0.7086,,
1HGU,1HGU,1HGU,A,17,HIS,8.507,-0.7385,20.421,-0.7994
1HGU,1HGU,1HGU,A,18,ARG,8.404,-0.7443,7.952,-1.2701
1HGU,1HGU,1HGU,A,19,LEU,9.217,-0.6990,26.284,-0.5780
1HGU,1HGU,1HGU,A,20,HIS,10.228,-0.6427,32.490,-0.3437
1HGU,1HGU,1HGU,A,21,GLN,9.255,-0.6969,55.721,0.5334
1HGU,1HGU,1HGU,A,22,LEU,11.122,-0.5929,29.466,-0.4579
1HGU,1HGU,1HGU,A,23,ALA,14.830,-0.3863,,
1HGU,1HGU,1HGU,A,24,PHE,12.569,-0.5123,16.511,-0.9470
1HGU,1HGU,1HGU,A,25,ASP,14.447,-0.4076,19.071,-0.8503
1HGU,1HGU,1HGU,A,26,THR,12.306,-0.5269,,
1HGU,1HGU,1HGU,A,27,TYR,12.227,-0.5313,12.897,-1.0834
1HGU,1HGU,1HGU,A,28,GLU,13.639,-0.4527,83.546,1.5839
1HGU,1HGU,1HGU,A,29,GLU,15.811,-0.3317,65.429,0.8999
1HGU,1HGU,1HGU,A,30,PHE,12.786,-0.5002,51.012,0.3556
1HGU,1HGU,1HGU,A,31,GLU,18.687,-0.1715,39.345,-0.0849
1HGU,1HGU,1HGU,A,32,GLU,21.795,0.0017,77.081,1.3398
1HGU,1HGU,1HGU,A,33,ALA,18.484,-0.1828,,
1HGU,1HGU,1HGU,A,34,TYR,16.404,-0.2986,60.812,0.7256
1HGU,1HGU,1HGU,A,35,ILE,13.818,-0.4427,14.737,-1.0140
1HGU,1HGU,1HGU,A,36,PRO,16.784,-0.2775,,
1HGU,1HGU,1HGU,A,37,LYS,25.042,0.1826,76.085,1.3022
1HGU,1HGU,1HGU,A,38,GLU,36.362,0.8132,64.995,0.8835
1HGU,1HGU,1HGU,A,39,GLN,31.140,0.5222,14.931,-1.0067
1HGU,1HGU,1HGU,A,40,LYS,29.182,0.4132,91.178,1.8720
1HGU,1HGU,1HGU,A,41,TYR,25.065,0.1838,62.672,0.7958
1HGU,1HGU,1HGU,A,42,SER,29.672,0.4405,,
1HGU,1HGU,1HGU,A,43,PHE,19.992,-0.0988,38.810,-0.1051
1HGU,1HGU,1HGU,A,44,LEU,18.654,-0.1733,60.905,0.7291
1HGU,1HGU,1HGU,A,45,GLN,24.823,0.1704,52.676,0.4184
1HGU,1HGU,1HGU,A,46,ALA,13.013,-0.4875,,
1HGU,1HGU,1HGU,A,47,PRO,25.583,0.2127,,
1HGU,1HGU,1HGU,A,48,GLN,51.513,1.6572,22.700,-0.7133
1HGU,1HGU,1HGU,A,49,ALA,36.838,0.8396,,
1HGU,1HGU,1HGU,A,50,SER,18.683,-0.1717,,
1HGU,1HGU,1HGU,A,51,LEU,14.529,-0.4030,10.248,-1.1834
1HGU,1HGU,1HGU,A,52,CYS,12.514,-0.5153,,
1HGU,1HGU,1HGU,A,53,PHE,12.131,-0.5366,20.137,-0.8101
1HGU,1HGU,1HGU,A,54,SER,18.058,-0.2065,,
1HGU,1HGU,1HGU,A,55,GLU,19.653,-0.1177,96.943,2.0897
1HGU,1HGU,1HGU,A,56,SER,15.389,-0.3551,,
1HGU,1HGU,1HGU,A,57,ILE,13.290,-0.4721,18.658,-0.8660
1HGU,1HGU,1HGU,A,58,PRO,41.231,1.0844,,
1HGU,1HGU,1HGU,A,59,THR,13.985,-0.4334,,
1HGU,1HGU,1HGU,A,60,PRO,52.289,1.7004,,
1HGU,1HGU,1HGU,A,61,SER,24.384,0.1459,,
1HGU,1HGU,1HGU,A,62,ASN,21.232,-0.0297,57.085,0.5848
1HGU,1HGU,1HGU,A,63,ARG,25.831,0.2265,94.039,1.9800
1HGU,1HGU,1HGU,A,64,GLU,62.691,2.2798,59.807,0.6876
1HGU,1HGU,1HGU,A,65,GLN,71.453,2.7679,85.233,1.6475
1HGU,1HGU,1HGU,A,66,ALA,67.957,2.5731,,
1HGU,1HGU,1HGU,A,67,GLN,37.417,0.8719,62.824,0.8015
1HGU,1HGU,1HGU,A,68,GLN,23.450,0.0939,40.474,-0.0423
1HGU,1HGU,1HGU,A,69,LYS,9.594,-0.6780,34.462,-0.2693
1HGU,1HGU,1HGU,A,70,SER,8.636,-0.7314,,
1HGU,1HGU,1HGU,A,71,ASN,9.296,-0.6946,7.587,-1.2839
1HGU,1HGU,1HGU,A,72,LEU,8.570,-0.7350,39.035,-0.0966
1HGU,1HGU,1HGU,A,73,GLN,8.119,-0.7602,42.521,0.0350
1HGU,1HGU,1HGU,A,74,LEU,8.196,-0.7558,13.811,-1.0489
1HGU,1HGU,1HGU,A,75,LEU,8.388,-0.7451,7.187,-1.2990
1HGU,1HGU,1HGU,A,76,ARG,8.651,-0.7305,51.522,0.3748
1HGU,1HGU,1HGU,A,77,ILE,8.164,-0.7576,17.588,-0.9063
1HGU,1HGU,1HGU,A,78,SER,8.033,-0.7649,,
1HGU,1HGU,1HGU,A,79,LEU,8.928,-0.7151,8.485,-1.2500
1HGU,1HGU,1HGU,A,80,LEU,9.828,-0.6650,29.782,-0.4460
1HGU,1HGU,1HGU,A,81,LEU,9.196,-0.7001,27.007,-0.5507
1HGU,1HGU,1HGU,A,82,ILE,10.487,-0.6282,6.384,-1.3293
1HGU,1HGU,1HGU,A,83,GLN,12.814,-0.4986,8.180,-1.2615
1HGU,1HGU,1HGU,A,84,SER,11.296,-0.5832,,
1HGU,1HGU,1HGU,A,85,TRP,12.064,-0.5404,7.710,-1.2793
1HGU,1HGU,1HGU,A,86,LEU,11.071,-0.5957,21.788,-0.7478
1HGU,1HGU,1HGU,A,87,GLU,10.522,-0.6263,53.769,0.4597
1HGU,1HGU,1HGU,A,88,PRO,9.503,-0.6831,,
1HGU,1HGU,1HGU,A,89,VAL,11.832,-0.5533,,
1HGU,1HGU,1HGU,A,90,GLY,17.564,-0.2340,,
1HGU,1HGU,1HGU,A,91,PHE,19.374,-0.1332,37.880,-0.1402
1HGU,1HGU,1HGU,A,92,LEU,15.642,-0.3410,59.006,0.6574
1HGU,1HGU,1HGU,A,93,ARG,11.142,-0.5917,15.101,-1.0002
1HGU,1HGU,1HGU,A,94,SER,13.166,-0.4790,,
1HGU,1HGU,1HGU,A,95,VAL,19.334,-0.1354,,
1HGU,1HGU,1HGU,A,96,PHE,22.467,0.0391,79.531,1.4323
1HGU,1HGU,1HGU,A,97,ALA,15.607,-0.3430,,
1HGU,1HGU,1HGU,A,98,ASN,19.027,-0.1525,50.716,0.3444
1HGU,1HGU,1HGU,A,99,SER,26.689,0.2743,,
1HGU,1HGU,1HGU,A,100,LEU,31.934,0.5665,50.412,0.3329
1HGU,1HGU,1HGU,A,101,VAL,38.387,0.9259,,
1HGU,1HGU,1HGU,A,102,TYR,92.307,3.9296,67.288,0.9701
1HGU,1HGU,1HGU,A,103,GLY,73.058,2.8573,,
1HGU,1HGU,1HGU,A,104,ALA,29.365,0.4234,,
1HGU,1HGU,1HGU,A,105,SER,50.005,1.5732,,
1HGU,1HGU,1HGU,A,106,ASP,37.282,0.8644,47.991,0.2415
1HGU,1HGU,1HGU,A,107,SER,43.186,1.1933,,
1HGU,1HGU,1HGU,A,108,ASP,21.383,-0.0213,32.284,-0.3515
1HGU,1HGU,1HGU,A,109,VAL,9.852,-0.6636,,
1HGU,1HGU,1HGU,A,110,TYR,9.448,-0.6861,8.565,-1.2470
1HGU,1HGU,1HGU,A,111,ASP,9.512,-0.6826,44.053,0.0928
1HGU,1HGU,1HGU,A,112,LEU,8.099,-0.7613,53.511,0.4499
1HGU,1HGU,1HGU,A,113,LEU,8.592,-0.7338,7.405,-1.2908
1HGU,1HGU,1HGU,A,114,LYS,9.372,-0.6903,51.437,0.3716
1HGU,1HGU,1HGU,A,115,ASP,8.846,-0.7196,24.015,-0.6637
1HGU,1HGU,1HGU,A,116,LEU,7.988,-0.7674,8.309,-1.2567
1HGU,1HGU,1HGU,A,117,GLU,8.744,-0.7254,9.213,-1.2225
1HGU,1HGU,1HGU,A,118,GLU,10.002,-0.6553,29.546,-0.4549
1HGU,1HGU,1HGU,A,119,GLY,8.958,-0.7134,,
1HGU,1HGU,1HGU,A,120,ILE,8.980,-0.7122,9.008,-1.2303
1HGU,1HGU,1HGU,A,121,GLN,9.857,-0.6633,24.205,-0.6565
1HGU,1HGU,1HGU,A,122,THR,9.349,-0.6916,,
1HGU,1HGU,1HGU,A,123,LEU,10.360,-0.6353,10.155,-1.1870
1HGU,1HGU,1HGU,A,124,MET,15.562,-0.3455,34.558,-0.2656
1HGU,1HGU,1HGU,A,125,GLY,19.929,-0.1023,,
1HGU,1HGU,1HGU,A,126,ARG,45.460,1.3199,42.833,0.0468
1HGU,1HGU,1HGU,A,127,LEU,25.878,0.2291,26.196,-0.5813
1HGU,1HGU,1HGU,A,128,GLU,65.400,2.4307,93.172,1.9473
1HGU,1HGU,1HGU,A,129,ASP,57.020,1.9639,59.373,0.6712
1HGU,1HGU,1HGU,A,130,GLY,24.575,0.1566,,
1HGU,1HGU,1HGU,A,131,SER,13.931,-0.4364,,
1HGU,1HGU,1HGU,A,132,PRO,69.334,2.6499,,
1HGU,1HGU,1HGU,A,133,ARG,38.489,0.9316,77.025,1.3377
1HGU,1HGU,1HGU,A,134,THR,77.201,3.0881,,
1HGU,1HGU,1HGU,A,135,GLY,49.055,1.5202,,
1HGU,1HGU,1HGU,A,136,GLN,23.077,0.0731,79.089,1.4156
1HGU,1HGU,1HGU,A,137,ALA,54.197,1.8066,,
1HGU,1HGU,1HGU,A,138,PHE,49.966,1.5709,71.239,1.1192
1HGU,1HGU,1HGU,A,139,LYS,28.811,0.3925,54.282,0.4790
1HGU,1HGU,1HGU,A,140,GLN,33.137,0.6335,84.174,1.6076
1HGU,1HGU,1HGU,A,141,THR,24.024,0.1259,,
1HGU,1HGU,1HGU,A,142,TYR,18.385,-0.1883,112.632,2.6820
1HGU,1HGU,1HGU,A,143,ALA,19.173,-0.1444,,
1HGU,1HGU,1HGU,A,144,LYS,21.140,-0.0348,46.001,0.1664
1HGU,1HGU,1HGU,A,145,PHE,24.216,0.1366,35.046,-0.2472
1HGU,1HGU,1HGU,A,146,ASP,59.882,2.1234,8.973,-1.2316
1HGU,1HGU,1HGU,A,147,ALA,24.578,0.1567,,
1HGU,1HGU,1HGU,A,148,ASN,32.026,0.5716,82.292,1.5365
1HGU,1HGU,1HGU,A,149,SER,41.713,1.1112,,
1HGU,1HGU,1HGU,A,150,HIS,75.781,3.0090,99.652,2.1919
1HGU,1HGU,1HGU,A,151,ASN,31.524,0.5436,59.242,0.6663
1HGU,1HGU,1HGU,A,152,ASP,60.013,2.1306,86.460,1.6939
1HGU,1HGU,1HGU,A,153,ASP,31.555,0.5454,78.785,1.4041
1HGU,1HGU,1HGU,A,154,ALA,11.759,-0.5574,,
1HGU,1HGU,1HGU,A,155,LEU,9.264,-0.6964,61.658,0.7575
1HGU,1HGU,1HGU,A,156,LEU,9.493,-0.6836,55.782,0.5357
1HGU,1HGU,1HGU,A,157,LYS,9.367,-0.6906,36.764,-0.1823
1HGU,1HGU,1HGU,A,158,ASN,10.003,-0.6552,42.879,0.0485
1HGU,1HGU,1HGU,A,159,TYR,9.778,-0.6678,12.223,-1.1089
1HGU,1HGU,1HGU,A,160,GLY,9.226,-0.6985,,
1HGU,1HGU,1HGU,A,161,LEU,9.557,-0.6801,9.877,-1.1975
1HGU,1HGU,1HGU,A,162,LEU,9.029,-0.7094,23.612,-0.6789
1HGU,1HGU,1HGU,A,163,TYR,8.070,-0.7629,13.481,-1.0614
1HGU,1HGU,1HGU,A,164,CYS,8.156,-0.7581,,
1HGU,1HGU,1HGU,A,165,PHE,9.230,-0.6982,8.421,-1.2524
1HGU,1HGU,1HGU,A,166,ARG,9.188,-0.7006,19.033,-0.8518
1HGU,1HGU,1HGU,A,167,LYS,8.989,-0.7117,52.057,0.3950
1HGU,1HGU,1HGU,A,168,ASP,8.057,-0.7636,7.728,-1.2786
1HGU,1HGU,1HGU,A,169,MET,8.442,-0.7422,34.440,-0.2701
1HGU,1HGU,1HGU,A,170,ASP,8.223,-0.7544,11.477,-1.1371
1HGU,1HGU,1HGU,A,171,LYS,7.812,-0.7773,8.747,-1.2401
1HGU,1HGU,1HGU,A,172,VAL,8.615,-0.7325,,
1HGU,1HGU,1HGU,A,173,GLU,8.375,-0.7459,21.626,-0.7539
1HGU,1HGU,1HGU,A,174,THR,8.284,-0.7510,,
1HGU,1HGU,1HGU,A,175,PHE,9.491,-0.6837,9.336,-1.2179
1HGU,1HGU,1HGU,A,176,LEU,9.652,-0.6748,48.495,0.2605
1HGU,1HGU,1HGU,A,177,ARG,8.740,-0.7256,52.308,0.4045
1HGU,1HGU,1HGU,A,178,ILE,8.992,-0.7115,11.244,-1.1459
1HGU,1HGU,1HGU,A,179,VAL,10.309,-0.6381,,
1HGU,1HGU,1HGU,A,180,GLN,11.952,-0.5466,44.446,0.1077
1HGU,1HGU,1HGU,A,181,CYS,15.810,-0.3317,,
1HGU,1HGU,1HGU,A,182,ARG,21.168,-0.0332,15.916,-0.9695
1HGU,1HGU,1HGU,A,183,SER,20.999,-0.0427,,
1HGU,1HGU,1HGU,A,184,VAL,44.998,1.2942,,
1HGU,1HGU,1HGU,A,185,GLU,85.037,3.5246,103.386,2.3329
1HGU,1HGU,1HGU,A,186,GLY,67.017,2.5208,,
1HGU,1HGU,1HGU,A,187,SER,53.816,1.7854,,
1HGU,1HGU,1HGU,A,188,CYS,,,,
1HGU,1HGU,1HGU,A,189,GLY,,,,
1JRH,1JRH,1JRH,A,1,SER,17.400,0.2987,,
1JRH,1JRH,1JRH,A,2,VAL,11.193,-0.5293,,
1JRH,1JRH,1JRH,A,3,PRO,12.183,-0.3973,,
1JRH,1JRH,1JRH,A,4,THR,10.001,-0.6883,,
1JRH,1JRH,1JRH,A,5,PRO,12.162,-0.4000,,
1JRH,1JRH,1JRH,A,6,THR,9.730,-0.7244,,
1JRH,1JRH,1JRH,A,7,ASN,10.387,-0.6368,58.133,0.4574
1JRH,1JRH,1JRH,A,8,VAL,12.851,-0.3082,,
1JRH,1JRH,1JRH,A,9,THR,12.179,-0.3978,,
1JRH,1JRH,1JRH,A,10,ILE,13.071,-0.2788,9.731,-1.0516
1JRH,1JRH,1JRH,A,11,GLU,44.273,3.8833,56.027,0.3917
1JRH,1JRH,1JRH,A,12,SER,23.505,1.1130,,
1JRH,1JRH,1JRH,A,13,TYR,26.095,1.4585,43.442,-0.0006
1JRH,1JRH,1JRH,A,14,ASN,40.999,3.4465,56.361,0.4021
1JRH,1JRH,1JRH,A,15,MET,26.465,1.5079,126.223,2.5801
1JRH,1JRH,1JRH,A,16,ASN,13.227,-0.2581,52.867,0.2932
1JRH,1JRH,1JRH,A,17,PRO,11.027,-0.5515,,
1JRH,1JRH,1JRH,A,18,ILE,11.338,-0.5099,52.952,0.2958
1JRH,1JRH,1JRH,A,19,VAL,10.507,-0.6209,,
1JRH,1JRH,1JRH,A,20,TYR,9.435,-0.7638,43.722,0.0081
1JRH,1JRH,1JRH,A,21,TRP,12.328,-0.3779,5.572,-1.1812
1JRH,1JRH,1JRH,A,22,GLU,12.517,-0.3526,50.823,0.2295
1JRH,1JRH,1JRH,A,23,TYR,14.940,-0.0295,8.866,-1.0785
1JRH,1JRH,1JRH,A,24,GLN,17.683,0.3364,133.865,2.8184
1JRH,1JRH,1JRH,A,25,ILE,16.126,0.1287,43.188,-0.0085
1JRH,1JRH,1JRH,A,26,MET,15.498,0.0449,75.283,0.9920
1JRH,1JRH,1JRH,A,27,PRO,21.015,0.7809,,
1JRH,1JRH,1JRH,A,28,GLN,16.144,0.1311,38.711,-0.1481
1JRH,1JRH,1JRH,A,29,VAL,11.572,-0.4787,,
1JRH,1JRH,1JRH,A,30,PRO,12.173,-0.3986,,
1JRH,1JRH,1JRH,A,31,VAL,10.622,-0.6054,,
1JRH,1JRH,1JRH,A,32,PHE,9.491,-0.7564,7.436,-1.1231
1JRH,1JRH,1JRH,A,33,THR,9.136,-0.8037,,
1JRH,1JRH,1JRH,A,34,VAL,8.992,-0.8228,,
1JRH,1JRH,1JRH,A,35,GLU,9.500,-0.7551,16.368,-0.8447
1JRH,1JRH,1JRH,A,36,VAL,15.733,0.0763,,
1JRH,1JRH,1JRH,A,37,LYS,14.863,-0.0398,58.612,0.4723
1JRH,1JRH,1JRH,A,38,ASN,13.757,-0.1873,95.064,1.6087
1JRH,1JRH,1JRH,A,39,TYR,33.166,2.4017,34.427,-0.2817
1JRH,1JRH,1JRH,A,40,GLY,22.008,0.9133,,
1JRH,1JRH,1JRH,A,41,VAL,18.886,0.4969,,
1JRH,1JRH,1JRH,A,42,LYS,25.770,1.4151,76.266,1.0227
1JRH,1JRH,1JRH,A,43,ASN,16.405,0.1660,46.979,0.1096
1JRH,1JRH,1JRH,A,44,SER,18.490,0.4441,,
1JRH,1JRH,1JRH,A,45,GLU,12.977,-0.2914,87.879,1.3847
1JRH,1JRH,1JRH,A,46,TRP,13.091,-0.2762,8.626,-1.0860
1JRH,1JRH,1JRH,A,47,ILE,11.954,-0.4278,73.341,0.9315
1JRH,1JRH,1JRH,A,48,ASP,12.845,-0.3090,22.532,-0.6525
1JRH,1JRH,1JRH,A,49,ALA,9.502,-0.7548,,
1JRH,1JRH,1JRH,A,50,CYS,10.168,-0.6660,,
1JRH,1JRH,1JRH,A,51,ILE,10.503,-0.6214,46.264,0.0873
1JRH,1JRH,1JRH,A,52,ASN,10.762,-0.5868,17.805,-0.7999
1JRH,1JRH,1JRH,A,53,ILE,15.402,0.0321,11.374,-1.0003
1JRH,1JRH,1JRH,A,54,SER,18.635,0.4634,,
1JRH,1JRH,1JRH,A,55,HIS,9.897,-0.7022,63.571,0.6269
1JRH,1JRH,1JRH,A,56,HIS,8.504,-0.8880,9.831,-1.0485
1JRH,1JRH,1JRH,A,57,TYR,9.224,-0.7920,11.887,-0.9844
1JRH,1JRH,1JRH,A,58,CYS,9.713,-0.7268,,
1JRH,1JRH,1JRH,A,59,ASN,9.690,-0.7299,12.010,-0.9805
1JRH,1JRH,1JRH,A,60,ILE,10.791,-0.5829,9.386,-1.0623
1JRH,1JRH,1JRH,A,61,SER,13.603,-0.2079,,
1JRH,1JRH,1JRH,A,62,ASP,15.289,0.0171,54.155,0.3334
1JRH,1JRH,1JRH,A,63,HIS,13.251,-0.2548,13.932,-0.9206
1JRH,1JRH,1JRH,A,64,VAL,19.746,0.6116,,
1JRH,1JRH,1JRH,A,65,GLY,16.108,0.1263,,
1JRH,1JRH,1JRH,A,66,ASP,11.540,-0.4830,12.309,-0.9712
1JRH,1JRH,1JRH,A,67,PRO,19.418,0.5679,,
1JRH,1JRH,1JRH,A,68,SER,21.647,0.8652,,
1JRH,1JRH,1JRH,A,69,ASN,16.547,0.1849,8.323,-1.0955
1JRH,1JRH,1JRH,A,70,SER,17.975,0.3753,,
1JRH,1JRH,1JRH,A,71,LEU,11.485,-0.4904,44.223,0.0237
1JRH,1JRH,1JRH,A,72,TRP,9.342,-0.7762,10.937,-1.0140
1JRH,1JRH,1JRH,A,73,VAL,9.660,-0.7338,,
1JRH,1JRH,1JRH,A,74,ARG,8.823,-0.8454,6.998,-1.1368
1JRH,1JRH,1JRH,A,75,VAL,10.300,-0.6484,,
1JRH,1JRH,1JRH,A,76,LYS,12.033,-0.4172,58.559,0.4707
1JRH,1JRH,1JRH,A,77,ALA,10.672,-0.5989,,
1JRH,1JRH,1JRH,A,78,ARG,14.015,-0.1529,23.949,-0.6083
1JRH,1JRH,1JRH,A,79,VAL,12.581,-0.3441,,
1JRH,1JRH,1JRH,A,80,GLY,18.828,0.4891,,
1JRH,1JRH,1JRH,A,81,GLN,16.327,0.1555,57.287,0.4310
1JRH,1JRH,1JRH,A,82,LYS,11.329,-0.5112,52.371,0.2777
1JRH,1JRH,1JRH,A,83,GLU,9.190,-0.7965,125.204,2.5483
1JRH,1JRH,1JRH,A,84,SER,9.301,-0.7817,,
1JRH,1JRH,1JRH,A,85,ALA,11.770,-0.4523,,
1JRH,1JRH,1JRH,A,86,TYR,16.208,0.1397,13.847,-0.9233
1JRH,1JRH,1JRH,A,87,ALA,14.259,-0.1204,,
1JRH,1JRH,1JRH,A,88,LYS,13.129,-0.2711,73.621,0.9402
1JRH,1JRH,1JRH,A,89,SER,12.708,-0.3272,,
1JRH,1JRH,1JRH,A,90,GLU,12.851,-0.3082,59.217,0.4912
1JRH,1JRH,1JRH,A,91,GLU,17.073,0.2551,58.693,0.4748
1JRH,1JRH,1JRH,A,92,PHE,32.039,2.2513,20.972,-0.7011
1JRH,1JRH,1JRH,A,93,ALA,52.433,4.9717,,
1JRH,1JRH,1JRH,A,94,VAL,,,,
1JRH,1JRH,1JRH,A,95,SER,,,,
1OKE,1OKE,1OKE,A,1,MET,17.877,0.0934,56.675,0.4729
1OKE,1OKE,1OKE,A,2,ARG,26.986,0.8930,22.649,-0.7082
1OKE,1OKE,1OKE,A,3,CYS,17.569,0.0664,,
1OKE,1OKE,1OKE,A,4,ILE,16.559,-0.0223,116.407,2.5461
1OKE,1OKE,1OKE,A,5,GLY,19.329,0.2208,,
1OKE,1OKE,1OKE,A,6,ILE,15.488,-0.1163,15.220,-0.9660
1OKE,1OKE,1OKE,A,7,SER,20.942,0.3625,,
1OKE,1OKE,1OKE,A,8,ASN,14.821,-0.1749,40.249,-0.0973
1OKE,1OKE,1OKE,A,9,ARG,15.328,-0.1304,9.834,-1.1530
1OKE,1OKE,1OKE,A,10,ASP,13.879,-0.2576,53.996,0.3799
1OKE,1OKE,1OKE,A,11,PHE,13.011,-0.3338,54.852,0.4096
1OKE,1OKE,1OKE,A,12,VAL,14.794,-0.1772,,
1OKE,1OKE,1OKE,A,13,GLU,23.688,0.6035,82.313,1.3628
1OKE,1OKE,1OKE,A,14,GLY,25.886,0.7965,,
1OKE,1OKE,1OKE,A,15,VAL,62.732,4.0309,,
1OKE,1OKE,1OKE,A,16,SER,51.847,3.0754,,
1OKE,1OKE,1OKE,A,17,GLY,50.229,2.9333,,
1OKE,1OKE,1OKE,A,18,GLY,30.334,1.1869,,
1OKE,1OKE,1OKE,A,19,SER,12.815,-0.3509,,
1OKE,1OKE,1OKE,A,20,TRP,13.209,-0.3163,73.044,1.0410
1OKE,1OKE,1OKE,A,21,VAL,13.429,-0.2971,,
1OKE,1OKE,1OKE,A,22,ASP,11.043,-0.5065,53.914,0.3770
1OKE,1OKE,1OKE,A,23,ILE,13.780,-0.2662,47.718,0.1620
1OKE,1OKE,1OKE,A,24,VAL,14.824,-0.1746,,
1OKE,1OKE,1OKE,A,25,LEU,13.509,-0.2900,51.231,0.2839
1OKE,1OKE,1OKE,A,26,GLU,29.612,1.1236,96.521,1.8559
1OKE,1OKE,1OKE,A,27,HIS,31.754,1.3116,23.615,-0.6746
1OKE,1OKE,1OKE,A,28,GLY,20.951,0.3632,,
1OKE,1OKE,1OKE,A,29,SER,19.084,0.1994,,
1OKE,1OKE,1OKE,A,30,CYS,13.497,-0.2911,,
1OKE,1OKE,1OKE,A,31,VAL,14.956,-0.1630,,
1OKE,1OKE,1OKE,A,32,THR,12.513,-0.3774,,
1OKE,1OKE,1OKE,A,33,THR,14.797,-0.1770,,
1OKE,1OKE,1OKE,A,34,MET,12.246,-0.4009,72.150,1.0100
1OKE,1OKE,1OKE,A,35,ALA,10.788,-0.5289,,
1OKE,1OKE,1OKE,A,36,LYS,10.224,-0.5784,62.416,0.6721
1OKE,1OKE,1OKE,A,37,ASN,11.124,-0.4994,49.154,0.2118
1OKE,1OKE,1OKE,A,38,LYS,9.983,-0.5996,14.114,-1.0044
1OKE,1OKE,1OKE,A,39,PRO,10.397,-0.5632,,
1OKE,1OKE,1OKE,A,40,THR,11.506,-0.4658,,
1OKE,1OKE,1OKE,A,41,LEU,13.039,-0.3313,15.167,-0.9679
1OKE,1OKE,1OKE,A,42,ASP,13.300,-0.3084,63.701,0.7167
1OKE,1OKE,1OKE,A,43,PHE,11.109,-0.5007,86.144,1.4957
1OKE,1OKE,1OKE,A,44,GLU,11.785,-0.4413,69.771,0.9274
1OKE,1OKE,1OKE,A,45,LEU,15.038,-0.1558,21.653,-0.7427
1OKE,1OKE,1OKE,A,46,ILE,10.052,-0.5935,46.033,0.1035
1OKE,1OKE,1OKE,A,47,LYS,12.144,-0.4098,86.160,1.4963
1OKE,1OKE,1OKE,A,48,THR,11.554,-0.4616,,
1OKE,1OKE,1OKE,A,49,GLU,18.354,0.1353,67.836,0.8603
1OKE,1OKE,1OKE,A,50,ALA,22.537,0.5025,,
1OKE,1OKE,1OKE,A,51,LYS,17.334,0.0458,67.020,0.8320
1OKE,1OKE,1OKE,A,52,GLN,12.235,-0.4018,58.727,0.5441
1OKE,1OKE,1OKE,A,53,PRO,15.448,-0.1198,,
1OKE,1OKE,1OKE,A,54,ALA,13.983,-0.2484,,
1OKE,1OKE,1OKE,A,55,THR,11.548,-0.4622,,
1OKE,1OKE,1OKE,A,56,LEU,9.712,-0.6233,36.197,-0.2379
1OKE,1OKE,1OKE,A,57,ARG,11.485,-0.4677,56.308,0.4601
1OKE,1OKE,1OKE,A,58,LYS,11.219,-0.4911,63.739,0.7180
1OKE,1OKE,1OKE,A,59,TYR,10.974,-0.5125,7.459,-1.2354
1OKE,1OKE,1OKE,A,60,CYS,11.547,-0.4622,,
1OKE,1OKE,1OKE,A,61,ILE,9.752,-0.6198,46.083,0.1052
1OKE,1OKE,1OKE,A,62,GLU,11.489,-0.4673,9.403,-1.1679
1OKE,1OKE,1OKE,A,63,ALA,10.831,-0.5251,,
1OKE,1OKE,1OKE,A,64,LYS,10.152,-0.5847,58.488,0.5358
1OKE,1OKE,1OKE,A,65,LEU,8.259,-0.7509,8.660,-1.1937
1OKE,1OKE,1OKE,A,66,THR,10.074,-0.5916,,
1OKE,1OKE,1OKE,A,67,ASN,11.021,-0.5085,20.759,-0.7737
1OKE,1OKE,1OKE,A,68,THR,11.654,-0.4528,,
1OKE,1OKE,1OKE,A,69,THR,9.759,-0.6192,,
1OKE,1OKE,1OKE,A,70,THR,10.018,-0.5965,,
1OKE,1OKE,1OKE,A,71,GLU,11.035,-0.5071,20.507,-0.7825
1OKE,1OKE,1OKE,A,72,SER,9.603,-0.6329,,
1OKE,1OKE,1OKE,A,73,ARG,9.209,-0.6675,19.709,-0.8102
1OKE,1OKE,1OKE,A,74,CYS,9.017,-0.6843,,
1OKE,1OKE,1OKE,A,75,PRO,14.967,-0.1620,,
1OKE,1OKE,1OKE,A,76,THR,21.047,0.3717,,
1OKE,1OKE,1OKE,A,77,GLN,16.219,-0.0521,46.558,0.1217
1OKE,1OKE,1OKE,A,78,GLY,15.109,-0.1495,,
1OKE,1OKE,1OKE,A,79,GLU,10.132,-0.5865,106.972,2.2187
1OKE,1OKE,1OKE,A,80,PRO,12.443,-0.3836,,
1OKE,1OKE,1OKE,A,81,THR,10.686,-0.5379,,
1OKE,1OKE,1OKE,A,82,LEU,9.229,-0.6657,8.475,-1.2001
1OKE,1OKE,1OKE,A,83,ASN,9.667,-0.6272,62.855,0.6874
1OKE,1OKE,1OKE,A,84,GLU,9.137,-0.6738,24.542,-0.6425
1OKE,1OKE,1OKE,A,85,GLU,15.596,-0.1068,22.999,-0.6960
1OKE,1OKE,1OKE,A,86,GLN,14.825,-0.1745,33.870,-0.3187
1OKE,1OKE,1OKE,A,87,ASP,9.733,-0.6215,7.551,-1.2322
1OKE,1OKE,1OKE,A,88,LYS,10.533,-0.5513,29.012,-0.4873
1OKE,1OKE,1OKE,A,89,ARG,11.163,-0.4960,9.254,-1.1731
1OKE,1OKE,1OKE,A,90,PHE,11.161,-0.4962,9.199,-1.1750
1OKE,1OKE,1OKE,A,91,VAL,9.266,-0.6625,,
1OKE,1OKE,1OKE,A,92,CYS,9.790,-0.6165,,
1OKE,1OKE,1OKE,A,93,LYS,12.149,-0.4094,18.921,-0.8376
1OKE,1OKE,1OKE,A,94,HIS,12.097,-0.4140,47.637,0.1592
1OKE,1OKE,1OKE,A,95,SER,14.349,-0.2163,,
1OKE,1OKE,1OKE,A,96,MET,9.682,-0.6260,57.154,0.4895
1OKE,1OKE,1OKE,A,97,VAL,10.819,-0.5261,,
1OKE,1OKE,1OKE,A,98,ASP,20.404,0.3153,93.781,1.7608
1OKE,1OKE,1OKE,A,99,ARG,19.961,0.2763,7.589,-1.2309
1OKE,1OKE,1OKE,A,100,GLY,37.991,1.8590,,
1OKE,1OKE,1OKE,A,101,TRP,30.216,1.1766,57.958,0.5174
1OKE,1OKE,1OKE,A,102,GLY,18.458,0.1444,,
1OKE,1OKE,1OKE,A,103,ASN,15.800,-0.0889,46.510,0.1201
1OKE,1OKE,1OKE,A,104,GLY,14.877,-0.1699,,
1OKE,1OKE,1OKE,A,105,CYS,15.223,-0.1395,,
1OKE,1OKE,1OKE,A,106,GLY,16.826,0.0011,,
1OKE,1OKE,1OKE,A,107,LEU,16.114,-0.0614,39.270,-0.1312
1OKE,1OKE,1OKE,A,108,PHE,19.044,0.1959,49.329,0.2179
1OKE,1OKE,1OKE,A,109,GLY,15.957,-0.0752,,
1OKE,1OKE,1OKE,A,110,LYS,18.541,0.1517,35.844,-0.2501
1OKE,1OKE,1OKE,A,111,GLY,13.597,-0.2823,,
1OKE,1OKE,1OKE,A,112,GLY,10.402,-0.5628,,
1OKE,1OKE,1OKE,A,113,ILE,9.656,-0.6282,46.507,0.1200
1OKE,1OKE,1OKE,A,114,VAL,8.825,-0.7012,,
1OKE,1OKE,1OKE,A,115,THR,10.437,-0.5597,,
1OKE,1OKE,1OKE,A,116,CYS,10.079,-0.5911,,
1OKE,1OKE,1OKE,A,117,ALA,9.842,-0.6119,,
1OKE,1OKE,1OKE,A,118,MET,10.839,-0.5244,12.524,-1.0596
1OKE,1OKE,1OKE,A,119,PHE,11.828,-0.4376,6.770,-1.2593
1OKE,1OKE,1OKE,A,120,THR,12.742,-0.3574,,
1OKE,1OKE,1OKE,A,121,CYS,14.873,-0.1703,,
1OKE,1OKE,1OKE,A,122,LYS,10.770,-0.5304,74.044,1.0757
1OKE,1OKE,1OKE,A,123,LYS,11.863,-0.4345,48.410,0.1860
1OKE,1OKE,1OKE,A,124,ASN,10.563,-0.5486,77.722,1.2034
1OKE,1OKE,1OKE,A,125,MET,12.238,-0.4016,21.603,-0.7445
1OKE,1OKE,1OKE,A,126,GLU,14.576,-0.1963,67.767,0.8579
1OKE,1OKE,1OKE,A,127,GLY,15.461,-0.1186,,
1OKE,1OKE,1OKE,A,128,LYS,18.249,0.1261,19.739,-0.8092
1OKE,1OKE,1OKE,A,129,ILE,20.276,0.3040,77.848,1.2078
1OKE,1OKE,1OKE,A,130,VAL,18.522,0.1500,,
1OKE,1OKE,1OKE,A,131,GLN,9.031,-0.6831,56.484,0.4662
1OKE,1OKE,1OKE,A,132,PRO,11.093,-0.5021,,
1OKE,1OKE,1OKE,A,133,GLU,15.566,-0.1094,81.557,1.3365
1OKE,1OKE,1OKE,A,134,ASN,15.029,-0.1565,7.955,-1.2182
1OKE,1OKE,1OKE,A,135,LEU,10.712,-0.5356,28.146,-0.5174
1OKE,1OKE,1OKE,A,136,GLU,13.358,-0.3033,20.920,-0.7682
1OKE,1OKE,1OKE,A,137,TYR,11.460,-0.4699,11.271,-1.1031
1OKE,1OKE,1OKE,A,138,THR,11.288,-0.4849,,
1OKE,1OKE,1OKE,A,139,VAL,11.102,-0.5013,,
1OKE,1OKE,1OKE,A,140,VAL,10.085,-0.5906,,
1OKE,1OKE,1OKE,A,141,ILE,11.435,-0.4721,10.962,-1.1138
1OKE,1OKE,1OKE,A,142,THR,10.441,-0.5593,,
1OKE,1OKE,1OKE,A,143,PRO,17.917,0.0969,,
1OKE,1OKE,1OKE,A,144,HIS,17.145,0.0292,8.742,-1.1909
1OKE,1OKE,1OKE,A,145,SER,13.799,-0.2645,,
1OKE,1OKE,1OKE,A,146,GLY,12.700,-0.3610,,
1OKE,1OKE,1OKE,A,147,GLU,15.281,-0.1344,10.036,-1.1459
1OKE,1OKE,1OKE,A,148,GLU,13.941,-0.2521,66.839,0.8257
1OKE,1OKE,1OKE,A,149,HIS,14.634,-0.1913,39.699,-0.1163
1OKE,1OKE,1OKE,A,150,ALA,29.300,1.0962,,
1OKE,1OKE,1OKE,A,151,VAL,32.676,1.3925,,
1OKE,1OKE,1OKE,A,152,GLY,20.816,0.3514,,
1OKE,1OKE,1OKE,A,153,ASN,21.407,0.4033,75.942,1.1416
1OKE,1OKE,1OKE,A,154,ASP,21.738,0.4323,66.906,0.8280
1OKE,1OKE,1OKE,A,155,THR,41.336,2.1527,,
1OKE,1OKE,1OKE,A,156,GLY,16.650,-0.0143,,
1OKE,1OKE,1OKE,A,157,LYS,32.651,1.3903,57.671,0.5074
1OKE,1OKE,1OKE,A,158,HIS,31.650,1.3025,47.085,0.1400
1OKE,1OKE,1OKE,A,159,GLY,11.240,-0.4892,,
1OKE,1OKE,1OKE,A,160,LYS,13.370,-0.3022,29.725,-0.4626
1OKE,1OKE,1OKE,A,161,GLU,11.699,-0.4489,33.181,-0.3426
1OKE,1OKE,1OKE,A,162,VAL,13.711,-0.2723,,
1OKE,1OKE,1OKE,A,163,LYS,11.933,-0.4284,29.480,-0.4711
1OKE,1OKE,1OKE,A,164,ILE,17.750,0.0823,26.063,-0.5897
1OKE,1OKE,1OKE,A,165,THR,10.470,-0.5568,,
1OKE,1OKE,1OKE,A,166,PRO,11.799,-0.4401,,
1OKE,1OKE,1OKE,A,167,GLN,17.263,0.0395,53.957,0.3785
1OKE,1OKE,1OKE,A,168,SER,19.426,0.2294,,
1OKE,1OKE,1OKE,A,169,SER,16.701,-0.0098,,
1OKE,1OKE,1OKE,A,170,ILE,12.709,-0.3603,17.153,-0.8989
1OKE,1OKE,1OKE,A,171,THR,13.553,-0.2862,,
1OKE,1OKE,1OKE,A,172,GLU,13.420,-0.2978,45.211,0.0750
1OKE,1OKE,1OKE,A,173,ALA,15.757,-0.0927,,
1OKE,1OKE,1OKE,A,174,GLU,21.483,0.4100,45.652,0.0903
1OKE,1OKE,1OKE,A,175,LEU,23.602,0.5960,11.495,-1.0953
1OKE,1OKE,1OKE,A,176,THR,15.426,-0.1217,,
1OKE,1OKE,1OKE,A,177,GLY,18.191,0.1210,,
1OKE,1OKE,1OKE,A,178,TYR,17.758,0.0830,10.291,-1.1371
1OKE,1OKE,1OKE,A,179,GLY,15.871,-0.0827,,
1OKE,1OKE,1OKE,A,180,THR,13.651,-0.2775,,
1OKE,1OKE,1OKE,A,181,VAL,12.719,-0.3594,,
1OKE,1OKE,1OKE,A,182,THR,13.147,-0.3218,,
1OKE,1OKE,1OKE,A,183,MET,14.803,-0.1764,53.427,0.3601
1OKE,1OKE,1OKE,A,184,GLU,11.291,-0.4847,95.179,1.8093
1OKE,1OKE,1OKE,A,185,CYS,17.355,0.0476,,
1OKE,1OKE,1OKE,A,186,SER,33.278,1.4453,,
1OKE,1OKE,1OKE,A,187,PRO,91.674,6.5715,,
1OKE,1OKE,1OKE,A,188,ARG,101.628,7.4453,65.850,0.7913
1OKE,1OKE,1OKE,A,189,THR,61.688,3.9392,,
1OKE,1OKE,1OKE,A,190,GLY,31.300,1.2717,,
1OKE,1OKE,1OKE,A,191,LEU,27.289,0.9196,70.658,0.9582
1OKE,1OKE,1OKE,A,192,ASP,24.355,0.6620,56.064,0.4517
1OKE,1OKE,1OKE,A,193,PHE,18.714,0.1669,112.731,2.4185
1OKE,1OKE,1OKE,A,194,ASN,20.454,0.3196,59.205,0.5607
1OKE,1OKE,1OKE,A,195,GLU,14.048,-0.2427,62.672,0.6810
1OKE,1OKE,1OKE,A,196,MET,11.206,-0.4922,25.210,-0.6193
1OKE,1OKE,1OKE,A,197,VAL,12.626,-0.3675,,
1OKE,1OKE,1OKE,A,198,LEU,14.799,-0.1768,58.584,0.5391
1OKE,1OKE,1OKE,A,199,LEU,13.650,-0.2776,10.844,-1.1179
1OKE,1OKE,1OKE,A,200,GLN,31.014,1.2466,68.836,0.8950
1OKE,1OKE,1OKE,A,201,MET,44.771,2.4543,45.341,0.0795
1OKE,1OKE,1OKE,A,202,LYS,23.143,0.5557,72.536,1.0234
1OKE,1OKE,1OKE,A,203,ASP,19.601,0.2447,59.287,0.5635
1OKE,1OKE,1OKE,A,204,LYS,9.318,-0.6579,55.151,0.4200
1OKE,1OKE,1OKE,A,205,ALA,11.627,-0.4553,,
1OKE,1OKE,1OKE,A,206,TRP,12.764,-0.3554,8.626,-1.1949
1OKE,1OKE,1OKE,A,207,LEU,10.545,-0.5502,43.181,0.0045
1OKE,1OKE,1OKE,A,208,VAL,9.367,-0.6536,,
1OKE,1OKE,1OKE,A,209,HIS,9.042,-0.6821,8.549,-1.1976
1OKE,1OKE,1OKE,A,210,ARG,12.050,-0.4181,34.204,-0.3071
1OKE,1OKE,1OKE,A,211,GLN,10.380,-0.5647,49.526,0.2247
1OKE,1OKE,1OKE,A,212,TRP,10.285,-0.5730,7.994,-1.2168
1OKE,1OKE,1OKE,A,213,PHE,13.240,-0.3136,10.214,-1.1398
1OKE,1OKE,1OKE,A,214,LEU,22.706,0.5173,11.289,-1.1025
1OKE,1OKE,1OKE,A,215,ASP,15.098,-0.1505,19.983,-0.8007
1OKE,1OKE,1OKE,A,216,LEU,9.954,-0.6021,14.971,-0.9746
1OKE,1OKE,1OKE,A,217,PRO,8.763,-0.7066,,
1OKE,1OKE,1OKE,A,218,LEU,8.055,-0.7688,8.453,-1.2009
1OKE,1OKE,1OKE,A,219,PRO,8.105,-0.7644,,
1OKE,1OKE,1OKE,A,220,TRP,8.320,-0.7455,7.393,-1.2377
1OKE,1OKE,1OKE,A,221,LEU,10.410,-0.5621,8.773,-1.1898
1OKE,1OKE,1OKE,A,222,PRO,12.641,-0.3662,,
1OKE,1OKE,1OKE,A,223,GLY,21.699,0.4290,,
1OKE,1OKE,1OKE,A,224,ALA,14.003,-0.2467,,
1OKE,1OKE,1OKE,A,225,ASP,16.041,-0.0677,8.775,-1.1897
1OKE,1OKE,1OKE,A,226,THR,16.545,-0.0235,,
1OKE,1OKE,1OKE,A,227,GLN,11.461,-0.4698,47.926,0.1692
1OKE,1OKE,1OKE,A,228,GLY,13.345,-0.3044,,
1OKE,1OKE,1OKE,A,229,SER,13.096,-0.3263,,
1OKE,1OKE,1OKE,A,230,ASN,11.656,-0.4527,8.151,-1.2114
1OKE,1OKE,1OKE,A,231,TRP,9.806,-0.6151,7.551,-1.2322
1OKE,1OKE,1OKE,A,232,ILE,8.418,-0.7369,8.575,-1.1966
1OKE,1OKE,1OKE,A,233,GLN,9.101,-0.6770,20.464,-0.7840
1OKE,1OKE,1OKE,A,234,LYS,11.511,-0.4654,25.574,-0.6066
1OKE,1OKE,1OKE,A,235,GLU,11.159,-0.4963,91.468,1.6805
1OKE,1OKE,1OKE,A,236,THR,13.388,-0.3007,,
1OKE,1OKE,1OKE,A,237,LEU,13.888,-0.2567,53.035,0.3465
1OKE,1OKE,1OKE,A,238,VAL,14.313,-0.2194,,
1OKE,1OKE,1OKE,A,239,THR,13.326,-0.3061,,
1OKE,1OKE,1OKE,A,240,PHE,12.134,-0.4107,8.822,-1.1881
1OKE,1OKE,1OKE,A,241,LYS,17.088,0.0242,72.953,1.0379
1OKE,1OKE,1OKE,A,242,ASN,11.806,-0.4395,54.722,0.4051
1OKE,1OKE,1OKE,A,243,PRO,45.639,2.5305,,
1OKE,1OKE,1OKE,A,244,HIS,42.585,2.2624,50.150,0.2464
1OKE,1OKE,1OKE,A,245,ALA,19.289,0.2174,,
1OKE,1OKE,1OKE,A,246,LYS,15.145,-0.1464,33.286,-0.3390
1OKE,1OKE,1OKE,A,247,LYS,18.516,0.1495,53.612,0.3666
1OKE,1OKE,1OKE,A,248,GLN,11.630,-0.4549,49.838,0.2356
1OKE,1OKE,1OKE,A,249,ASP,11.787,-0.4412,19.757,-0.8085
1OKE,1OKE,1OKE,A,250,VAL,11.685,-0.4501,,
1OKE,1OKE,1OKE,A,251,VAL,15.862,-0.0835,,
1OKE,1OKE,1OKE,A,252,VAL,47.976,2.7355,,
1OKE,1OKE,1OKE,A,253,LEU,55.245,3.3737,28.462,-0.5064
1OKE,1OKE,1OKE,A,254,GLY,14.564,-0.1974,,
1OKE,1OKE,1OKE,A,255,SER,11.336,-0.4808,,
1OKE,1OKE,1OKE,A,256,GLN,10.297,-0.5719,10.843,-1.1179
1OKE,1OKE,1OKE,A,257,GLU,10.755,-0.5318,83.670,1.4098
1OKE,1OKE,1OKE,A,258,GLY,10.402,-0.5628,,
1OKE,1OKE,1OKE,A,259,ALA,10.547,-0.5500,,
1OKE,1OKE,1OKE,A,260,MET,9.593,-0.6338,41.348,-0.0591
1OKE,1OKE,1OKE,A,261,HIS,12.636,-0.3666,48.354,0.1841
1OKE,1OKE,1OKE,A,262,THR,15.032,-0.1563,,
1OKE,1OKE,1OKE,A,263,ALA,17.562,0.0658,,
1OKE,1OKE,1OKE,A,264,LEU,47.232,2.6703,8.711,-1.1919
1OKE,1OKE,1OKE,A,265,THR,54.345,3.2946,,
1OKE,1OKE,1OKE,A,266,GLY,18.416,0.1408,,
1OKE,1OKE,1OKE,A,267,ALA,14.665,-0.1885,,
1OKE,1OKE,1OKE,A,268,THR,14.504,-0.2027,,
1OKE,1OKE,1OKE,A,269,GLU,15.358,-0.1277,89.432,1.6099
1OKE,1OKE,1OKE,A,270,ILE,10.491,-0.5549,57.973,0.5179
1OKE,1OKE,1OKE,A,271,GLN,16.052,-0.0668,55.164,0.4204
1OKE,1OKE,1OKE,A,272,MET,15.652,-0.1019,128.808,2.9766
1OKE,1OKE,1OKE,A,273,SER,48.882,2.8151,,
1OKE,1OKE,1OKE,A,274,SER,51.739,3.0659,,
1OKE,1OKE,1OKE,A,275,GLY,28.626,1.0370,,
1OKE,1OKE,1OKE,A,276,ASN,19.326,0.2206,56.179,0.4557
1OKE,1OKE,1OKE,A,277,LEU,23.392,0.5775,43.202,0.0052
1OKE,1OKE,1OKE,A,278,LEU,25.803,0.7892,33.124,-0.3446
1OKE,1OKE,1OKE,A,279,PHE,14.336,-0.2174,18.187,-0.8630
1OKE,1OKE,1OKE,A,280,THR,22.066,0.4611,,
1OKE,1OKE,1OKE,A,281,GLY,30.475,1.1993,,
1OKE,1OKE,1OKE,A,282,HIS,24.962,0.7154,59.385,0.5669
1OKE,1OKE,1OKE,A,283,LEU,14.903,-0.1677,65.368,0.7746
1OKE,1OKE,1OKE,A,284,LYS,9.736,-0.6212,130.611,3.0392
1OKE,1OKE,1OKE,A,285,CYS,13.652,-0.2775,,
1OKE,1OKE,1OKE,A,286,ARG,13.961,-0.2503,70.683,0.9591
1OKE,1OKE,1OKE,A,287,LEU,12.496,-0.3789,36.823,-0.2162
1OKE,1OKE,1OKE,A,288,ARG,13.867,-0.2586,43.347,0.0103
1OKE,1OKE,1OKE,A,289,MET,12.099,-0.4138,45.811,0.0958
1OKE,1OKE,1OKE,A,290,ASP,14.004,-0.2466,11.337,-1.1008
1OKE,1OKE,1OKE,A,291,LYS,12.715,-0.3597,26.276,-0.5823
1OKE,1OKE,1OKE,A,292,LEU,12.578,-0.3717,28.775,-0.4955
1OKE,1OKE,1OKE,A,293,GLN,16.339,-0.0416,89.364,1.6075
1OKE,1OKE,1OKE,A,294,LEU,17.166,0.0310,24.042,-0.6598
1OKE,1OKE,1OKE,A,295,LYS,11.377,-0.4772,32.385,-0.3702
1OKE,1OKE,1OKE,A,296,GLY,11.744,-0.4450,,
1OKE,1OKE,1OKE,A,297,MET,15.834,-0.0860,60.349,0.6004
1OKE,1OKE,1OKE,A,298,SER,12.789,-0.3532,,
1OKE,1OKE,1OKE,A,299,TYR,12.184,-0.4064,10.547,-1.1282
1OKE,1OKE,1OKE,A,300,SER,9.313,-0.6583,,
1OKE,1OKE,1OKE,A,301,MET,11.487,-0.4675,14.590,-0.9879
1OKE,1OKE,1OKE,A,302,CYS,13.319,-0.3067,,
1OKE,1OKE,1OKE,A,303,THR,13.231,-0.3144,,
1OKE,1OKE,1OKE,A,304,GLY,14.232,-0.2265,,
1OKE,1OKE,1OKE,A,305,LYS,11.121,-0.4997,99.602,1.9629
1OKE,1OKE,1OKE,A,306,PHE,12.179,-0.4067,8.190,-1.2100
1OKE,1OKE,1OKE,A,307,LYS,14.669,-0.1882,51.634,0.2979
1OKE,1OKE,1OKE,A,308,VAL,15.731,-0.0950,,
1OKE,1OKE,1OKE,A,309,VAL,15.205,-0.1412,,
1OKE,1OKE,1OKE,A,310,LYS,11.488,-0.4674,58.083,0.5217
1OKE,1OKE,1OKE,A,311,GLU,10.819,-0.5262,86.192,1.4974
1OKE,1OKE,1OKE,A,312,ILE,14.023,-0.2449,9.184,-1.1755
1OKE,1OKE,1OKE,A,313,ALA,14.440,-0.2083,,
1OKE,1OKE,1OKE,A,314,GLU,11.778,-0.4420,50.365,0.2539
1OKE,1OKE,1OKE,A,315,THR,13.494,-0.2914,,
1OKE,1OKE,1OKE,A,316,GLN,17.825,0.0889,140.639,3.3872
1OKE,1OKE,1OKE,A,317,HIS,15.163,-0.1448,132.813,3.1156
1OKE,1OKE,1OKE,A,318,GLY,14.589,-0.1952,,
1OKE,1OKE,1OKE,A,319,THR,11.128,-0.4990,,
1OKE,1OKE,1OKE,A,320,ILE,10.513,-0.5530,9.984,-1.1478
1OKE,1OKE,1OKE,A,321,VAL,14.127,-0.2358,,
1OKE,1OKE,1OKE,A,322,ILE,15.427,-0.1216,23.070,-0.6936
1OKE,1OKE,1OKE,A,323,ARG,13.198,-0.3174,38.479,-0.1587
1OKE,1OKE,1OKE,A,324,VAL,10.827,-0.5254,,
1OKE,1OKE,1OKE,A,325,GLN,12.691,-0.3618,18.417,-0.8550
1OKE,1OKE,1OKE,A,326,TYR,22.218,0.4745,7.154,-1.2460
1OKE,1OKE,1OKE,A,327,GLU,26.656,0.8641,33.432,-0.3339
1OKE,1OKE,1OKE,A,328,GLY,34.684,1.5688,,
1OKE,1OKE,1OKE,A,329,ASP,96.128,6.9625,69.284,0.9105
1OKE,1OKE,1OKE,A,330,GLY,23.232,0.5635,,
1OKE,1OKE,1OKE,A,331,SER,11.109,-0.5007,,
1OKE,1OKE,1OKE,A,332,PRO,9.182,-0.6698,,
1OKE,1OKE,1OKE,A,333,CYS,10.382,-0.5645,,
1OKE,1OKE,1OKE,A,334,LYS,8.866,-0.6976,57.892,0.5151
1OKE,1OKE,1OKE,A,335,ILE,10.802,-0.5277,7.617,-1.2299
1OKE,1OKE,1OKE,A,336,PRO,11.701,-0.4487,,
1OKE,1OKE,1OKE,A,337,PHE,9.700,-0.6244,14.279,-0.9987
1OKE,1OKE,1OKE,A,338,GLU,11.923,-0.4293,24.654,-0.6386
1OKE,1OKE,1OKE,A,339,ILE,11.192,-0.4934,8.811,-1.1885
1OKE,1OKE,1OKE,A,340,MET,12.847,-0.3481,30.294,-0.4428
1OKE,1OKE,1OKE,A,341,ASP,11.598,-0.4577,66.574,0.8165
1OKE,1OKE,1OKE,A,342,LEU,14.013,-0.2457,43.993,0.0327
1OKE,1OKE,1OKE,A,343,GLU,11.020,-0.5085,52.337,0.3223
1OKE,1OKE,1OKE,A,344,LYS,18.500,0.1481,53.020,0.3460
1OKE,1OKE,1OKE,A,345,ARG,14.665,-0.1886,46.302,0.1128
1OKE,1OKE,1OKE,A,346,HIS,16.180,-0.0555,106.777,2.2119
1OKE,1OKE,1OKE,A,347,VAL,44.815,2.4581,,
1OKE,1OKE,1OKE,A,348,LEU,41.882,2.2007,18.738,-0.8439
1OKE,1OKE,1OKE,A,349,GLY,12.910,-0.3426,,
1OKE,1OKE,1OKE,A,350,ARG,12.265,-0.3992,51.550,0.2950
1OKE,1OKE,1OKE,A,351,LEU,10.530,-0.5515,50.391,0.2547
1OKE,1OKE,1OKE,A,352,ILE,14.861,-0.1713,8.475,-1.2001
1OKE,1OKE,1OKE,A,353,THR,13.251,-0.3127,,
1OKE,1OKE,1OKE,A,354,VAL,8.649,-0.7166,,
1OKE,1OKE,1OKE,A,355,ASN,9.205,-0.6678,7.914,-1.2196
1OKE,1OKE,1OKE,A,356,PRO,10.056,-0.5931,,
1OKE,1OKE,1OKE,A,357,ILE,17.246,0.0380,10.532,-1.1287
1OKE,1OKE,1OKE,A,358,VAL,15.764,-0.0921,,
1OKE,1OKE,1OKE,A,359,THR,18.965,0.1889,,
1OKE,1OKE,1OKE,A,360,GLU,18.053,0.1089,92.017,1.6996
1OKE,1OKE,1OKE,A,361,LYS,16.460,-0.0310,76.794,1.1712
1OKE,1OKE,1OKE,A,362,ASP,21.016,0.3689,67.653,0.8539
1OKE,1OKE,1OKE,A,363,SER,10.932,-0.5162,,
1OKE,1OKE,1OKE,A,364,PRO,13.302,-0.3082,,
1OKE,1OKE,1OKE,A,365,VAL,20.714,0.3425,,
1OKE,1OKE,1OKE,A,366,ASN,18.387,0.1382,58.245,0.5274
1OKE,1OKE,1OKE,A,367,ILE,10.793,-0.5284,25.628,-0.6048
1OKE,1OKE,1OKE,A,368,GLU,9.295,-0.6600,8.252,-1.2079
1OKE,1OKE,1OKE,A,369,ALA,15.391,-0.1248,,
1OKE,1OKE,1OKE,A,370,GLU,10.736,-0.5334,25.553,-0.6074
1OKE,1OKE,1OKE,A,371,PRO,9.248,-0.6640,,
1OKE,1OKE,1OKE,A,372,PRO,10.626,-0.5431,,
1OKE,1OKE,1OKE,A,373,PHE,12.001,-0.4224,50.201,0.2482
1OKE,1OKE,1OKE,A,374,GLY,11.467,-0.4693,,
1OKE,1OKE,1OKE,A,375,ASP,11.116,-0.5000,50.166,0.2469
1OKE,1OKE,1OKE,A,376,SER,12.968,-0.3375,,
1OKE,1OKE,1OKE,A,377,TYR,12.955,-0.3386,44.421,0.0476
1OKE,1OKE,1OKE,A,378,ILE,11.837,-0.4367,11.625,-1.0908
1OKE,1OKE,1OKE,A,379,ILE,10.080,-0.5910,58.489,0.5358
1OKE,1OKE,1OKE,A,380,ILE,11.312,-0.4828,11.265,-1.1033
1OKE,1OKE,1OKE,A,381,GLY,14.284,-0.2220,,
1OKE,1OKE,1OKE,A,382,VAL,21.237,0.3884,,
1OKE,1OKE,1OKE,A,383,GLU,42.688,2.2714,57.529,0.5025
1OKE,1OKE,1OKE,A,384,PRO,57.022,3.5296,,
1OKE,1OKE,1OKE,A,385,GLY,13.834,-0.2615,,
1OKE,1OKE,1OKE,A,386,GLN,15.477,-0.1173,25.947,-0.5937
1OKE,1OKE,1OKE,A,387,LEU,16.118,-0.0610,65.136,0.7666
1OKE,1OKE,1OKE,A,388,LYS,15.943,-0.0763,54.644,0.4024
1OKE,1OKE,1OKE,A,389,LEU,16.656,-0.0138,14.077,-1.0057
1OKE,1OKE,1OKE,A,390,ASN,9.642,-0.6294,67.054,0.8331
1OKE,1OKE,1OKE,A,391,TRP,11.619,-0.4559,8.079,-1.2139
1OKE,1OKE,1OKE,A,392,PHE,16.058,-0.0662,18.881,-0.8390
1OKE,1OKE,1OKE,A,393,LYS,,,20.493,-0.7830
1OKE,1OKE,1OKE,A,394,LYS,,,91.155,1.6697
1HGG,1HGG,1HGG,A,1,GLN,75.193,4.9102,62.296,0.8488
1HGG,1HGG,1HGG,A,2,ASP,22.763,0.5241,129.779,3.1352
1HGG,1HGG,1HGG,A,3,LEU,28.479,1.0023,19.769,-0.5920
1HGG,1HGG,1HGG,A,4,PRO,92.623,6.3683,,
1HGG,1HGG,1HGG,A,5,GLY,54.751,3.2001,,
1HGG,1HGG,1HGG,A,6,ASN,59.647,3.6097,62.104,0.8423
1HGG,1HGG,1HGG,A,7,ASP,67.983,4.3070,84.410,1.5981
1HGG,1HGG,1HGG,A,8,ASN,25.963,0.7919,8.928,-0.9593
1HGG,1HGG,1HGG,A,9,SER,18.834,0.1954,,
1HGG,1HGG,1HGG,A,10,THR,14.940,-0.1303,,
1HGG,1HGG,1HGG,A,11,ALA,12.576,-0.3280,,
1HGG,1HGG,1HGG,A,12,THR,11.548,-0.4141,,
1HGG,1HGG,1HGG,A,13,LEU,10.926,-0.4661,12.027,-0.8543
1HGG,1HGG,1HGG,A,14,CYS,9.898,-0.5521,,
1HGG,1HGG,1HGG,A,15,LEU,12.113,-0.3668,13.269,-0.8123
1HGG,1HGG,1HGG,A,16,GLY,13.071,-0.2866,,
1HGG,1HGG,1HGG,A,17,HIS,10.932,-0.4656,7.208,-1.0176
1HGG,1HGG,1HGG,A,18,HIS,10.861,-0.4715,10.105,-0.9195
1HGG,1HGG,1HGG,A,19,ALA,9.516,-0.5840,,
1HGG,1HGG,1HGG,A,20,VAL,11.877,-0.3865,,
1HGG,1HGG,1HGG,A,21,PRO,57.335,3.4163,,
1HGG,1HGG,1HGG,A,22,ASN,61.286,3.7468,54.511,0.5851
1HGG,1HGG,1HGG,A,23,GLY,15.588,-0.0761,,
1HGG,1HGG,1HGG,A,24,THR,11.081,-0.4531,,
1HGG,1HGG,1HGG,A,25,LEU,9.818,-0.5588,26.206,-0.3740
1HGG,1HGG,1HGG,A,26,VAL,11.052,-0.4555,,
1HGG,1HGG,1HGG,A,27,LYS,10.905,-0.4679,55.596,0.6218
1HGG,1HGG,1HGG,A,28,THR,14.806,-0.1415,,
1HGG,1HGG,1HGG,A,29,ILE,15.039,-0.1220,26.034,-0.3798
1HGG,1HGG,1HGG,A,30,THR,20.815,0.3612,,
1HGG,1HGG,1HGG,A,31,ASP,20.969,0.3741,57.306,0.6798
1HGG,1HGG,1HGG,A,32,ASP,20.714,0.3527,129.225,3.1165
1HGG,1HGG,1HGG,A,33,GLN,17.162,0.0556,36.489,-0.0255
1HGG,1HGG,1HGG,A,34,ILE,9.860,-0.5552,79.272,1.4240
1HGG,1HGG,1HGG,A,35,GLU,9.253,-0.6060,19.319,-0.6073
1HGG,1HGG,1HGG,A,36,VAL,9.738,-0.5655,,
1HGG,1HGG,1HGG,A,37,THR,9.798,-0.5605,,
1HGG,1HGG,1HGG,A,38,ASN,11.202,-0.4430,62.941,0.8707
1HGG,1HGG,1HGG,A,39,ALA,15.305,-0.0998,,
1HGG,1HGG,1HGG,A,40,THR,12.109,-0.3672,,
1HGG,1HGG,1HGG,A,41,GLU,11.256,-0.4385,8.006,-0.9906
1HGG,1HGG,1HGG,A,42,LEU,10.481,-0.5033,10.232,-0.9151
1HGG,1HGG,1HGG,A,43,VAL,11.848,-0.3889,,
1HGG,1HGG,1HGG,A,44,GLN,19.143,0.2213,64.067,0.9088
1HGG,1HGG,1HGG,A,45,SER,20.398,0.3263,,
1HGG,1HGG,1HGG,A,46,SER,23.072,0.5500,,
1HGG,1HGG,1HGG,A,47,SER,15.074,-0.1191,,
1HGG,1HGG,1HGG,A,48,THR,15.246,-0.1047,,
1HGG,1HGG,1HGG,A,49,GLY,12.600,-0.3261,,
1HGG,1HGG,1HGG,A,50,LYS,12.040,-0.3729,63.032,0.8738
1HGG,1HGG,1HGG,A,51,ILE,10.943,-0.4647,9.296,-0.9469
1HGG,1HGG,1HGG,A,52,CYS,13.759,-0.2291,,
1HGG,1HGG,1HGG,A,53,ASN,10.279,-0.5202,27.015,-0.3465
1HGG,1HGG,1HGG,A,54,ASN,11.366,-0.4293,21.951,-0.5181
1HGG,1HGG,1HGG,A,55,PRO,12.787,-0.3104,,
1HGG,1HGG,1HGG,A,56,HIS,11.460,-0.4214,10.242,-0.9148
1HGG,1HGG,1HGG,A,57,ARG,12.103,-0.3676,17.415,-0.6718
1HGG,1HGG,1HGG,A,58,ILE,13.000,-0.2926,8.203,-0.9839
1HGG,1HGG,1HGG,A,59,LEU,12.529,-0.3320,13.456,-0.8059
1HGG,1HGG,1HGG,A,60,ASP,10.685,-0.4863,12.605,-0.8347
1HGG,1HGG,1HGG,A,61,GLY,13.859,-0.2207,,
1HGG,1HGG,1HGG,A,62,ILE,16.896,0.0333,22.768,-0.4904
1HGG,1HGG,1HGG,A,63,ASP,13.663,-0.2371,33.780,-0.1173
1HGG,1HGG,1HGG,A,64,CYS,11.188,-0.4442,,
1HGG,1HGG,1HGG,A,65,THR,9.087,-0.6199,,
1HGG,1HGG,1HGG,A,66,LEU,9.073,-0.6211,22.552,-0.4978
1HGG,1HGG,1HGG,A,67,ILE,7.770,-0.7301,8.941,-0.9589
1HGG,1HGG,1HGG,A,68,ASP,9.826,-0.5581,8.708,-0.9668
1HGG,1HGG,1HGG,A,69,ALA,10.988,-0.4609,,
1HGG,1HGG,1HGG,A,70,LEU,11.541,-0.4147,10.361,-0.9108
1HGG,1HGG,1HGG,A,71,LEU,13.212,-0.2748,8.886,-0.9608
1HGG,1HGG,1HGG,A,72,GLY,8.747,-0.6484,,
1HGG,1HGG,1HGG,A,73,ASP,11.190,-0.4440,8.679,-0.9678
1HGG,1HGG,1HGG,A,74,PRO,12.023,-0.3743,,
1HGG,1HGG,1HGG,A,75,HIS,11.967,-0.3790,7.639,-1.0030
1HGG,1HGG,1HGG,A,76,CYS,9.706,-0.5682,,
1HGG,1HGG,1HGG,A,77,ASP,11.861,-0.3879,62.715,0.8630
1HGG,1HGG,1HGG,A,78,VAL,15.071,-0.1193,,
1HGG,1HGG,1HGG,A,79,PHE,12.111,-0.3670,11.082,-0.8864
1HGG,1HGG,1HGG,A,80,GLN,10.347,-0.5146,67.361,1.0205
1HGG,1HGG,1HGG,A,81,ASN,11.542,-0.4146,8.462,-0.9751
1HGG,1HGG,1HGG,A,82,GLU,9.360,-0.5971,7.746,-0.9994
1HGG,1HGG,1HGG,A,83,THR,7.888,-0.7202,,
1HGG,1HGG,1HGG,A,84,TRP,9.058,-0.6223,5.230,-1.0846
1HGG,1HGG,1HGG,A,85,ASP,9.104,-0.6185,7.633,-1.0032
1HGG,1HGG,1HGG,A,86,LEU,9.264,-0.6051,10.699,-0.8993
1HGG,1HGG,1HGG,A,87,PHE,11.063,-0.4546,7.045,-1.0231
1HGG,1HGG,1HGG,A,88,VAL,12.914,-0.2997,,
1HGG,1HGG,1HGG,A,89,GLU,12.640,-0.3227,48.358,0.3766
1HGG,1HGG,1HGG,A,90,ARG,12.937,-0.2979,14.796,-0.7605
1HGG,1HGG,1HGG,A,91,SER,31.432,1.2494,,
1HGG,1HGG,1HGG,A,92,LYS,19.120,0.2194,77.776,1.3733
1HGG,1HGG,1HGG,A,93,ALA,13.804,-0.2253,,
1HGG,1HGG,1HGG,A,94,PHE,16.249,-0.0208,52.515,0.5174
1HGG,1HGG,1HGG,A,95,SER,20.223,0.3116,,
1HGG,1HGG,1HGG,A,96,ASN,23.721,0.6043,34.476,-0.0937
1HGG,1HGG,1HGG,A,97,CYS,14.261,-0.1871,,
1HGG,1HGG,1HGG,A,98,TYR,9.226,-0.6083,8.229,-0.9830
1HGG,1HGG,1HGG,A,99,PRO,10.002,-0.5434,,
1HGG,1HGG,1HGG,A,100,TYR,11.682,-0.4028,6.633,-1.0371
1HGG,1HGG,1HGG,A,101,ASP,15.606,-0.0746,72.778,1.2040
1HGG,1HGG,1HGG,A,102,VAL,11.315,-0.4335,,
1HGG,1HGG,1HGG,A,103,PRO,23.682,0.6010,,
1HGG,1HGG,1HGG,A,104,ASP,10.890,-0.4691,69.207,1.0830
1HGG,1HGG,1HGG,A,105,TYR,9.544,-0.5817,22.542,-0.4981
1HGG,1HGG,1HGG,A,106,ALA,10.064,-0.5382,,
1HGG,1HGG,1HGG,A,107,SER,8.872,-0.6379,,
1HGG,1HGG,1HGG,A,108,LEU,8.055,-0.7063,7.292,-1.0148
1HGG,1HGG,1HGG,A,109,ARG,9.060,-0.6222,11.942,-0.8572
1HGG,1HGG,1HGG,A,110,SER,8.734,-0.6495,,
1HGG,1HGG,1HGG,A,111,LEU,8.236,-0.6911,19.132,-0.6136
1HGG,1HGG,1HGG,A,112,VAL,8.802,-0.6438,,
1HGG,1HGG,1HGG,A,113,ALA,10.600,-0.4933,,
1HGG,1HGG,1HGG,A,114,SER,10.766,-0.4795,,
1HGG,1HGG,1HGG,A,115,SER,11.023,-0.4580,,
1HGG,1HGG,1HGG,A,116,GLY,8.116,-0.7012,,
1HGG,1HGG,1HGG,A,117,THR,9.324,-0.6001,,
1HGG,1HGG,1HGG,A,118,LEU,10.422,-0.5082,9.804,-0.9297
1HGG,1HGG,1HGG,A,119,GLU,12.110,-0.3671,30.979,-0.2122
1HGG,1HGG,1HGG,A,120,PHE,11.236,-0.4401,8.963,-0.9581
1HGG,1HGG,1HGG,A,121,ILE,13.498,-0.2509,10.032,-0.9219
1HGG,1HGG,1HGG,A,122,THR,14.920,-0.1320,,
1HGG,1HGG,1HGG,A,123,GLU,29.847,1.1167,9.357,-0.9448
1HGG,1HGG,1HGG,A,124,GLY,26.267,0.8173,,
1HGG,1HGG,1HGG,A,125,PHE,33.310,1.4064,29.818,-0.2516
1HGG,1HGG,1HGG,A,126,THR,36.722,1.6919,,
1HGG,1HGG,1HGG,A,127,TRP,21.901,0.4520,10.052,-0.9213
1HGG,1HGG,1HGG,A,128,THR,13.922,-0.2154,,
1HGG,1HGG,1HGG,A,129,GLY,14.114,-0.1994,,
1HGG,1HGG,1HGG,A,130,VAL,12.251,-0.3553,,
1HGG,1HGG,1HGG,A,131,THR,13.945,-0.2136,,
1HGG,1HGG,1HGG,A,132,GLN,10.289,-0.5194,52.414,0.5140
1HGG,1HGG,1HGG,A,133,ASN,11.779,-0.3947,38.188,0.0320
1HGG,1HGG,1HGG,A,134,GLY,17.603,0.0925,,
1HGG,1HGG,1HGG,A,135,GLY,13.333,-0.2647,,
1HGG,1HGG,1HGG,A,136,SER,11.049,-0.4558,,
1HGG,1HGG,1HGG,A,137,ASN,12.231,-0.3569,53.277,0.5433
1HGG,1HGG,1HGG,A,138,ALA,25.866,0.7837,,
1HGG,1HGG,1HGG,A,139,CYS,20.414,0.3276,,
1HGG,1HGG,1HGG,A,140,LYS,38.070,1.8046,70.874,1.1395
1HGG,1HGG,1HGG,A,141,ARG,42.561,2.1803,30.618,-0.2244
1HGG,1HGG,1HGG,A,142,GLY,47.425,2.5872,,
1HGG,1HGG,1HGG,A,143,PRO,54.718,3.1973,,
1HGG,1HGG,1HGG,A,144,GLY,23.566,0.5913,,
1HGG,1HGG,1HGG,A,145,SER,14.129,-0.1981,,
1HGG,1HGG,1HGG,A,146,GLY,8.374,-0.6795,,
1HGG,1HGG,1HGG,A,147,PHE,9.818,-0.5588,6.864,-1.0293
1HGG,1HGG,1HGG,A,148,PHE,11.317,-0.4334,9.020,-0.9562
1HGG,1HGG,1HGG,A,149,SER,11.349,-0.4307,,
1HGG,1HGG,1HGG,A,150,ARG,10.630,-0.4909,9.063,-0.9548
1HGG,1HGG,1HGG,A,151,LEU,15.058,-0.1204,8.409,-0.9769
1HGG,1HGG,1HGG,A,152,ASN,14.500,-0.1671,10.199,-0.9163
1HGG,1HGG,1HGG,A,153,TRP,11.525,-0.4160,8.727,-0.9661
1HGG,1HGG,1HGG,A,154,LEU,10.610,-0.4925,10.019,-0.9224
1HGG,1HGG,1HGG,A,155,THR,10.650,-0.4892,,
1HGG,1HGG,1HGG,A,156,LYS,49.260,2.7407,26.616,-0.3601
1HGG,1HGG,1HGG,A,157,SER,60.278,3.6625,,
1HGG,1HGG,1HGG,A,158,GLY,20.319,0.3197,,
1HGG,1HGG,1HGG,A,159,SER,11.998,-0.3764,,
1HGG,1HGG,1HGG,A,160,THR,18.264,0.1478,,
1HGG,1HGG,1HGG,A,161,TYR,11.402,-0.4262,7.417,-1.0106
1HGG,1HGG,1HGG,A,162,PRO,14.138,-0.1974,,
1HGG,1HGG,1HGG,A,163,VAL,14.375,-0.1775,,
1HGG,1HGG,1HGG,A,164,LEU,12.560,-0.3294,18.306,-0.6416
1HGG,1HGG,1HGG,A,165,ASN,11.417,-0.4250,55.623,0.6227
1HGG,1HGG,1HGG,A,166,VAL,13.906,-0.2168,,
1HGG,1HGG,1HGG,A,167,THR,12.785,-0.3106,,
1HGG,1HGG,1HGG,A,168,MET,12.935,-0.2980,59.668,0.7598
1HGG,1HGG,1HGG,A,169,PRO,17.406,0.0760,,
1HGG,1HGG,1HGG,A,170,ASN,17.888,0.1163,7.883,-0.9948
1HGG,1HGG,1HGG,A,171,ASN,14.883,-0.1351,46.641,0.3184
1HGG,1HGG,1HGG,A,172,ASP,13.881,-0.2189,9.446,-0.9418
1HGG,1HGG,1HGG,A,173,ASN,12.023,-0.3743,82.349,1.5283
1HGG,1HGG,1HGG,A,174,PHE,10.520,-0.5001,34.747,-0.0846
1HGG,1HGG,1HGG,A,175,ASP,13.006,-0.2921,40.810,0.1209
1HGG,1HGG,1HGG,A,176,LYS,12.574,-0.3282,12.653,-0.8331
1HGG,1HGG,1HGG,A,177,LEU,10.848,-0.4726,10.106,-0.9194
1HGG,1HGG,1HGG,A,178,TYR,10.361,-0.5133,8.188,-0.9844
1HGG,1HGG,1HGG,A,179,ILE,9.494,-0.5859,7.480,-1.0084
1HGG,1HGG,1HGG,A,180,TRP,12.456,-0.3381,6.345,-1.0469
1HGG,1HGG,1HGG,A,181,GLY,9.516,-0.5841,,
1HGG,1HGG,1HGG,A,182,ILE,9.124,-0.6168,9.452,-0.9416
1HGG,1HGG,1HGG,A,183,HIS,9.225,-0.6084,7.911,-0.9938
1HGG,1HGG,1HGG,A,184,HIS,10.294,-0.5189,9.102,-0.9534
1HGG,1HGG,1HGG,A,185,PRO,14.449,-0.1714,,
1HGG,1HGG,1HGG,A,186,SER,9.617,-0.5756,,
1HGG,1HGG,1HGG,A,187,THR,8.578,-0.6625,,
1HGG,1HGG,1HGG,A,188,ASN,9.823,-0.5583,61.896,0.8353
1HGG,1HGG,1HGG,A,189,GLN,8.648,-0.6567,62.043,0.8403
1HGG,1HGG,1HGG,A,190,GLU,8.149,-0.6984,11.852,-0.8603
1HGG,1HGG,1HGG,A,191,GLN,10.571,-0.4958,7.010,-1.0243
1HGG,1HGG,1HGG,A,192,THR,11.523,-0.4161,,
1HGG,1HGG,1HGG,A,193,SER,10.580,-0.4950,,
1HGG,1HGG,1HGG,A,194,LEU,8.405,-0.6770,7.450,-1.0094
1HGG,1HGG,1HGG,A,195,TYR,11.038,-0.4567,7.322,-1.0137
1HGG,1HGG,1HGG,A,196,VAL,19.742,0.2714,,
1HGG,1HGG,1HGG,A,197,GLN,12.163,-0.3626,57.013,0.6698
1HGG,1HGG,1HGG,A,198,ALA,45.705,2.4433,,
1HGG,1HGG,1HGG,A,199,SER,24.706,0.6867,,
1HGG,1HGG,1HGG,A,200,GLY,14.725,-0.1483,,
1HGG,1HGG,1HGG,A,201,ARG,8.498,-0.6692,11.756,-0.8635
1HGG,1HGG,1HGG,A,202,VAL,9.454,-0.5892,,
1HGG,1HGG,1HGG,A,203,THR,9.193,-0.6111,,
1HGG,1HGG,1HGG,A,204,VAL,10.724,-0.4830,,
1HGG,1HGG,1HGG,A,205,SER,10.490,-0.5026,,
1HGG,1HGG,1HGG,A,206,THR,17.382,0.0740,,
1HGG,1HGG,1HGG,A,207,ARG,16.432,-0.0055,30.886,-0.2154
1HGG,1HGG,1HGG,A,208,ARG,14.308,-0.1832,56.193,0.6421
1HGG,1HGG,1HGG,A,209,SER,15.220,-0.1069,,
1HGG,1HGG,1HGG,A,210,GLN,13.286,-0.2686,89.321,1.7645
1HGG,1HGG,1HGG,A,211,GLN,12.483,-0.3358,57.125,0.6736
1HGG,1HGG,1HGG,A,212,THR,9.803,-0.5600,,
1HGG,1HGG,1HGG,A,213,ILE,10.041,-0.5401,85.279,1.6275
1HGG,1HGG,1HGG,A,214,ILE,11.516,-0.4168,14.398,-0.7740
1HGG,1HGG,1HGG,A,215,PRO,17.070,0.0479,,
1HGG,1HGG,1HGG,A,216,ASN,22.490,0.5013,68.300,1.0522
1HGG,1HGG,1HGG,A,217,ILE,37.216,1.7332,10.146,-0.9181
1HGG,1HGG,1HGG,A,218,GLY,52.424,3.0054,,
1HGG,1HGG,1HGG,A,219,SER,18.872,0.1987,,
1HGG,1HGG,1HGG,A,220,ARG,10.919,-0.4667,56.662,0.6579
1HGG,1HGG,1HGG,A,221,PRO,24.554,0.6740,,
1HGG,1HGG,1HGG,A,222,TRP,24.412,0.6621,47.445,0.3457
1HGG,1HGG,1HGG,A,223,VAL,10.143,-0.5316,,
1HGG,1HGG,1HGG,A,224,ARG,13.784,-0.2270,78.727,1.4055
1HGG,1HGG,1HGG,A,225,GLY,12.213,-0.3584,,
1HGG,1HGG,1HGG,A,226,LEU,11.732,-0.3986,12.888,-0.8252
1HGG,1HGG,1HGG,A,227,SER,10.333,-0.5157,,
1HGG,1HGG,1HGG,A,228,SER,8.534,-0.6662,,
1HGG,1HGG,1HGG,A,229,ARG,10.831,-0.4741,8.002,-0.9907
1HGG,1HGG,1HGG,A,230,ILE,11.465,-0.4210,26.000,-0.3809
1HGG,1HGG,1HGG,A,231,SER,10.213,-0.5257,,
1HGG,1HGG,1HGG,A,232,ILE,9.162,-0.6137,8.673,-0.9680
1HGG,1HGG,1HGG,A,233,TYR,9.989,-0.5445,8.717,-0.9665
1HGG,1HGG,1HGG,A,234,TRP,9.676,-0.5706,8.016,-0.9902
1HGG,1HGG,1HGG,A,235,THR,12.438,-0.3396,,
1HGG,1HGG,1HGG,A,236,ILE,15.650,-0.0709,37.111,-0.0045
1HGG,1HGG,1HGG,A,237,VAL,12.185,-0.3607,,
1HGG,1HGG,1HGG,A,238,LYS,8.880,-0.6373,12.811,-0.8278
1HGG,1HGG,1HGG,A,239,PRO,11.616,-0.4083,,
1HGG,1HGG,1HGG,A,240,GLY,14.440,-0.1721,,
1HGG,1HGG,1HGG,A,241,ASP,16.332,-0.0139,24.045,-0.4471
1HGG,1HGG,1HGG,A,242,VAL,13.466,-0.2536,,
1HGG,1HGG,1HGG,A,243,LEU,11.318,-0.4333,10.936,-0.8913
1HGG,1HGG,1HGG,A,244,VAL,10.665,-0.4879,,
1HGG,1HGG,1HGG,A,245,ILE,9.869,-0.5545,8.633,-0.9693
1HGG,1HGG,1HGG,A,246,ASN,8.477,-0.6710,24.906,-0.4180
1HGG,1HGG,1HGG,A,247,SER,13.140,-0.2809,,
1HGG,1HGG,1HGG,A,248,ASN,13.431,-0.2565,24.148,-0.4437
1HGG,1HGG,1HGG,A,249,GLY,8.568,-0.6633,,
1HGG,1HGG,1HGG,A,250,ASN,8.608,-0.6600,5.875,-1.0628
1HGG,1HGG,1HGG,A,251,LEU,11.501,-0.4180,7.342,-1.0131
1HGG,1HGG,1HGG,A,252,ILE,13.237,-0.2728,8.826,-0.9628
1HGG,1HGG,1HGG,A,253,ALA,10.026,-0.5414,,
1HGG,1HGG,1HGG,A,254,PRO,12.288,-0.3521,,
1HGG,1HGG,1HGG,A,255,ARG,13.100,-0.2842,21.647,-0.5284
1HGG,1HGG,1HGG,A,256,GLY,10.848,-0.4726,,
1HGG,1HGG,1HGG,A,257,TYR,10.378,-0.5119,9.741,-0.9318
1HGG,1HGG,1HGG,A,258,PHE,17.471,0.0815,9.786,-0.9303
1HGG,1HGG,1HGG,A,259,LYS,17.168,0.0561,39.407,0.0733
1HGG,1HGG,1HGG,A,260,MET,22.406,0.4943,72.742,1.2028
1HGG,1HGG,1HGG,A,261,ARG,50.740,2.8646,19.246,-0.6097
1HGG,1HGG,1HGG,A,262,THR,79.058,5.2335,,
1HGG,1HGG,1HGG,A,263,GLY,20.825,0.3620,,
1HGG,1HGG,1HGG,A,264,LYS,13.977,-0.2109,86.559,1.6709
1HGG,1HGG,1HGG,A,265,SER,8.333,-0.6830,,
1HGG,1HGG,1HGG,A,266,SER,9.423,-0.5919,,
1HGG,1HGG,1HGG,A,267,ILE,11.458,-0.4216,6.607,-1.0380
1HGG,1HGG,1HGG,A,268,MET,12.329,-0.3487,74.384,1.2584
1HGG,1HGG,1HGG,A,269,ARG,8.882,-0.6371,53.225,0.5415
1HGG,1HGG,1HGG,A,270,SER,11.388,-0.4274,,
1HGG,1HGG,1HGG,A,271,ASP,11.271,-0.4372,39.852,0.0884
1HGG,1HGG,1HGG,A,272,ALA,9.630,-0.5745,,
1HGG,1HGG,1HGG,A,273,PRO,11.580,-0.4114,,
1HGG,1HGG,1HGG,A,274,ILE,10.008,-0.5429,14.696,-0.7639
1HGG,1HGG,1HGG,A,275,ASP,14.319,-0.1823,8.588,-0.9709
1HGG,1HGG,1HGG,A,276,THR,13.893,-0.2178,,
1HGG,1HGG,1HGG,A,277,CYS,10.345,-0.5147,,
1HGG,1HGG,1HGG,A,278,ILE,9.372,-0.5961,56.676,0.6584
1HGG,1HGG,1HGG,A,279,SER,12.308,-0.3505,,
1HGG,1HGG,1HGG,A,280,GLU,12.230,-0.3570,54.208,0.5748
1HGG,1HGG,1HGG,A,281,CYS,9.231,-0.6079,,
1HGG,1HGG,1HGG,A,282,ILE,8.418,-0.6759,10.607,-0.9024
1HGG,1HGG,1HGG,A,283,THR,9.305,-0.6017,,
1HGG,1HGG,1HGG,A,284,PRO,17.525,0.0860,,
1HGG,1HGG,1HGG,A,285,ASN,19.133,0.2204,8.472,-0.9748
1HGG,1HGG,1HGG,A,286,GLY,12.025,-0.3742,,
1HGG,1HGG,1HGG,A,287,SER,12.912,-0.3000,,
1HGG,1HGG,1HGG,A,288,ILE,11.533,-0.4153,44.024,0.2298
1HGG,1HGG,1HGG,A,289,PRO,22.599,0.5105,,
1HGG,1HGG,1HGG,A,290,ASN,21.216,0.3947,61.017,0.8055
1HGG,1HGG,1HGG,A,291,ASP,18.090,0.1332,58.882,0.7332
1HGG,1HGG,1HGG,A,292,LYS,10.518,-0.5003,12.412,-0.8413
1HGG,1HGG,1HGG,A,293,PRO,8.301,-0.6857,,
1HGG,1HGG,1HGG,A,294,PHE,7.991,-0.7116,11.545,-0.8707
1HGG,1HGG,1HGG,A,295,GLN,14.293,-0.1845,6.424,-1.0442
1HGG,1HGG,1HGG,A,296,ASN,13.471,-0.2532,7.021,-1.0240
1HGG,1HGG,1HGG,A,297,VAL,8.129,-0.7001,,
1HGG,1HGG,1HGG,A,298,ASN,10.815,-0.4754,7.491,-1.0080
1HGG,1HGG,1HGG,A,299,LYS,11.488,-0.4190,99.990,2.1260
1HGG,1HGG,1HGG,A,300,ILE,9.604,-0.5767,8.484,-0.9744
1HGG,1HGG,1HGG,A,301,THR,9.325,-0.6001,,
1HGG,1HGG,1HGG,A,302,TYR,12.725,-0.3156,7.083,-1.0218
1HGG,1HGG,1HGG,A,303,GLY,21.900,0.4520,,
1HGG,1HGG,1HGG,A,304,ALA,16.036,-0.0386,,
1HGG,1HGG,1HGG,A,305,CYS,10.741,-0.4816,,
1HGG,1HGG,1HGG,A,306,PRO,11.120,-0.4498,,
1HGG,1HGG,1HGG,A,307,LYS,9.127,-0.6166,76.197,1.3198
1HGG,1HGG,1HGG,A,308,TYR,9.436,-0.5908,7.634,-1.0032
1HGG,1HGG,1HGG,A,309,VAL,22.457,0.4985,,
1HGG,1HGG,1HGG,A,310,LYS,21.216,0.3947,37.054,-0.0064
1HGG,1HGG,1HGG,A,311,GLN,11.069,-0.4541,40.277,0.1028
1HGG,1HGG,1HGG,A,312,ASN,9.580,-0.5787,26.859,-0.3518
1HGG,1HGG,1HGG,A,313,THR,17.615,0.0935,,
1HGG,1HGG,1HGG,A,314,LEU,16.502,0.0004,40.325,0.1044
1HGG,1HGG,1HGG,A,315,LYS,12.255,-0.3549,20.081,-0.5815
1HGG,1HGG,1HGG,A,316,LEU,13.406,-0.2586,18.488,-0.6354
1HGG,1HGG,1HGG,A,317,ALA,16.094,-0.0337,,
1HGG,1HGG,1HGG,A,318,THR,18.985,0.2081,,
1HGG,1HGG,1HGG,A,319,GLY,15.760,-0.0617,,
1HGG,1HGG,1HGG,A,320,MET,8.901,-0.6355,61.797,0.8319
1HGG,1HGG,1HGG,A,321,ARG,10.381,-0.5116,39.026,0.0604
1HGG,1HGG,1HGG,A,322,ASN,11.414,-0.4252,7.171,-1.0189
1HGG,1HGG,1HGG,A,323,VAL,10.385,-0.5113,,
1HGG,1HGG,1HGG,A,324,PRO,13.395,-0.2595,,
1HGG,1HGG,1HGG,A,325,GLU,11.171,-0.4456,47.042,0.3320
1HGG,1HGG,1HGG,A,326,LYS,13.852,-0.2213,57.160,0.6748
1HGG,1HGG,1HGG,A,327,GLN,16.660,0.0136,78.357,1.3930
1HGG,1HGG,1HGG,A,328,THR,30.420,1.1647,,
1HGG,1HGG,1HGG,A,329,GLY,22.242,0.4805,,
1HGG,1HGG,1HGG,A,330,LEU,13.440,-0.2558,44.609,0.2496
1HGG,1HGG,1HGG,A,331,PHE,13.721,-0.2323,10.219,-0.9156
1HGG,1HGG,1HGG,A,332,GLY,16.361,-0.0114,,
1HGG,1HGG,1HGG,A,333,ALA,14.771,-0.1444,,
1HGG,1HGG,1HGG,A,334,ILE,15.852,-0.0540,10.895,-0.8927
1HGG,1HGG,1HGG,A,335,ALA,21.472,0.4161,,
1HGG,1HGG,1HGG,A,336,GLY,12.509,-0.3336,,
1HGG,1HGG,1HGG,A,337,PHE,12.609,-0.3253,9.780,-0.9305
1HGG,1HGG,1HGG,A,338,ILE,12.594,-0.3265,8.456,-0.9753
1HGG,1HGG,1HGG,A,339,GLU,9.726,-0.5665,64.347,0.9183
1HGG,1HGG,1HGG,A,340,ASN,10.621,-0.4916,8.481,-0.9745
1HGG,1HGG,1HGG,A,341,GLY,11.352,-0.4305,,
1HGG,1HGG,1HGG,A,342,TRP,45.467,2.4234,8.659,-0.9685
1HGG,1HGG,1HGG,A,343,GLU,46.233,2.4875,10.120,-0.9190
1HGG,1HGG,1HGG,A,344,GLY,25.328,0.7387,,
1HGG,1HGG,1HGG,A,345,MET,20.947,0.3722,60.283,0.7806
1HGG,1HGG,1HGG,A,346,ILE,30.159,1.1429,109.742,2.4564
1HGG,1HGG,1HGG,A,347,ASP,32.752,1.3597,79.306,1.4252
1HGG,1HGG,1HGG,A,348,GLY,11.599,-0.4098,,
1HGG,1HGG,1HGG,A,349,TRP,10.165,-0.5297,7.794,-0.9977
1HGG,1HGG,1HGG,A,350,TYR,13.169,-0.2785,8.499,-0.9739
1HGG,1HGG,1HGG,A,351,GLY,10.048,-0.5396,,
1HGG,1HGG,1HGG,A,352,PHE,10.926,-0.4661,10.204,-0.9161
1HGG,1HGG,1HGG,A,353,ARG,10.644,-0.4897,34.929,-0.0784
1HGG,1HGG,1HGG,A,354,HIS,10.572,-0.4957,36.211,-0.0349
1HGG,1HGG,1HGG,A,355,GLN,11.509,-0.4173,45.464,0.2785
1HGG,1HGG,1HGG,A,356,ASN,12.113,-0.3668,28.412,-0.2992
1HGG,1HGG,1HGG,A,357,SER,20.216,0.3111,,
1HGG,1HGG,1HGG,A,358,GLU,24.996,0.7110,51.947,0.4982
1HGG,1HGG,1HGG,A,359,GLY,16.770,0.0228,,
1HGG,1HGG,1HGG,A,360,THR,13.870,-0.2198,,
1HGG,1HGG,1HGG,A,361,GLY,11.360,-0.4298,,
1HGG,1HGG,1HGG,A,362,GLN,12.407,-0.3422,64.721,0.9310
1HGG,1HGG,1HGG,A,363,ALA,15.564,-0.0781,,
1HGG,1HGG,1HGG,A,364,ALA,13.963,-0.2120,,
1HGG,1HGG,1HGG,A,365,ASP,12.812,-0.3084,6.728,-1.0339
1HGG,1HGG,1HGG,A,366,LEU,10.510,-0.5009,56.887,0.6656
1HGG,1HGG,1HGG,A,367,LYS,9.381,-0.5954,52.668,0.5226
1HGG,1HGG,1HGG,A,368,SER,8.234,-0.6913,,
1HGG,1HGG,1HGG,A,369,THR,9.422,-0.5919,,
1HGG,1HGG,1HGG,A,370,GLN,9.914,-0.5508,47.482,0.3469
1HGG,1HGG,1HGG,A,371,ALA,9.865,-0.5548,,
1HGG,1HGG,1HGG,A,372,ALA,8.980,-0.6289,,
1HGG,1HGG,1HGG,A,373,ILE,10.590,-0.4942,11.349,-0.8773
1HGG,1HGG,1HGG,A,374,ASP,14.595,-0.1591,17.638,-0.6642
1HGG,1HGG,1HGG,A,375,GLN,17.742,0.1041,45.845,0.2915
1HGG,1HGG,1HGG,A,376,ILE,72.772,4.7076,55.729,0.6263
1HGG,1HGG,1HGG,A,377,ASN,53.836,3.1235,53.985,0.5672
1HGG,1HGG,1HGG,A,378,GLY,11.029,-0.4574,,
1HGG,1HGG,1HGG,A,379,LYS,11.519,-0.4165,47.011,0.3310
1HGG,1HGG,1HGG,A,380,LEU,15.633,-0.0723,50.217,0.4396
1HGG,1HGG,1HGG,A,381,ASN,18.518,0.1690,54.123,0.5719
1HGG,1HGG,1HGG,A,382,ARG,20.711,0.3525,105.784,2.3223
1HGG,1HGG,1HGG,A,383,VAL,18.066,0.1312,,
1HGG,1HGG,1HGG,A,384,ILE,24.229,0.6468,57.605,0.6899
1HGG,1HGG,1HGG,A,385,GLU,18.128,0.1364,112.805,2.5601
1HGG,1HGG,1HGG,A,386,LYS,14.157,-0.1958,112.138,2.5376
1HGG,1HGG,1HGG,A,387,THR,22.068,0.4660,,
1HGG,1HGG,1HGG,A,388,ASN,18.310,0.1516,66.161,0.9798
1HGG,1HGG,1HGG,A,389,GLU,19.793,0.2757,67.909,1.0390
1HGG,1HGG,1HGG,A,390,LYS,14.655,-0.1541,21.504,-0.5332
1HGG,1HGG,1HGG,A,391,PHE,23.654,0.5987,56.117,0.6395
1HGG,1HGG,1HGG,A,392,HIS,23.969,0.6251,53.780,0.5603
1HGG,1HGG,1HGG,A,393,GLN,18.218,0.1440,66.299,0.9845
1HGG,1HGG,1HGG,A,394,ILE,15.020,-0.1236,35.520,-0.0584
1HGG,1HGG,1HGG,A,395,GLU,34.184,1.4796,47.364,0.3429
1HGG,1HGG,1HGG,A,396,LYS,30.355,1.1593,87.774,1.7121
1HGG,1HGG,1HGG,A,397,GLU,20.371,0.3240,67.067,1.0105
1HGG,1HGG,1HGG,A,398,PHE,29.177,1.0607,52.910,0.5308
1HGG,1HGG,1HGG,A,399,SER,42.964,2.2141,,
1HGG,1HGG,1HGG,A,400,GLU,61.406,3.7568,83.392,1.5636
1HGG,1HGG,1HGG,A,401,VAL,51.669,2.9423,,
1HGG,1HGG,1HGG,A,402,GLU,62.743,3.8687,69.421,1.0902
1HGG,1HGG,1HGG,A,403,GLY,40.205,1.9832,,
1HGG,1HGG,1HGG,A,404,ARG,19.241,0.2295,48.640,0.3862
1HGG,1HGG,1HGG,A,405,ILE,24.298,0.6526,71.875,1.1734
1HGG,1HGG,1HGG,A,406,GLN,27.980,0.9606,57.096,0.6727
1HGG,1HGG,1HGG,A,407,ASP,16.817,0.0267,57.271,0.6786
1HGG,1HGG,1HGG,A,408,LEU,19.952,0.2890,56.344,0.6472
1HGG,1HGG,1HGG,A,409,GLU,23.514,0.5870,145.471,3.6669
1HGG,1HGG,1HGG,A,410,LYS,77.808,5.1289,66.224,0.9819
1HGG,1HGG,1HGG,A,411,TYR,27.300,0.9037,72.840,1.2061
1HGG,1HGG,1HGG,A,412,VAL,29.287,1.0699,,
1HGG,1HGG,1HGG,A,413,GLU,19.243,0.2297,73.912,1.2424
1HGG,1HGG,1HGG,A,414,ASP,23.586,0.5930,76.586,1.3330
1HGG,1HGG,1HGG,A,415,THR,14.601,-0.1587,,
1HGG,1HGG,1HGG,A,416,LYS,9.259,-0.6056,100.664,2.1488
1HGG,1HGG,1HGG,A,417,ILE,9.076,-0.6209,13.024,-0.8206
1HGG,1HGG,1HGG,A,418,ASP,9.220,-0.6088,44.916,0.2600
1HGG,1HGG,1HGG,A,419,LEU,9.501,-0.5853,57.990,0.7029
1HGG,1HGG,1HGG,A,420,TRP,9.867,-0.5547,43.341,0.2066
1HGG,1HGG,1HGG,A,421,SER,9.375,-0.5958,,
1HGG,1HGG,1HGG,A,422,TYR,9.698,-0.5688,12.363,-0.8429
1HGG,1HGG,1HGG,A,423,ASN,9.911,-0.5510,56.798,0.6625
1HGG,1HGG,1HGG,A,424,ALA,10.221,-0.5251,,
1HGG,1HGG,1HGG,A,425,GLU,10.377,-0.5120,36.495,-0.0253
1HGG,1HGG,1HGG,A,426,LEU,11.011,-0.4590,48.347,0.3762
1HGG,1HGG,1HGG,A,427,LEU,10.218,-0.5253,43.998,0.2289
1HGG,1HGG,1HGG,A,428,VAL,8.179,-0.6959,,
1HGG,1HGG,1HGG,A,429,ALA,9.247,-0.6066,,
1HGG,1HGG,1HGG,A,430,LEU,8.805,-0.6435,52.688,0.5233
1HGG,1HGG,1HGG,A,431,GLU,8.188,-0.6952,40.733,0.1183
1HGG,1HGG,1HGG,A,432,ASN,8.062,-0.7057,6.648,-1.0366
1HGG,1HGG,1HGG,A,433,GLN,10.619,-0.4918,8.815,-0.9632
1HGG,1HGG,1HGG,A,434,HIS,9.930,-0.5494,12.227,-0.8476
1HGG,1HGG,1HGG,A,435,THR,11.659,-0.4048,,
1HGG,1HGG,1HGG,A,436,ILE,11.907,-0.3840,12.126,-0.8510
1HGG,1HGG,1HGG,A,437,ASP,12.392,-0.3434,8.666,-0.9682
1HGG,1HGG,1HGG,A,438,LEU,9.879,-0.5537,81.992,1.5162
1HGG,1HGG,1HGG,A,439,THR,8.737,-0.6492,,
1HGG,1HGG,1HGG,A,440,ASP,8.923,-0.6336,10.764,-0.8971
1HGG,1HGG,1HGG,A,441,SER,8.408,-0.6767,,
1HGG,1HGG,1HGG,A,442,GLU,8.298,-0.6860,47.646,0.3525
1HGG,1HGG,1HGG,A,443,MET,8.164,-0.6971,8.142,-0.9860
1HGG,1HGG,1HGG,A,444,ASN,8.462,-0.6722,9.372,-0.9443
1HGG,1HGG,1HGG,A,445,LYS,7.988,-0.7119,51.646,0.4880
1HGG,1HGG,1HGG,A,446,LEU,8.022,-0.7090,19.919,-0.5870
1HGG,1HGG,1HGG,A,447,PHE,8.101,-0.7024,11.620,-0.8681
1HGG,1HGG,1HGG,A,448,GLU,9.148,-0.6148,47.254,0.3392
1HGG,1HGG,1HGG,A,449,LYS,9.403,-0.5935,49.695,0.4219
1HGG,1HGG,1HGG,A,450,THR,8.167,-0.6969,,
1HGG,1HGG,1HGG,A,451,ARG,11.134,-0.4487,35.065,-0.0738
1HGG,1HGG,1HGG,A,452,ARG,13.333,-0.2647,96.368,2.0033
1HGG,1HGG,1HGG,A,453,GLN,13.573,-0.2447,17.788,-0.6591
1HGG,1HGG,1HGG,A,454,LEU,12.887,-0.3020,11.139,-0.8844
1HGG,1HGG,1HGG,A,455,ARG,17.281,0.0655,66.106,0.9779
1HGG,1HGG,1HGG,A,456,GLU,16.976,0.0401,57.506,0.6865
1HGG,1HGG,1HGG,A,457,ASN,10.652,-0.4890,45.026,0.2637
1HGG,1HGG,1HGG,A,458,ALA,16.398,-0.0084,,
1HGG,1HGG,1HGG,A,459,GLU,13.789,-0.2266,85.882,1.6480
1HGG,1HGG,1HGG,A,460,GLU,13.758,-0.2291,49.588,0.4183
1HGG,1HGG,1HGG,A,461,MET,16.262,-0.0197,12.584,-0.8355
1HGG,1HGG,1HGG,A,462,GLY,18.093,0.1335,,
1HGG,1HGG,1HGG,A,463,ASN,15.067,-0.1197,30.559,-0.2264
1HGG,1HGG,1HGG,A,464,GLY,11.647,-0.4058,,
1HGG,1HGG,1HGG,A,465,CYS,12.011,-0.3754,,
1HGG,1HGG,1HGG,A,466,PHE,12.686,-0.3188,8.991,-0.9572
1HGG,1HGG,1HGG,A,467,LYS,12.354,-0.3466,34.803,-0.0827
1HGG,1HGG,1HGG,A,468,ILE,12.336,-0.3481,10.644,-0.9012
1HGG,1HGG,1HGG,A,469,TYR,10.894,-0.4688,17.250,-0.6774
1HGG,1HGG,1HGG,A,470,HIS,28.324,0.9894,13.746,-0.7961
1HGG,1HGG,1HGG,A,471,LYS,36.441,1.6684,24.382,-0.4357
1HGG,1HGG,1HGG,A,472,CYS,18.271,0.1483,,
1HGG,1HGG,1HGG,A,473,ASP,27.841,0.9489,12.277,-0.8459
1HGG,1HGG,1HGG,A,474,ASN,15.790,-0.0592,61.934,0.8366
1HGG,1HGG,1HGG,A,475,ALA,9.827,-0.5581,,
1HGG,1HGG,1HGG,A,476,CYS,8.336,-0.6828,,
1HGG,1HGG,1HGG,A,477,ILE,8.549,-0.6650,15.114,-0.7498
1HGG,1HGG,1HGG,A,478,GLU,8.902,-0.6354,24.646,-0.4268
1HGG,1HGG,1HGG,A,479,SER,8.260,-0.6891,,
1HGG,1HGG,1HGG,A,480,ILE,10.450,-0.5059,10.179,-0.9169
1HGG,1HGG,1HGG,A,481,ARG,15.292,-0.1008,46.120,0.3008
1HGG,1HGG,1HGG,A,482,ASN,13.369,-0.2617,46.280,0.3062
1HGG,1HGG,1HGG,A,483,GLY,16.080,-0.0349,,
1HGG,1HGG,1HGG,A,484,THR,14.480,-0.1688,,
1HGG,1HGG,1HGG,A,485,TYR,28.490,1.0032,8.785,-0.9642
1HGG,1HGG,1HGG,A,486,ASP,26.423,0.8303,102.884,2.2240
1HGG,1HGG,1HGG,A,487,HIS,12.426,-0.3406,58.234,0.7112
1HGG,1HGG,1HGG,A,488,ASP,15.169,-0.1111,108.349,2.4092
1HGG,1HGG,1HGG,A,489,VAL,13.478,-0.2526,,
1HGG,1HGG,1HGG,A,490,TYR,13.033,-0.2898,11.046,-0.8876
1HGG,1HGG,1HGG,A,491,ARG,14.103,-0.2003,82.298,1.5265
1HGG,1HGG,1HGG,A,492,ASP,12.964,-0.2956,44.210,0.2361
1HGG,1HGG,1HGG,A,493,GLU,14.713,-0.1493,68.375,1.0548
1HGG,1HGG,1HGG,A,494,ALA,18.295,0.1504,,
1HGG,1HGG,1HGG,A,495,LEU,22.122,0.4705,58.880,0.7331
1HGG,1HGG,1HGG,A,496,ASN,24.179,0.6426,58.162,0.7088
1HGG,1HGG,1HGG,A,497,ASN,20.397,0.3262,39.792,0.0864
1HGG,1HGG,1HGG,A,498,ARG,49.657,2.7739,92.159,1.8606
1HGG,1HGG,1HGG,A,499,PHE,23.877,0.6173,104.234,2.2697
1HGG,1HGG,1HGG,A,500,GLN,66.044,4.1448,44.504,0.2460
1HGG,1HGG,1HGG,A,501,ILE,53.213,3.0714,113.298,2.5769
1HGG,1HGG,1HGG,A,502,LYS,,,97.684,2.0478
1HGG,1HGG,1HGG,A,503,GLY,,,,
