antigen,key,pdb,chain,resid,resname,relsasa_md_z,sasa_sd_z,mode1_z,modes15_z
Tissue factor,1ahw,1AHW,A,1,UNK,nan,nan,1.2515,3.1416
Tissue factor,1ahw,1AHW,A,2,UNK,nan,nan,-0.3609,0.7171
Tissue factor,1ahw,1AHW,A,3,UNK,nan,nan,-0.4857,-0.0038
Tissue factor,1ahw,1AHW,A,4,T,1.6809,4.4928,-0.392,-0.1508
Tissue factor,1ahw,1AHW,A,5,N,1.0904,2.4738,-0.3275,-0.2401
Tissue factor,1ahw,1AHW,A,6,T,-0.7928,-0.0132,-0.3137,-0.3227
Tissue factor,1ahw,1AHW,A,7,V,0.6551,0.3345,-0.1128,-0.1901
Tissue factor,1ahw,1AHW,A,8,A,-0.0714,-0.5881,-0.0652,-0.1586
Tissue factor,1ahw,1AHW,A,9,A,-1.1901,-1.2834,-0.1796,-0.3679
Tissue factor,1ahw,1AHW,A,10,Y,0.6223,0.3478,-0.1505,-0.3004
Tissue factor,1ahw,1AHW,A,11,N,0.875,-0.1736,-0.2169,-0.3981
Tissue factor,1ahw,1AHW,A,12,L,-1.0201,-0.9358,-0.1365,-0.2674
Tissue factor,1ahw,1AHW,A,13,T,0.2107,-0.1201,-0.0529,-0.1768
Tissue factor,1ahw,1AHW,A,14,W,-0.8411,-0.7085,-0.227,-0.2467
Tissue factor,1ahw,1AHW,A,15,K,0.6161,0.7757,-0.3273,-0.3073
Tissue factor,1ahw,1AHW,A,16,S,-1.0604,-0.8689,-0.3006,-0.3036
Tissue factor,1ahw,1AHW,A,17,T,0.3171,-0.3742,-0.3246,-0.3018
Tissue factor,1ahw,1AHW,A,18,N,-0.6884,0.4013,-0.2867,-0.3494
Tissue factor,1ahw,1AHW,A,19,F,-1.2591,-1.4572,-0.3337,-0.4241
Tissue factor,1ahw,1AHW,A,20,K,1.0408,0.6821,-0.3521,-0.5209
Tissue factor,1ahw,1AHW,A,21,T,-1.2595,-1.484,-0.3035,-0.3831
Tissue factor,1ahw,1AHW,A,22,I,-0.3058,0.1606,-0.2698,-0.341
Tissue factor,1ahw,1AHW,A,23,L,-1.2643,-1.5776,-0.2149,-0.1883
Tissue factor,1ahw,1AHW,A,24,E,-0.1882,-0.2672,-0.2427,-0.1185
Tissue factor,1ahw,1AHW,A,25,W,-1.1884,-1.0829,-0.2813,-0.1239
Tissue factor,1ahw,1AHW,A,26,E,0.1699,-0.2271,-0.4395,-0.1056
Tissue factor,1ahw,1AHW,A,27,P,-0.3383,-0.0934,-0.4002,-0.0176
Tissue factor,1ahw,1AHW,A,28,K,1.8568,1.1902,-0.4469,-0.0513
Tissue factor,1ahw,1AHW,A,29,P,-0.6234,-0.2806,-0.5458,-0.248
Tissue factor,1ahw,1AHW,A,30,V,1.5706,0.4414,-0.5934,-0.4206
Tissue factor,1ahw,1AHW,A,31,N,0.5934,1.364,-0.6059,-0.5548
Tissue factor,1ahw,1AHW,A,32,Q,-1.1257,-0.8957,-0.5699,-0.5552
Tissue factor,1ahw,1AHW,A,33,V,-0.8651,-0.548,-0.5314,-0.6525
Tissue factor,1ahw,1AHW,A,34,Y,-1.2596,-1.4439,-0.3988,-0.5344
Tissue factor,1ahw,1AHW,A,35,T,-1.1023,-0.9224,-0.3337,-0.5096
Tissue factor,1ahw,1AHW,A,36,V,-1.2643,-1.5642,-0.1949,-0.3658
Tissue factor,1ahw,1AHW,A,37,Q,-0.5027,-0.4945,-0.0494,-0.2557
Tissue factor,1ahw,1AHW,A,38,I,-1.2136,-1.2032,0.051,-0.2094
Tissue factor,1ahw,1AHW,A,39,S,-1.1275,-1.1497,0.1119,-0.0778
Tissue factor,1ahw,1AHW,A,40,T,-0.2511,-0.3073,0.0417,-0.0694
Tissue factor,1ahw,1AHW,A,41,K,0.8294,0.4414,-0.042,-0.0484
Tissue factor,1ahw,1AHW,A,42,S,2.3045,-0.2137,-0.1577,-0.2041
Tissue factor,1ahw,1AHW,A,43,G,0.1874,-0.4277,-0.3032,-0.2923
Tissue factor,1ahw,1AHW,A,44,D,1.423,0.3478,-0.4435,-0.401
Tissue factor,1ahw,1AHW,A,45,W,-0.0983,0.1205,-0.5205,-0.4836
Tissue factor,1ahw,1AHW,A,46,K,0.7342,0.8693,-0.6075,-0.5048
Tissue factor,1ahw,1AHW,A,47,S,0.0747,0.2944,-0.5623,-0.3811
Tissue factor,1ahw,1AHW,A,48,K,-0.2827,0.2676,-0.5571,-0.3644
Tissue factor,1ahw,1AHW,A,49,C,-0.2307,-0.7352,-0.5728,-0.4163
Tissue factor,1ahw,1AHW,A,50,F,1.1376,0.7222,-0.4718,-0.3322
Tissue factor,1ahw,1AHW,A,51,Y,0.7473,2.5407,-0.4404,-0.2913
Tissue factor,1ahw,1AHW,A,52,T,-0.6332,-0.6951,-0.4089,-0.3801
Tissue factor,1ahw,1AHW,A,53,T,0.97,0.1473,-0.4194,-0.4256
Tissue factor,1ahw,1AHW,A,54,D,0.589,0.0804,-0.5291,-0.5416
Tissue factor,1ahw,1AHW,A,55,T,-0.742,0.0403,-0.5264,-0.4882
Tissue factor,1ahw,1AHW,A,56,E,0.3341,0.1339,-0.5246,-0.5981
Tissue factor,1ahw,1AHW,A,57,C,-1.1722,-1.2567,-0.4882,-0.4407
Tissue factor,1ahw,1AHW,A,58,D,0.3218,0.2409,-0.569,-0.4077
Tissue factor,1ahw,1AHW,A,59,L,-1.2602,-1.4706,-0.3936,-0.4878
Tissue factor,1ahw,1AHW,A,60,T,-1.0539,-0.8422,-0.3496,-0.4726
Tissue factor,1ahw,1AHW,A,61,D,0.5286,0.3612,-0.3937,-0.3352
Tissue factor,1ahw,1AHW,A,62,E,-0.8782,-0.2672,-0.3176,-0.2725
Tissue factor,1ahw,1AHW,A,63,I,-1.2643,-1.5508,-0.2628,-0.2679
Tissue factor,1ahw,1AHW,A,64,V,-0.9273,-0.1335,-0.2822,-0.372
Tissue factor,1ahw,1AHW,A,65,K,1.3722,1.2972,-0.1096,-0.3148
Tissue factor,1ahw,1AHW,A,66,D,0.1257,-0.0533,-0.0206,-0.3036
Tissue factor,1ahw,1AHW,A,67,V,-0.9846,-0.7753,0.0057,-0.3643
Tissue factor,1ahw,1AHW,A,68,K,1.3739,0.3746,-0.1226,-0.4631
Tissue factor,1ahw,1AHW,A,69,Q,0.1942,-0.0399,-0.1699,-0.4822
Tissue factor,1ahw,1AHW,A,70,T,-0.5074,-0.5614,-0.2684,-0.5576
Tissue factor,1ahw,1AHW,A,71,Y,-1.1615,-1.016,-0.286,-0.4871
Tissue factor,1ahw,1AHW,A,72,L,-0.5339,-0.3475,-0.4271,-0.5505
Tissue factor,1ahw,1AHW,A,73,A,-1.2643,-1.5375,-0.4828,-0.467
Tissue factor,1ahw,1AHW,A,74,R,-0.3323,-0.0533,-0.5603,-0.4326
Tissue factor,1ahw,1AHW,A,75,V,-1.2643,-1.5642,-0.5956,-0.3411
Tissue factor,1ahw,1AHW,A,76,F,-0.7392,-0.2539,-0.6502,-0.2805
Tissue factor,1ahw,1AHW,A,77,S,-1.2428,-1.3369,-0.5592,-0.0421
Tissue factor,1ahw,1AHW,A,78,Y,-0.3281,0.896,1.0258,1.7272
Tissue factor,1ahw,1AHW,A,79,P,-0.5528,0.4949,3.4899,3.4348
Tissue factor,1ahw,1AHW,A,80,A,-0.339,0.2409,4.4918,3.3432
Tissue factor,1ahw,1AHW,A,81,G,1.1832,0.3478,3.9567,3.5069
Tissue factor,1ahw,1AHW,A,82,N,1.4253,1.832,4.2969,4.4278
Tissue factor,1ahw,1AHW,A,83,V,-0.5042,0.9094,6.0242,5.6805
Tissue factor,1ahw,1AHW,A,84,E,0.9085,1.6047,6.5059,5.9487
Tissue factor,1ahw,1AHW,A,85,S,1.4834,1.1635,4.8515,4.9084
Tissue factor,1ahw,1AHW,A,86,T,1.1296,2.6476,2.5223,3.2687
Tissue factor,1ahw,1AHW,A,87,G,0.4633,1.0966,0.6696,1.8569
Tissue factor,1ahw,1AHW,A,88,S,1.1373,3.1557,0.1894,0.7618
Tissue factor,1ahw,1AHW,A,89,A,1.4633,2.9552,-0.056,-0.2036
Tissue factor,1ahw,1AHW,A,90,G,1.1992,0.8292,-0.4495,-0.3854
Tissue factor,1ahw,1AHW,A,91,E,1.6769,1.0164,-0.3162,-0.3293
Tissue factor,1ahw,1AHW,A,92,P,0.1849,1.2303,-0.1758,-0.3032
Tissue factor,1ahw,1AHW,A,93,L,0.2317,0.535,-0.086,-0.3102
Tissue factor,1ahw,1AHW,A,94,Y,0.4563,0.749,-0.1057,-0.3831
Tissue factor,1ahw,1AHW,A,95,E,0.0431,-0.5079,0.0082,-0.2822
Tissue factor,1ahw,1AHW,A,96,N,0.0496,0.0403,-0.0064,-0.4093
Tissue factor,1ahw,1AHW,A,97,S,-0.9906,-1.0026,-0.078,-0.4488
Tissue factor,1ahw,1AHW,A,98,P,0.9225,-0.2806,-0.0573,-0.411
Tissue factor,1ahw,1AHW,A,99,E,0.418,-0.0399,-0.2041,-0.4265
Tissue factor,1ahw,1AHW,A,100,F,-1.1326,-0.9358,-0.1637,-0.3669
Tissue factor,1ahw,1AHW,A,101,T,-0.742,-0.5748,-0.0271,-0.2712
Tissue factor,1ahw,1AHW,A,102,P,-1.2643,-1.5642,-0.0808,-0.2872
Tissue factor,1ahw,1AHW,A,103,Y,-0.5369,0.5217,-0.1756,-0.28
Tissue factor,1ahw,1AHW,A,104,L,0.8028,0.0537,-0.1105,-0.1618
Tissue factor,1ahw,1AHW,A,105,E,-0.0352,-0.3207,-0.1702,-0.1787
Tissue factor,1ahw,1AHW,A,106,T,-1.2425,-1.3636,-0.1363,-0.0128
Tissue factor,1ahw,1AHW,A,107,N,-0.1083,-0.2806,-0.2356,-0.1822
Tissue factor,1ahw,1AHW,A,108,L,-1.1298,-1.0026,-0.4543,-0.4512
Tissue factor,1ahw,1AHW,A,109,G,-0.7084,-0.7753,-0.4096,-0.3628
Tissue factor,1ahw,1AHW,A,110,Q,0.5435,0.1072,-0.6344,-0.5505
Tissue factor,1ahw,1AHW,A,111,P,-1.021,-0.8823,-0.4215,-0.2189
Tissue factor,1ahw,1AHW,A,112,T,0.0898,0.0002,-0.5957,-0.2767
Tissue factor,1ahw,1AHW,A,113,I,-0.9138,-0.6282,-0.8404,-0.4537
Tissue factor,1ahw,1AHW,A,114,Q,0.586,0.535,-0.5905,-0.1138
Tissue factor,1ahw,1AHW,A,115,S,0.2652,-0.1603,-0.2873,0.1098
Tissue factor,1ahw,1AHW,A,116,F,-0.1708,0.0002,0.0264,0.4502
Tissue factor,1ahw,1AHW,A,117,E,0.8376,0.0537,0.2764,0.7044
Tissue factor,1ahw,1AHW,A,118,Q,0.3975,1.6315,0.3704,0.6125
Tissue factor,1ahw,1AHW,A,119,V,1.0495,1.2704,0.1322,0.2236
Tissue factor,1ahw,1AHW,A,120,G,0.8353,0.6286,-0.1943,-0.0969
Tissue factor,1ahw,1AHW,A,121,T,0.8128,1.003,-0.3111,-0.245
Tissue factor,1ahw,1AHW,A,122,K,0.4399,0.388,-0.6078,-0.6017
Tissue factor,1ahw,1AHW,A,123,V,-1.25,-1.3636,-0.4944,-0.4849
Tissue factor,1ahw,1AHW,A,124,N,-0.5903,-0.1201,-0.482,-0.4966
Tissue factor,1ahw,1AHW,A,125,V,-1.2643,-1.5375,-0.0819,-0.0641
Tissue factor,1ahw,1AHW,A,126,T,-0.551,-0.4812,0.2422,0.2595
Tissue factor,1ahw,1AHW,A,127,V,-1.2045,-1.2032,-0.1809,0.1618
Tissue factor,1ahw,1AHW,A,128,E,0.0114,0.0269,-0.0079,-0.0296
Tissue factor,1ahw,1AHW,A,129,D,0.0847,0.9763,-0.0409,-0.1479
Tissue factor,1ahw,1AHW,A,130,E,0.1886,2.0192,-0.0717,-0.1964
Tissue factor,1ahw,1AHW,A,131,R,1.0733,1.9791,-0.0966,-0.2777
Tissue factor,1ahw,1AHW,A,132,T,-1.037,-0.8823,-0.0158,-0.1409
Tissue factor,1ahw,1AHW,A,133,L,0.3704,0.4682,0.1882,0.0678
Tissue factor,1ahw,1AHW,A,134,V,-1.0157,-0.762,0.1707,0.2021
Tissue factor,1ahw,1AHW,A,135,R,0.5754,2.3267,0.2824,0.2857
Tissue factor,1ahw,1AHW,A,136,R,1.304,2.3134,0.2904,0.1935
Tissue factor,1ahw,1AHW,A,137,N,1.7324,1.4041,0.1515,0.0148
Tissue factor,1ahw,1AHW,A,138,N,1.7281,1.2437,0.0326,-0.084
Tissue factor,1ahw,1AHW,A,139,T,0.8757,0.3746,0.0177,-0.0148
Tissue factor,1ahw,1AHW,A,140,F,0.3734,0.6019,-0.129,-0.0937
Tissue factor,1ahw,1AHW,A,141,L,-0.8256,-0.0934,-0.0929,-0.0687
Tissue factor,1ahw,1AHW,A,142,S,-1.0577,-0.6282,-0.0512,-0.1507
Tissue factor,1ahw,1AHW,A,143,L,-1.0305,-0.4812,-0.072,-0.25
Tissue factor,1ahw,1AHW,A,144,R,-0.6101,0.3345,-0.2517,-0.4096
Tissue factor,1ahw,1AHW,A,145,D,0.3692,0.0002,-0.1874,-0.3717
Tissue factor,1ahw,1AHW,A,146,V,-0.7576,-0.4678,0.0063,0.0437
Tissue factor,1ahw,1AHW,A,147,F,-1.1517,-0.8422,-0.2851,-0.3274
Tissue factor,1ahw,1AHW,A,148,G,-0.0566,-0.4009,-0.2208,-0.437
Tissue factor,1ahw,1AHW,A,149,K,2.0172,1.6983,-0.4451,-0.6806
Tissue factor,1ahw,1AHW,A,150,D,0.3692,0.8693,-0.543,-0.8163
Tissue factor,1ahw,1AHW,A,151,L,-1.254,-1.3904,-0.7339,-0.9849
Tissue factor,1ahw,1AHW,A,152,I,-0.5972,-0.294,-0.6913,-1.0093
Tissue factor,1ahw,1AHW,A,153,Y,-1.1757,-0.9224,-0.4124,-0.6763
Tissue factor,1ahw,1AHW,A,154,T,-1.037,-0.5748,-0.2033,-0.4902
Tissue factor,1ahw,1AHW,A,155,L,-1.2643,-1.5642,0.1975,-0.0363
Tissue factor,1ahw,1AHW,A,156,Y,-0.3265,0.3077,0.3812,0.2088
Tissue factor,1ahw,1AHW,A,157,Y,-1.0113,-0.4678,0.6866,0.6426
Tissue factor,1ahw,1AHW,A,158,W,-0.5872,0.642,1.5728,1.5699
Tissue factor,1ahw,1AHW,A,159,K,-0.0923,0.6687,1.3557,1.3258
Tissue factor,1ahw,1AHW,A,160,S,0.3188,0.6153,1.1763,1.0547
Tissue factor,1ahw,1AHW,A,161,S,1.69,0.9094,0.6818,0.6037
Tissue factor,1ahw,1AHW,A,162,S,0.3323,-0.187,0.255,0.1033
Tissue factor,1ahw,1AHW,A,163,S,2.1113,0.2542,0.1262,-0.1059
Tissue factor,1ahw,1AHW,A,164,G,0.9632,-0.1736,-0.1659,-0.4329
Tissue factor,1ahw,1AHW,A,165,K,1.2365,1.0164,-0.2356,-0.5525
Tissue factor,1ahw,1AHW,A,166,K,0.9915,1.3507,-0.3221,-0.6265
Tissue factor,1ahw,1AHW,A,167,T,0.675,-0.2137,-0.183,-0.4763
Tissue factor,1ahw,1AHW,A,168,A,-0.5905,-0.8021,0.0532,-0.1982
Tissue factor,1ahw,1AHW,A,169,K,1.4497,0.7356,0.0485,-0.1581
Tissue factor,1ahw,1AHW,A,170,T,-0.8532,-0.909,-0.1213,-0.3033
Tissue factor,1ahw,1AHW,A,171,N,0.3802,1.1234,-0.2438,-0.416
Tissue factor,1ahw,1AHW,A,172,T,0.5928,-0.08,-0.2884,-0.5074
Tissue factor,1ahw,1AHW,A,173,N,-0.5221,0.0136,-0.0506,-0.1995
Tissue factor,1ahw,1AHW,A,174,E,0.4143,-0.187,0.0023,-0.1808
Tissue factor,1ahw,1AHW,A,175,F,-1.1655,-1.0829,0.2468,0.1518
Tissue factor,1ahw,1AHW,A,176,L,1.0387,0.3077,0.2164,0.2189
Tissue factor,1ahw,1AHW,A,177,I,-1.0743,-0.8689,0.4004,0.5676
Tissue factor,1ahw,1AHW,A,178,D,0.5717,0.1205,0.359,0.7138
Tissue factor,1ahw,1AHW,A,179,V,-0.9679,-0.4812,0.3098,0.7176
Tissue factor,1ahw,1AHW,A,180,D,0.3325,-0.3073,0.2423,0.3394
Tissue factor,1ahw,1AHW,A,181,K,1.9925,1.7652,0.0293,-0.0053
Tissue factor,1ahw,1AHW,A,182,G,2.207,-0.187,-0.018,-0.206
Tissue factor,1ahw,1AHW,A,183,E,-0.0445,0.281,-0.1714,-0.3178
Tissue factor,1ahw,1AHW,A,184,N,0.1861,0.281,-0.482,-0.602
Tissue factor,1ahw,1AHW,A,185,Y,-1.1156,-0.7218,-0.5,-0.598
Tissue factor,1ahw,1AHW,A,186,C,-1.0551,-0.8823,-0.7315,-0.8313
Tissue factor,1ahw,1AHW,A,187,F,-1.2626,-1.484,-0.657,-0.7138
Tissue factor,1ahw,1AHW,A,188,S,-1.1167,-1.0294,-0.5555,-0.5602
Tissue factor,1ahw,1AHW,A,189,V,-1.2643,-1.5375,-0.6709,-0.6005
Tissue factor,1ahw,1AHW,A,190,Q,-0.8613,-0.4678,-0.4115,-0.418
Tissue factor,1ahw,1AHW,A,191,A,-1.2288,-1.3369,-0.2915,-0.2692
Tissue factor,1ahw,1AHW,A,192,V,-0.8269,-0.548,-0.0514,-0.0407
Tissue factor,1ahw,1AHW,A,193,I,-1.1989,-1.0962,-0.2344,-0.0845
Tissue factor,1ahw,1AHW,A,194,P,0.5328,-0.0265,-0.2486,0.0274
Tissue factor,1ahw,1AHW,A,195,S,1.3707,0.0136,-0.4745,-0.2091
Tissue factor,1ahw,1AHW,A,196,R,-0.815,0.0537,-0.194,-0.2585
Tissue factor,1ahw,1AHW,A,197,T,1.8115,-0.08,-0.4856,-0.3301
Tissue factor,1ahw,1AHW,A,198,V,1.9315,-0.0399,-0.4297,-0.3582
Tissue factor,1ahw,1AHW,A,199,N,-0.6479,-0.3207,-0.3218,-0.2478
Tissue factor,1ahw,1AHW,A,200,R,0.2582,0.4281,-0.2313,-0.1232
Tissue factor,1ahw,1AHW,A,201,K,1.0461,0.5083,-0.3272,-0.3187
Tissue factor,1ahw,1AHW,A,202,S,-1.114,-1.0695,-0.1261,-0.1438
Tissue factor,1ahw,1AHW,A,203,T,1.0401,-0.3073,0.2456,0.3678
Tissue factor,1ahw,1AHW,A,204,D,0.2765,-0.1068,0.0439,0.1381
Tissue factor,1ahw,1AHW,A,205,S,-1.1006,-1.0829,-0.2432,-0.0377
Tissue factor,1ahw,1AHW,A,206,P,0.9931,0.2676,-0.2913,-0.1745
Tissue factor,1ahw,1AHW,A,207,V,0.7698,-0.2004,-0.426,-0.1944
Tissue factor,1ahw,1AHW,A,208,E,0.155,0.0804,-0.5898,-0.1503
Tissue factor,1ahw,1AHW,A,209,C,0.1403,-0.2806,nan,nan
Tissue factor,1ahw,1AHW,A,210,M,-0.7017,0.1473,nan,nan
Tissue factor,1ahw,1AHW,A,211,G,3.9066,0.6821,nan,nan
Lysozyme,1aki,1AKI,A,1,K,0.9261,1.4353,-0.4158,-0.5646
Lysozyme,1aki,1AKI,A,2,V,1.3605,0.0318,-0.2842,-0.7007
Lysozyme,1aki,1AKI,A,3,F,-0.7459,0.0757,-0.5009,-0.742
Lysozyme,1aki,1AKI,A,4,G,0.2762,-0.4798,-0.246,-0.3591
Lysozyme,1aki,1AKI,A,5,R,0.3328,0.9528,-0.143,-0.2947
Lysozyme,1aki,1AKI,A,6,C,-0.1118,-0.1874,-0.3689,-0.2283
Lysozyme,1aki,1AKI,A,7,E,0.7057,0.8067,-0.3747,-0.325
Lysozyme,1aki,1AKI,A,8,L,-1.1558,-1.4301,-0.3674,-0.5058
Lysozyme,1aki,1AKI,A,9,A,-1.1579,-1.4739,-0.3699,-0.2691
Lysozyme,1aki,1AKI,A,10,A,-0.1609,0.3973,-0.4013,-0.2855
Lysozyme,1aki,1AKI,A,11,A,-0.6025,0.0757,-0.3113,-0.4679
Lysozyme,1aki,1AKI,A,12,M,-1.1541,-1.4008,-0.0265,-0.2666
Lysozyme,1aki,1AKI,A,13,K,0.5942,0.5289,-0.0951,-0.1601
Lysozyme,1aki,1AKI,A,14,R,2.033,2.0493,-0.1009,-0.2911
Lysozyme,1aki,1AKI,A,15,H,-0.0881,0.5874,0.1675,-0.2094
Lysozyme,1aki,1AKI,A,16,G,0.8481,-0.2021,0.5897,0.3065
Lysozyme,1aki,1AKI,A,17,L,-1.1412,-1.2546,0.7754,0.2324
Lysozyme,1aki,1AKI,A,18,D,0.3203,1.0552,0.4581,0.1683
Lysozyme,1aki,1AKI,A,19,N,1.2655,0.5874,0.1496,0.1569
Lysozyme,1aki,1AKI,A,20,Y,-0.2611,0.6897,0.2961,0.1425
Lysozyme,1aki,1AKI,A,21,R,1.2884,0.8505,0.5597,1.0305
Lysozyme,1aki,1AKI,A,22,G,1.6739,0.1488,0.2033,0.9415
Lysozyme,1aki,1AKI,A,23,Y,-0.1751,1.3768,-0.4027,0.0889
Lysozyme,1aki,1AKI,A,24,S,-0.1308,0.0318,-0.527,-0.3687
Lysozyme,1aki,1AKI,A,25,L,-1.0411,-0.8453,-0.6997,-0.6822
Lysozyme,1aki,1AKI,A,26,G,-1.1538,-1.4301,-0.7877,-0.8825
Lysozyme,1aki,1AKI,A,27,N,-0.9087,-0.8453,-0.5532,-0.726
Lysozyme,1aki,1AKI,A,28,W,-1.1505,-1.3131,-0.395,-0.6753
Lysozyme,1aki,1AKI,A,29,V,-1.1579,-1.4885,-0.7752,-0.965
Lysozyme,1aki,1AKI,A,30,C,-1.1528,-1.3862,-0.5764,-0.6549
Lysozyme,1aki,1AKI,A,31,A,-1.1156,-1.0938,-0.2876,-0.4282
Lysozyme,1aki,1AKI,A,32,A,-1.1579,-1.4739,-0.5237,-0.6405
Lysozyme,1aki,1AKI,A,33,K,-0.0253,0.1049,-0.7471,-0.8242
Lysozyme,1aki,1AKI,A,34,F,0.153,0.5874,-0.1169,-0.2117
Lysozyme,1aki,1AKI,A,35,E,0.221,0.7189,-0.394,-0.3007
Lysozyme,1aki,1AKI,A,36,S,-1.0606,-0.9915,-0.5072,-0.6004
Lysozyme,1aki,1AKI,A,37,N,0.9969,0.2365,-0.5309,-0.6821
Lysozyme,1aki,1AKI,A,38,F,-0.7023,-0.3629,-0.7336,-0.9852
Lysozyme,1aki,1AKI,A,39,N,-0.1481,-0.3336,-0.5599,-0.8729
Lysozyme,1aki,1AKI,A,40,T,-1.1311,-1.2693,-0.6576,-0.8356
Lysozyme,1aki,1AKI,A,41,Q,0.9777,1.3914,-0.633,-0.6971
Lysozyme,1aki,1AKI,A,42,A,-0.6902,-0.6699,-0.675,-0.7968
Lysozyme,1aki,1AKI,A,43,T,0.5836,0.0757,-0.8467,-0.7814
Lysozyme,1aki,1AKI,A,44,N,0.2643,0.295,-0.6402,-0.3179
Lysozyme,1aki,1AKI,A,45,R,1.4138,2.751,-0.453,0.133
Lysozyme,1aki,1AKI,A,46,N,-0.161,-0.2459,-0.2398,0.8984
Lysozyme,1aki,1AKI,A,47,T,2.9072,-0.0997,-0.219,1.9199
Lysozyme,1aki,1AKI,A,48,D,0.5439,1.1283,-0.2301,1.4939
Lysozyme,1aki,1AKI,A,49,G,0.0143,0.1488,-0.5415,1.0968
Lysozyme,1aki,1AKI,A,50,S,-1.1146,-1.1815,-0.3287,0.0383
Lysozyme,1aki,1AKI,A,51,T,-1.0361,-0.3921,-0.4526,-0.6116
Lysozyme,1aki,1AKI,A,52,D,-0.8952,-0.1728,-0.5517,-0.6713
Lysozyme,1aki,1AKI,A,53,Y,-0.8473,-0.3483,-0.7848,-1.0686
Lysozyme,1aki,1AKI,A,54,G,-1.1579,-1.4885,-0.9386,-1.0686
Lysozyme,1aki,1AKI,A,55,I,-1.1451,-1.3131,-0.7916,-0.8662
Lysozyme,1aki,1AKI,A,56,L,-1.1141,-1.0792,-0.6218,-0.387
Lysozyme,1aki,1AKI,A,57,Q,-1.0201,-0.5091,-0.6291,-0.5426
Lysozyme,1aki,1AKI,A,58,I,-1.1047,-1.0792,-0.5933,-0.4714
Lysozyme,1aki,1AKI,A,59,N,-0.7497,-0.3483,-0.2872,-0.4492
Lysozyme,1aki,1AKI,A,60,S,-1.1579,-1.5032,-0.1967,-0.539
Lysozyme,1aki,1AKI,A,61,R,0.183,1.8739,0.0993,0.0061
Lysozyme,1aki,1AKI,A,62,W,0.5899,1.099,0.4156,-0.1187
Lysozyme,1aki,1AKI,A,63,W,-0.7242,0.1342,0.0175,-0.5035
Lysozyme,1aki,1AKI,A,64,C,-1.1579,-1.5178,0.019,-0.6878
Lysozyme,1aki,1AKI,A,65,N,0.2471,-0.012,0.4054,-0.3837
Lysozyme,1aki,1AKI,A,66,D,-0.3417,-0.2313,-0.1155,-0.5576
Lysozyme,1aki,1AKI,A,67,G,1.7102,-0.2459,0.3469,0.0777
Lysozyme,1aki,1AKI,A,68,R,1.2487,3.8036,0.136,0.5398
Lysozyme,1aki,1AKI,A,69,T,-0.9362,-0.7137,0.1225,0.233
Lysozyme,1aki,1AKI,A,70,P,1.8984,1.2452,0.4267,1.2499
Lysozyme,1aki,1AKI,A,71,G,1.0052,0.9382,0.1094,2.4636
Lysozyme,1aki,1AKI,A,72,S,-0.1011,-0.1582,0.5573,0.3029
Lysozyme,1aki,1AKI,A,73,R,1.4138,1.4645,0.8431,0.2068
Lysozyme,1aki,1AKI,A,74,N,-0.2856,-0.3775,0.464,-0.1863
Lysozyme,1aki,1AKI,A,75,L,0.3594,0.8359,0.3077,-0.1513
Lysozyme,1aki,1AKI,A,76,C,-0.7314,-0.4067,0.0016,-0.3648
Lysozyme,1aki,1AKI,A,77,N,1.6672,0.1049,0.3933,-0.1008
Lysozyme,1aki,1AKI,A,78,I,-0.4285,-0.2459,0.1796,-0.4498
Lysozyme,1aki,1AKI,A,79,P,0.9394,-0.1436,0.0238,-0.62
Lysozyme,1aki,1AKI,A,80,C,-1.1077,-1.2108,-0.321,-1.054
Lysozyme,1aki,1AKI,A,81,S,1.1314,-0.2459,-0.1977,-0.6478
Lysozyme,1aki,1AKI,A,82,A,-0.0732,-0.1582,-0.2838,-0.2048
Lysozyme,1aki,1AKI,A,83,L,-1.1308,-1.2254,-0.6634,-0.5873
Lysozyme,1aki,1AKI,A,84,L,-0.0762,0.0465,-0.6973,-0.8126
Lysozyme,1aki,1AKI,A,85,S,0.2016,-0.0559,-0.513,-0.5509
Lysozyme,1aki,1AKI,A,86,S,0.8097,0.3973,-0.3249,-0.4981
Lysozyme,1aki,1AKI,A,87,D,0.7392,0.0611,-0.3703,-0.3344
Lysozyme,1aki,1AKI,A,88,I,-0.9984,-0.6991,-0.7253,-0.622
Lysozyme,1aki,1AKI,A,89,T,0.3059,0.1488,-0.6117,-0.5068
Lysozyme,1aki,1AKI,A,90,A,-0.2226,-0.3921,-0.662,-0.5201
Lysozyme,1aki,1AKI,A,91,S,-1.1335,-1.2839,-0.7103,-0.6066
Lysozyme,1aki,1AKI,A,92,V,-1.1073,-1.1084,-0.6702,-0.3433
Lysozyme,1aki,1AKI,A,93,N,0.6661,0.5728,-0.4574,-0.2275
Lysozyme,1aki,1AKI,A,94,C,-1.0901,-1.1231,-0.4912,-0.5958
Lysozyme,1aki,1AKI,A,95,A,-1.1514,-1.4008,-0.4854,-0.3109
Lysozyme,1aki,1AKI,A,96,K,0.1007,0.6605,-0.2485,-0.0815
Lysozyme,1aki,1AKI,A,97,K,0.564,0.8944,-0.1919,-0.3702
Lysozyme,1aki,1AKI,A,98,I,-1.0813,-0.933,0.0103,-0.1389
Lysozyme,1aki,1AKI,A,99,V,-0.9749,-0.6699,0.4306,0.0512
Lysozyme,1aki,1AKI,A,100,S,0.0584,0.7336,1.2392,0.5007
Lysozyme,1aki,1AKI,A,101,D,1.0583,1.5084,4.3646,2.8598
Lysozyme,1aki,1AKI,A,102,G,0.8884,2.6779,7.6548,6.771
Lysozyme,1aki,1AKI,A,103,N,1.3578,1.4938,3.3499,3.6672
Lysozyme,1aki,1AKI,A,104,G,-0.7873,-0.5675,0.5404,1.2896
Lysozyme,1aki,1AKI,A,105,M,-1.1261,-0.9915,-0.6165,0.1292
Lysozyme,1aki,1AKI,A,106,N,0.0731,1.0844,-0.5174,0.2135
Lysozyme,1aki,1AKI,A,107,A,0.0567,0.4704,-0.0748,0.7443
Lysozyme,1aki,1AKI,A,108,W,-1.027,-0.436,1.5198,1.6073
Lysozyme,1aki,1AKI,A,109,V,0.3686,1.4353,2.9006,2.8532
Lysozyme,1aki,1AKI,A,110,A,-1.0702,-0.8892,1.4709,1.3404
Lysozyme,1aki,1AKI,A,111,W,-0.8198,-0.3483,0.3904,0.0695
Lysozyme,1aki,1AKI,A,112,R,0.5576,0.909,0.774,0.4377
Lysozyme,1aki,1AKI,A,113,N,1.3729,1.2599,0.6298,0.9708
Lysozyme,1aki,1AKI,A,114,R,0.6325,1.4207,0.6265,0.5219
Lysozyme,1aki,1AKI,A,115,C,-1.1252,-1.2546,0.0877,0.0329
Lysozyme,1aki,1AKI,A,116,K,1.0468,0.3973,0.2154,0.1875
Lysozyme,1aki,1AKI,A,117,G,2.5359,-0.4067,0.4185,0.6251
Lysozyme,1aki,1AKI,A,118,T,0.7736,-0.0266,0.2647,0.2164
Lysozyme,1aki,1AKI,A,119,D,0.8174,-0.0851,0.2555,0.2216
Lysozyme,1aki,1AKI,A,120,V,-0.8328,-0.6845,-0.1024,-0.2855
Lysozyme,1aki,1AKI,A,121,Q,0.1753,0.9675,-0.1106,-0.1141
Lysozyme,1aki,1AKI,A,122,A,0.1801,-0.129,0.0117,0.0431
Lysozyme,1aki,1AKI,A,123,W,-0.0642,0.3827,-0.2093,-0.3529
Lysozyme,1aki,1AKI,A,124,I,-0.6858,-0.2167,-0.2262,-0.4168
Lysozyme,1aki,1AKI,A,125,R,1.0102,0.7189,0.0272,0.1305
Lysozyme,1aki,1AKI,A,126,G,2.1653,0.1488,-0.115,0.0591
Lysozyme,1aki,1AKI,A,127,C,-0.621,-0.5529,-0.1696,0.0826
Lysozyme,1aki,1AKI,A,128,R,2.7073,0.9528,0.0359,0.6291
Lysozyme,1aki,1AKI,A,129,L,0.6804,0.8798,0.0321,0.5993
VEGF,1bj1,1BJ1,A,1,UNK,nan,nan,0.7214,3.811
VEGF,1bj1,1BJ1,A,2,UNK,nan,nan,0.4153,3.1417
VEGF,1bj1,1BJ1,A,3,UNK,nan,nan,0.103,2.9654
VEGF,1bj1,1BJ1,A,4,UNK,nan,nan,-0.238,2.5137
VEGF,1bj1,1BJ1,A,5,UNK,nan,nan,-0.5128,2.0826
VEGF,1bj1,1BJ1,A,6,UNK,nan,nan,-0.2474,2.1257
VEGF,1bj1,1BJ1,A,7,UNK,nan,nan,-0.0064,2.0089
VEGF,1bj1,1BJ1,A,8,UNK,nan,nan,-0.579,1.561
VEGF,1bj1,1BJ1,A,9,UNK,nan,nan,-0.6388,1.2701
VEGF,1bj1,1BJ1,A,10,UNK,nan,nan,-0.2742,1.3738
VEGF,1bj1,1BJ1,A,11,UNK,nan,nan,-0.3113,1.1708
VEGF,1bj1,1BJ1,A,12,UNK,nan,nan,-0.715,0.6619
VEGF,1bj1,1BJ1,A,13,UNK,nan,nan,-0.8373,0.1118
VEGF,1bj1,1BJ1,A,14,V,1.7115,1.7009,-0.7674,0.119
VEGF,1bj1,1BJ1,A,15,V,-0.0398,2.2969,-0.568,-0.0775
VEGF,1bj1,1BJ1,A,16,K,1.3976,1.0245,-0.1722,0.2877
VEGF,1bj1,1BJ1,A,17,F,-0.7994,0.1064,0.0843,0.3244
VEGF,1bj1,1BJ1,A,18,M,0.9595,1.717,0.246,0.2197
VEGF,1bj1,1BJ1,A,19,D,0.3828,0.6057,0.4941,0.2564
VEGF,1bj1,1BJ1,A,20,V,-1.414,-1.3432,0.3235,-0.2089
VEGF,1bj1,1BJ1,A,21,Y,-0.6815,0.8473,0.5344,-0.1539
VEGF,1bj1,1BJ1,A,22,Q,1.0733,0.6862,0.4702,-0.5936
VEGF,1bj1,1BJ1,A,23,R,0.6485,1.8459,0.45,-0.3217
VEGF,1bj1,1BJ1,A,24,S,-1.4646,-1.7619,0.1526,-0.4108
VEGF,1bj1,1BJ1,A,25,Y,-0.0634,0.6862,-0.0751,-0.9437
VEGF,1bj1,1BJ1,A,26,C,-1.3146,-1.1821,0.0342,-0.9466
VEGF,1bj1,1BJ1,A,27,H,0.4077,2.0392,0.0639,-0.4777
VEGF,1bj1,1BJ1,A,28,P,-0.4603,0.0581,0.1127,-0.5363
VEGF,1bj1,1BJ1,A,29,I,-0.4682,0.2836,0.5131,-0.6418
VEGF,1bj1,1BJ1,A,30,E,0.5675,0.8312,0.7822,-0.0932
VEGF,1bj1,1BJ1,A,31,T,-0.0507,-0.3929,1.056,-0.028
VEGF,1bj1,1BJ1,A,32,L,-0.4386,-0.2479,1.1474,-0.238
VEGF,1bj1,1BJ1,A,33,V,-0.9277,-0.6023,1.3204,0.0238
VEGF,1bj1,1BJ1,A,34,D,-0.0162,0.0742,1.1931,-0.2421
VEGF,1bj1,1BJ1,A,35,I,-1.4576,-1.6653,1.4025,0.0545
VEGF,1bj1,1BJ1,A,36,F,0.8169,2.3452,1.2791,0.169
VEGF,1bj1,1BJ1,A,37,Q,1.1388,0.6862,1.0747,0.1242
VEGF,1bj1,1BJ1,A,38,E,-0.3534,-0.4573,0.8098,-0.0137
VEGF,1bj1,1BJ1,A,39,Y,-0.3092,-0.0386,0.5404,-0.2694
VEGF,1bj1,1BJ1,A,40,P,1.217,0.0742,0.3783,-0.0163
VEGF,1bj1,1BJ1,A,41,D,1.6415,-0.1191,0.0333,-0.418
VEGF,1bj1,1BJ1,A,42,E,-0.3598,0.2836,-0.2261,-0.282
VEGF,1bj1,1BJ1,A,43,I,1.5396,2.6673,-0.3806,-0.5267
VEGF,1bj1,1BJ1,A,44,E,0.8724,0.6862,-0.5747,-0.4205
VEGF,1bj1,1BJ1,A,45,Y,-0.499,0.4769,-0.386,0.0425
VEGF,1bj1,1BJ1,A,46,I,0.9459,1.3466,-0.4157,0.4956
VEGF,1bj1,1BJ1,A,47,F,-1.2431,-0.7472,-0.6963,0.6166
VEGF,1bj1,1BJ1,A,48,K,-0.1655,0.1869,-0.9278,0.3724
VEGF,1bj1,1BJ1,A,49,P,-1.4679,-1.7619,-0.8598,0.8888
VEGF,1bj1,1BJ1,A,50,S,-0.3114,0.4446,-1.0656,0.7707
VEGF,1bj1,1BJ1,A,51,C,-1.2036,-1.021,-0.9708,0.9201
VEGF,1bj1,1BJ1,A,52,V,-1.4769,-1.9069,-1.2178,0.5934
VEGF,1bj1,1BJ1,A,53,P,-1.142,-0.7633,-1.2158,0.177
VEGF,1bj1,1BJ1,A,54,L,-1.4509,-1.6331,-0.9977,0.0114
VEGF,1bj1,1BJ1,A,55,M,0.1827,-0.0708,-0.9383,-0.2682
VEGF,1bj1,1BJ1,A,56,R,-0.7725,-0.3607,-1.0822,-0.6816
VEGF,1bj1,1BJ1,A,57,C,-0.7168,-1.1338,-1.1311,-0.8774
VEGF,1bj1,1BJ1,A,58,G,-0.7684,-1.2626,-1.4741,-0.7513
VEGF,1bj1,1BJ1,A,59,G,-0.421,-0.9083,-1.3713,-0.6384
VEGF,1bj1,1BJ1,A,60,C,-1.0869,-0.2479,-1.1051,-0.8648
VEGF,1bj1,1BJ1,A,61,C,-1.067,-1.0694,-0.9468,-0.8138
VEGF,1bj1,1BJ1,A,62,N,0.1078,1.9425,-0.6563,-1.0012
VEGF,1bj1,1BJ1,A,63,D,0.5922,-0.3446,-0.3113,-0.8566
VEGF,1bj1,1BJ1,A,64,E,1.9937,2.1197,0.0148,-0.896
VEGF,1bj1,1BJ1,A,65,G,0.3561,-0.6506,0.4432,-0.7284
VEGF,1bj1,1BJ1,A,66,L,-0.1382,-0.5378,0.7955,-0.7256
VEGF,1bj1,1BJ1,A,67,E,0.3245,0.1225,0.9483,-0.7904
VEGF,1bj1,1BJ1,A,68,C,-0.973,-0.6506,1.2732,-0.5796
VEGF,1bj1,1BJ1,A,69,V,-0.089,-0.2801,1.2357,-0.6283
VEGF,1bj1,1BJ1,A,70,P,0.1287,-0.2318,1.536,-0.1525
VEGF,1bj1,1BJ1,A,71,T,0.1732,-0.0708,1.6362,0.0647
VEGF,1bj1,1BJ1,A,72,E,0.3565,0.1547,1.9313,0.6163
VEGF,1bj1,1BJ1,A,73,E,0.7082,0.1708,2.1106,0.6391
VEGF,1bj1,1BJ1,A,74,S,-0.0722,-0.5701,1.868,0.0333
VEGF,1bj1,1BJ1,A,75,N,1.0293,0.348,1.9326,-0.0915
VEGF,1bj1,1BJ1,A,76,I,-0.3306,-0.4412,1.7345,-0.3677
VEGF,1bj1,1BJ1,A,77,T,-0.399,-0.409,1.402,-0.9231
VEGF,1bj1,1BJ1,A,78,M,-1.4344,-1.5525,1.1871,-0.9449
VEGF,1bj1,1BJ1,A,79,Q,-0.3317,-0.1191,0.8282,-1.1998
VEGF,1bj1,1BJ1,A,80,I,-1.4624,-1.7136,0.5239,-1.1837
VEGF,1bj1,1BJ1,A,81,M,-0.9845,-0.4573,0.2554,-1.3967
VEGF,1bj1,1BJ1,A,82,R,-0.6146,1.25,-0.1015,-1.3626
VEGF,1bj1,1BJ1,A,83,I,-0.4585,-0.0869,-0.21,-1.3156
VEGF,1bj1,1BJ1,A,84,K,-0.3206,0.3963,-0.5272,-1.2787
VEGF,1bj1,1BJ1,A,85,P,1.6475,0.8151,-0.5282,-0.9027
VEGF,1bj1,1BJ1,A,86,H,3.0499,-0.0386,-0.7817,-0.7335
VEGF,1bj1,1BJ1,A,87,Q,1.2339,1.4271,-0.9884,-0.365
VEGF,1bj1,1BJ1,A,88,G,0.4521,-0.5862,-1.2014,-0.3331
VEGF,1bj1,1BJ1,A,89,Q,1.1135,0.1708,-1.1647,-0.4502
VEGF,1bj1,1BJ1,A,90,H,0.985,1.0406,-1.3851,-0.4223
VEGF,1bj1,1BJ1,A,91,I,0.5019,0.1708,-1.3314,-0.2808
VEGF,1bj1,1BJ1,A,92,G,-0.6175,-0.6506,-1.5364,-0.439
VEGF,1bj1,1BJ1,A,93,E,0.947,0.0742,-1.5425,-0.0963
VEGF,1bj1,1BJ1,A,94,M,-1.2413,-0.6828,-1.2607,0.1782
VEGF,1bj1,1BJ1,A,95,S,0.2836,-0.3929,0.5342,3.8478
VEGF,1bj1,1BJ1,A,96,F,-1.3838,-1.4237,0.2088,3.1787
VEGF,1bj1,1BJ1,A,97,L,0.4341,0.6218,-0.2432,2.8881
VEGF,1bj1,1BJ1,A,98,Q,-0.767,-0.5862,-0.5321,2.4072
VEGF,1bj1,1BJ1,A,99,H,-0.855,-0.8439,-0.8796,1.9116
VEGF,1bj1,1BJ1,A,100,N,0.4101,0.1064,-0.5674,2.0337
VEGF,1bj1,1BJ1,A,101,K,1.1619,0.0259,-0.3774,1.978
VEGF,1bj1,1BJ1,A,102,C,-0.9275,-0.9727,-0.7669,1.4744
VEGF,1bj1,1BJ1,A,103,E,0.1561,-0.264,-0.8894,1.1784
VEGF,1bj1,1BJ1,A,104,C,-0.8819,-0.7633,-0.5789,1.2535
VEGF,1bj1,1BJ1,A,105,R,0.6051,0.1869,-0.4748,1.1026
VEGF,1bj1,1BJ1,A,106,P,2.0063,-0.0386,-0.8037,0.5926
VEGF,1bj1,1BJ1,A,107,K,2.433,0.9117,-0.9281,0.0553
VEGF,1bj1,1BJ1,A,108,UNK,nan,nan,-0.8709,0.0125
VEGF,1bj1,1BJ1,A,109,UNK,nan,nan,-0.6511,-0.1805
VEGF,1bj1,1BJ1,A,110,UNK,nan,nan,-0.2144,0.2219
VEGF,1bj1,1BJ1,A,111,UNK,nan,nan,0.115,0.283
VEGF,1bj1,1BJ1,A,112,UNK,nan,nan,0.3075,0.2423
VEGF,1bj1,1BJ1,A,113,UNK,nan,nan,0.6652,0.3037
VEGF,1bj1,1BJ1,A,114,UNK,nan,nan,0.5295,-0.1215
VEGF,1bj1,1BJ1,A,115,UNK,nan,nan,0.7678,0.024
VEGF,1bj1,1BJ1,A,116,UNK,nan,nan,0.7011,-0.4386
VEGF,1bj1,1BJ1,A,117,UNK,nan,nan,0.7627,-0.0188
VEGF,1bj1,1BJ1,A,118,UNK,nan,nan,0.4042,-0.0968
VEGF,1bj1,1BJ1,A,119,UNK,nan,nan,0.2523,-0.6623
VEGF,1bj1,1BJ1,A,120,UNK,nan,nan,0.3526,-0.6273
VEGF,1bj1,1BJ1,A,121,UNK,nan,nan,0.4329,-0.0873
VEGF,1bj1,1BJ1,A,122,UNK,nan,nan,0.4599,-0.1216
VEGF,1bj1,1BJ1,A,123,UNK,nan,nan,0.7571,-0.3089
VEGF,1bj1,1BJ1,A,124,UNK,nan,nan,0.8771,0.1823
VEGF,1bj1,1BJ1,A,125,UNK,nan,nan,1.1739,0.2968
VEGF,1bj1,1BJ1,A,126,UNK,nan,nan,1.3679,0.0207
VEGF,1bj1,1BJ1,A,127,UNK,nan,nan,1.557,0.2754
VEGF,1bj1,1BJ1,A,128,UNK,nan,nan,1.3849,-0.0692
VEGF,1bj1,1BJ1,A,129,UNK,nan,nan,1.5249,0.1274
VEGF,1bj1,1BJ1,A,130,UNK,nan,nan,1.3751,0.2064
VEGF,1bj1,1BJ1,A,131,UNK,nan,nan,1.3011,0.2852
VEGF,1bj1,1BJ1,A,132,UNK,nan,nan,0.9535,0.0786
VEGF,1bj1,1BJ1,A,133,UNK,nan,nan,0.7229,-0.2356
VEGF,1bj1,1BJ1,A,134,UNK,nan,nan,0.5679,0.0141
VEGF,1bj1,1BJ1,A,135,UNK,nan,nan,0.1024,-0.4314
VEGF,1bj1,1BJ1,A,136,UNK,nan,nan,-0.2452,-0.3488
VEGF,1bj1,1BJ1,A,137,UNK,nan,nan,-0.414,-0.5218
VEGF,1bj1,1BJ1,A,138,UNK,nan,nan,-0.6703,-0.4253
VEGF,1bj1,1BJ1,A,139,UNK,nan,nan,-0.4884,0.0178
VEGF,1bj1,1BJ1,A,140,UNK,nan,nan,-0.5215,0.426
VEGF,1bj1,1BJ1,A,141,UNK,nan,nan,-0.698,0.5955
VEGF,1bj1,1BJ1,A,142,UNK,nan,nan,-1.0635,0.29
VEGF,1bj1,1BJ1,A,143,UNK,nan,nan,-1.0254,0.7856
VEGF,1bj1,1BJ1,A,144,UNK,nan,nan,-1.1537,0.7717
VEGF,1bj1,1BJ1,A,145,UNK,nan,nan,-0.954,1.0228
VEGF,1bj1,1BJ1,A,146,UNK,nan,nan,-1.251,0.7721
VEGF,1bj1,1BJ1,A,147,UNK,nan,nan,-1.2844,0.3015
VEGF,1bj1,1BJ1,A,148,UNK,nan,nan,-1.0483,0.1031
VEGF,1bj1,1BJ1,A,149,UNK,nan,nan,-1.0316,-0.2468
VEGF,1bj1,1BJ1,A,150,UNK,nan,nan,-1.1692,-0.5726
VEGF,1bj1,1BJ1,A,151,UNK,nan,nan,-1.2467,-0.9221
VEGF,1bj1,1BJ1,A,152,UNK,nan,nan,-1.649,-1.1034
VEGF,1bj1,1BJ1,A,153,UNK,nan,nan,-1.5324,-0.9369
VEGF,1bj1,1BJ1,A,154,UNK,nan,nan,-1.2138,-1.131
VEGF,1bj1,1BJ1,A,155,UNK,nan,nan,-1.0118,-1.0283
VEGF,1bj1,1BJ1,A,156,UNK,nan,nan,-0.6837,-1.2246
VEGF,1bj1,1BJ1,A,157,UNK,nan,nan,-0.3315,-1.0451
VEGF,1bj1,1BJ1,A,158,UNK,nan,nan,-0.0355,-1.1742
VEGF,1bj1,1BJ1,A,159,UNK,nan,nan,0.4165,-0.9381
VEGF,1bj1,1BJ1,A,160,UNK,nan,nan,0.7527,-0.886
VEGF,1bj1,1BJ1,A,161,UNK,nan,nan,0.9878,-0.8146
VEGF,1bj1,1BJ1,A,162,UNK,nan,nan,1.3568,-0.5616
VEGF,1bj1,1BJ1,A,163,UNK,nan,nan,1.3908,-0.528
VEGF,1bj1,1BJ1,A,164,UNK,nan,nan,1.7412,-0.005
VEGF,1bj1,1BJ1,A,165,UNK,nan,nan,1.8171,0.2356
VEGF,1bj1,1BJ1,A,166,UNK,nan,nan,2.0569,0.7412
VEGF,1bj1,1BJ1,A,167,UNK,nan,nan,2.165,0.6704
VEGF,1bj1,1BJ1,A,168,UNK,nan,nan,1.9671,0.1034
VEGF,1bj1,1BJ1,A,169,UNK,nan,nan,2.0652,0.0523
VEGF,1bj1,1BJ1,A,170,UNK,nan,nan,1.8622,-0.2462
VEGF,1bj1,1BJ1,A,171,UNK,nan,nan,1.5027,-0.8726
VEGF,1bj1,1BJ1,A,172,UNK,nan,nan,1.2526,-0.9609
VEGF,1bj1,1BJ1,A,173,UNK,nan,nan,0.8323,-1.3721
VEGF,1bj1,1BJ1,A,174,UNK,nan,nan,0.481,-1.4671
VEGF,1bj1,1BJ1,A,175,UNK,nan,nan,0.2594,-1.5771
VEGF,1bj1,1BJ1,A,176,UNK,nan,nan,-0.1314,-1.6668
VEGF,1bj1,1BJ1,A,177,UNK,nan,nan,-0.174,-1.4538
VEGF,1bj1,1BJ1,A,178,UNK,nan,nan,-0.515,-1.4163
VEGF,1bj1,1BJ1,A,179,UNK,nan,nan,-0.5626,-1.0281
VEGF,1bj1,1BJ1,A,180,UNK,nan,nan,-0.8596,-0.9022
VEGF,1bj1,1BJ1,A,181,UNK,nan,nan,-1.0863,-0.5849
VEGF,1bj1,1BJ1,A,182,UNK,nan,nan,-1.3457,-0.593
VEGF,1bj1,1BJ1,A,183,UNK,nan,nan,-1.2931,-0.6217
VEGF,1bj1,1BJ1,A,184,UNK,nan,nan,-1.5288,-0.5531
VEGF,1bj1,1BJ1,A,185,UNK,nan,nan,-1.451,-0.2699
VEGF,1bj1,1BJ1,A,186,UNK,nan,nan,-1.6239,-0.2325
VEGF,1bj1,1BJ1,A,187,UNK,nan,nan,-1.6199,0.1787
VEGF,1bj1,1BJ1,A,188,UNK,nan,nan,-1.3129,0.4924
hGH,1hgu,1HGU,A,1,UNK,nan,nan,0.5127,1.7671
hGH,1hgu,1HGU,A,2,P,3.7822,0.2538,0.1221,0.9621
hGH,1hgu,1HGU,A,3,T,1.6265,0.357,-0.2755,0.1469
hGH,1hgu,1HGU,A,4,I,0.5919,0.3093,-0.4593,-0.1995
hGH,1hgu,1HGU,A,5,P,0.6899,-0.5323,-0.3813,-0.5214
hGH,1hgu,1HGU,A,6,L,-0.1869,-0.3418,-0.5449,-0.3151
hGH,1hgu,1HGU,A,7,S,0.4002,0.6111,-0.5502,-0.4156
hGH,1hgu,1HGU,A,8,R,0.911,0.3173,-0.4127,-0.5685
hGH,1hgu,1HGU,A,9,L,-0.8612,-0.3021,-0.5278,-0.6821
hGH,1hgu,1HGU,A,10,F,-1.2123,-0.9849,-0.654,-0.6073
hGH,1hgu,1HGU,A,11,Q,0.2444,0.1982,-0.5646,-0.5914
hGH,1hgu,1HGU,A,12,N,0.0769,-0.0639,-0.6125,-0.7818
hGH,1hgu,1HGU,A,13,A,-1.2409,-1.3025,-0.7349,-0.8298
hGH,1hgu,1HGU,A,14,M,-0.7614,-0.3576,-0.6964,-0.7363
hGH,1hgu,1HGU,A,15,L,0.9211,-0.3576,-0.6774,-0.7496
hGH,1hgu,1HGU,A,16,R,-0.2822,0.1267,-0.7766,-0.8378
hGH,1hgu,1HGU,A,17,A,-1.3185,-1.509,-0.7758,-0.8435
hGH,1hgu,1HGU,A,18,H,0.5214,-0.1909,-0.6663,-0.7274
hGH,1hgu,1HGU,A,19,R,-0.1955,0.1108,-0.7247,-0.7282
hGH,1hgu,1HGU,A,20,L,-1.3176,-1.4931,-0.7576,-0.7581
hGH,1hgu,1HGU,A,21,H,-0.6329,-0.6356,-0.6818,-0.7191
hGH,1hgu,1HGU,A,22,Q,0.1777,-0.4847,-0.6077,-0.6234
hGH,1hgu,1HGU,A,23,L,-1.189,-0.8976,-0.6735,-0.6375
hGH,1hgu,1HGU,A,24,A,-1.2959,-1.4296,-0.6245,-0.6825
hGH,1hgu,1HGU,A,25,F,0.0197,-0.2227,-0.6669,-0.6695
hGH,1hgu,1HGU,A,26,D,0.0611,-0.3179,-0.7253,-0.7418
hGH,1hgu,1HGU,A,27,T,-1.1181,-0.842,-0.5487,-0.7341
hGH,1hgu,1HGU,A,28,Y,-1.0094,-0.3894,-0.4576,-0.6579
hGH,1hgu,1HGU,A,29,E,0.4904,-0.3179,-0.4581,-0.6663
hGH,1hgu,1HGU,A,30,E,0.7353,-0.0639,-0.3283,-0.5725
hGH,1hgu,1HGU,A,31,F,-0.8839,-0.4847,-0.0862,-0.4162
hGH,1hgu,1HGU,A,32,E,-0.1773,0.3411,-0.2311,-0.3456
hGH,1hgu,1HGU,A,33,E,1.2272,0.3252,-0.2203,-0.3426
hGH,1hgu,1HGU,A,34,A,0.5339,-0.4291,-0.1953,-0.2999
hGH,1hgu,1HGU,A,35,Y,0.5335,0.6905,-0.2235,-0.1675
hGH,1hgu,1HGU,A,36,I,-1.1143,-0.6594,-0.3882,-0.1056
hGH,1hgu,1HGU,A,37,P,-0.4011,-0.0559,-0.5153,-0.23
hGH,1hgu,1HGU,A,38,K,1.1875,0.484,0.416,0.3975
hGH,1hgu,1HGU,A,39,E,1.6816,-0.2703,0.9432,0.8875
hGH,1hgu,1HGU,A,40,Q,0.2574,-0.0242,0.923,1.1337
hGH,1hgu,1HGU,A,41,K,0.6591,1.151,2.0587,2.363
hGH,1hgu,1HGU,A,42,Y,1.6846,1.5321,2.002,2.3439
hGH,1hgu,1HGU,A,43,S,0.4486,1.286,0.5473,0.7993
hGH,1hgu,1HGU,A,44,F,0.2456,0.8254,-0.0819,0.5114
hGH,1hgu,1HGU,A,45,L,-0.2595,1.6353,0.6372,1.1397
hGH,1hgu,1HGU,A,46,Q,0.6003,1.6274,0.1354,0.6751
hGH,1hgu,1HGU,A,47,A,0.3981,0.5396,0.6318,0.992
hGH,1hgu,1HGU,A,48,P,0.0526,1.1113,1.0146,1.1895
hGH,1hgu,1HGU,A,49,Q,0.3501,2.3976,0.1094,0.226
hGH,1hgu,1HGU,A,50,A,0.6147,-0.5403,-0.4749,-0.1525
hGH,1hgu,1HGU,A,51,S,0.9033,-0.0083,-0.2648,-0.3619
hGH,1hgu,1HGU,A,52,L,0.419,0.9763,-0.3497,-0.5395
hGH,1hgu,1HGU,A,53,C,-1.1769,-1.0643,-0.3346,-0.4242
hGH,1hgu,1HGU,A,54,F,-1.1601,-0.8817,-0.4389,-0.5032
hGH,1hgu,1HGU,A,55,S,-0.2294,-0.3815,-0.2307,-0.132
hGH,1hgu,1HGU,A,56,E,1.244,0.349,-0.5784,-0.2005
hGH,1hgu,1HGU,A,57,S,0.5051,0.0632,-0.3891,-0.2461
hGH,1hgu,1HGU,A,58,I,-0.7206,-0.2544,0.4127,0.3936
hGH,1hgu,1HGU,A,59,P,1.0781,-0.2147,0.8533,0.7805
hGH,1hgu,1HGU,A,60,T,0.0263,0.3649,0.7939,1.2001
hGH,1hgu,1HGU,A,61,P,-0.068,0.8334,1.0305,1.9043
hGH,1hgu,1HGU,A,62,S,0.6504,0.2776,3.2322,3.0346
hGH,1hgu,1HGU,A,63,N,1.3536,0.0552,4.3457,3.5154
hGH,1hgu,1HGU,A,64,R,1.9977,1.7147,2.8003,2.4981
hGH,1hgu,1HGU,A,65,E,0.2716,1.024,1.832,2.0575
hGH,1hgu,1HGU,A,66,Q,0.2333,3.5966,1.8389,1.6233
hGH,1hgu,1HGU,A,67,A,0.8604,1.2622,1.0477,0.8674
hGH,1hgu,1HGU,A,68,Q,0.9691,2.739,0.464,0.0773
hGH,1hgu,1HGU,A,69,Q,0.3315,2.882,0.0757,-0.0161
hGH,1hgu,1HGU,A,70,K,0.8977,0.9366,0.0349,-0.1383
hGH,1hgu,1HGU,A,71,S,0.3141,0.0552,-0.2254,-0.4391
hGH,1hgu,1HGU,A,72,N,-0.5925,-0.2941,-0.2274,-0.4435
hGH,1hgu,1HGU,A,73,L,-0.8487,-0.3418,-0.277,-0.4162
hGH,1hgu,1HGU,A,74,Q,-0.4228,0.4999,-0.4384,-0.566
hGH,1hgu,1HGU,A,75,L,-1.2429,-1.2231,-0.5235,-0.7098
hGH,1hgu,1HGU,A,76,L,-1.2803,-1.3661,-0.5445,-0.6536
hGH,1hgu,1HGU,A,77,R,-0.471,1.2304,-0.5969,-0.6367
hGH,1hgu,1HGU,A,78,I,-0.8751,-0.4767,-0.7494,-0.7892
hGH,1hgu,1HGU,A,79,S,-1.2975,-1.4296,-0.7559,-0.7875
hGH,1hgu,1HGU,A,80,L,-1.0956,-0.7467,-0.7594,-0.7171
hGH,1hgu,1HGU,A,81,L,-0.6889,-0.2782,-0.7927,-0.7548
hGH,1hgu,1HGU,A,82,L,-1.2948,-1.4137,-0.8377,-0.7927
hGH,1hgu,1HGU,A,83,I,-1.309,-1.4613,-0.8406,-0.7694
hGH,1hgu,1HGU,A,84,Q,-0.4228,1.0716,-0.7479,-0.684
hGH,1hgu,1HGU,A,85,S,-1.2545,-1.3025,-0.5928,-0.6167
hGH,1hgu,1HGU,A,86,W,-1.272,-1.2549,-0.5719,-0.6243
hGH,1hgu,1HGU,A,87,L,-0.9296,-0.8817,-0.6428,-0.6917
hGH,1hgu,1HGU,A,88,E,0.8195,-0.0242,-0.6071,-0.7185
hGH,1hgu,1HGU,A,89,P,-1.1854,-0.8896,-0.4946,-0.6537
hGH,1hgu,1HGU,A,90,V,-1.2019,-1.1675,-0.6263,-0.6017
hGH,1hgu,1HGU,A,91,G,0.7032,-0.2465,-0.7342,-0.6788
hGH,1hgu,1HGU,A,92,F,0.289,1.3733,-0.5085,-0.6277
hGH,1hgu,1HGU,A,93,L,-1.0251,-1.0405,-0.1664,-0.4418
hGH,1hgu,1HGU,A,94,R,0.4027,0.3014,-0.1106,-0.3272
hGH,1hgu,1HGU,A,95,S,0.6262,-0.1988,-0.517,-0.586
hGH,1hgu,1HGU,A,96,V,0.6843,-0.0162,-0.7426,-0.657
hGH,1hgu,1HGU,A,97,F,-1.2644,-1.1517,-0.4097,-0.5401
hGH,1hgu,1HGU,A,98,A,-1.1633,-0.8976,-0.2191,-0.5545
hGH,1hgu,1HGU,A,99,N,-0.6887,-0.175,-0.2124,-0.5336
hGH,1hgu,1HGU,A,100,S,-0.5684,-0.2782,-0.3633,-0.5398
hGH,1hgu,1HGU,A,101,L,1.6784,1.2542,-0.2058,-0.403
hGH,1hgu,1HGU,A,102,V,1.468,-0.0718,0.1784,0.0926
hGH,1hgu,1HGU,A,103,Y,2.1128,1.8418,0.4323,0.2988
hGH,1hgu,1HGU,A,104,G,0.8957,0.0314,0.5145,0.7635
hGH,1hgu,1HGU,A,105,A,1.0802,0.6905,-0.6646,-0.0621
hGH,1hgu,1HGU,A,106,S,1.7212,0.222,-0.4605,-0.3686
hGH,1hgu,1HGU,A,107,D,-0.4553,0.5396,-0.2725,-0.4229
hGH,1hgu,1HGU,A,108,S,0.4082,0.4205,0.0103,-0.13
hGH,1hgu,1HGU,A,109,D,-0.0944,0.5714,-0.2466,-0.4266
hGH,1hgu,1HGU,A,110,V,-1.2498,-1.0802,-0.3288,-0.515
hGH,1hgu,1HGU,A,111,Y,0.2369,-0.445,-0.2664,-0.4624
hGH,1hgu,1HGU,A,112,D,0.5495,-0.3815,-0.5511,-0.6526
hGH,1hgu,1HGU,A,113,L,-0.8819,-0.5164,-0.6663,-0.7415
hGH,1hgu,1HGU,A,114,L,-1.3197,-1.509,-0.4755,-0.6322
hGH,1hgu,1HGU,A,115,K,0.364,-0.4609,-0.4464,-0.6143
hGH,1hgu,1HGU,A,116,D,-0.075,-0.7705,-0.6398,-0.752
hGH,1hgu,1HGU,A,117,L,-1.3134,-1.4693,-0.5986,-0.7286
hGH,1hgu,1HGU,A,118,E,-0.9964,-0.8182,-0.3964,-0.5803
hGH,1hgu,1HGU,A,119,E,0.7952,-0.5959,-0.4066,-0.6328
hGH,1hgu,1HGU,A,120,G,-0.8366,-0.8976,-0.5137,-0.7214
hGH,1hgu,1HGU,A,121,I,-1.3175,-1.4931,-0.4372,-0.6086
hGH,1hgu,1HGU,A,122,Q,0.0906,-0.2306,-0.263,-0.4566
hGH,1hgu,1HGU,A,123,T,0.1645,-0.1909,-0.2679,-0.5105
hGH,1hgu,1HGU,A,124,L,-1.2927,-1.2787,-0.3722,-0.5487
hGH,1hgu,1HGU,A,125,M,-0.8936,-0.4688,-0.1601,-0.288
hGH,1hgu,1HGU,A,126,G,0.7193,-0.3656,0.105,-0.143
hGH,1hgu,1HGU,A,127,R,0.3281,0.9287,0.0523,0.01
hGH,1hgu,1HGU,A,128,L,-0.6412,-0.175,0.1681,0.5739
hGH,1hgu,1HGU,A,129,E,-0.1043,2.0641,0.2394,1.4725
hGH,1hgu,1HGU,A,130,D,1.3144,0.3808,0.3801,1.8288
hGH,1hgu,1HGU,A,131,G,1.6616,-0.0083,0.5173,1.0504
hGH,1hgu,1HGU,A,132,S,0.0047,-0.0639,0.9066,1.3942
hGH,1hgu,1HGU,A,133,P,1.802,0.0949,0.4194,1.467
hGH,1hgu,1HGU,A,134,R,1.2428,2.5247,1.8132,2.2655
hGH,1hgu,1HGU,A,135,T,1.1489,0.889,1.4916,3.009
hGH,1hgu,1HGU,A,136,G,1.838,-0.2068,1.676,2.7459
hGH,1hgu,1HGU,A,137,Q,0.8542,2.5405,2.4652,2.7088
hGH,1hgu,1HGU,A,138,A,0.8765,0.7778,1.9941,2.2279
hGH,1hgu,1HGU,A,139,F,0.4263,2.2388,1.6212,1.2901
hGH,1hgu,1HGU,A,140,K,1.6204,0.9922,0.5293,0.4125
hGH,1hgu,1HGU,A,141,Q,0.0146,1.6195,0.3064,0.2015
hGH,1hgu,1HGU,A,142,T,1.2556,1.3892,-0.3459,-0.2108
hGH,1hgu,1HGU,A,143,Y,1.4294,0.5714,-0.4467,-0.2943
hGH,1hgu,1HGU,A,144,A,-0.3099,-0.4926,-0.2377,-0.3068
hGH,1hgu,1HGU,A,145,K,-0.03,1.0001,-0.3925,-0.2207
hGH,1hgu,1HGU,A,146,F,-0.8804,-0.5879,-0.4712,-0.2065
hGH,1hgu,1HGU,A,147,D,0.6381,0.357,0.2743,0.0764
hGH,1hgu,1HGU,A,148,A,-0.6752,-0.58,1.1329,0.4422
hGH,1hgu,1HGU,A,149,N,1.3921,-0.04,3.0114,1.6218
hGH,1hgu,1HGU,A,150,S,0.228,-0.1353,4.1264,2.3634
hGH,1hgu,1HGU,A,151,H,0.7634,0.8334,4.4839,2.5369
hGH,1hgu,1HGU,A,152,N,0.6222,1.4368,3.957,2.1751
hGH,1hgu,1HGU,A,153,D,0.5063,1.6115,1.1179,0.3355
hGH,1hgu,1HGU,A,154,D,0.4241,1.8894,-0.8313,-0.6752
hGH,1hgu,1HGU,A,155,A,-0.2258,-0.1909,-0.3062,-0.6623
hGH,1hgu,1HGU,A,156,L,-0.4089,-0.3418,-0.1506,-0.509
hGH,1hgu,1HGU,A,157,L,-0.4918,0.7778,-0.4757,-0.6252
hGH,1hgu,1HGU,A,158,K,-0.1325,1.9133,-0.5994,-0.7605
hGH,1hgu,1HGU,A,159,N,-1.1122,-0.9929,-0.3154,-0.6855
hGH,1hgu,1HGU,A,160,Y,-1.2456,-1.0802,-0.3988,-0.613
hGH,1hgu,1HGU,A,161,G,-0.9649,-0.9452,-0.5046,-0.6734
hGH,1hgu,1HGU,A,162,L,-1.2782,-1.2708,-0.4877,-0.6609
hGH,1hgu,1HGU,A,163,L,-1.3134,-1.4455,-0.5831,-0.6841
hGH,1hgu,1HGU,A,164,Y,-0.54,-0.0877,-0.4978,-0.573
hGH,1hgu,1HGU,A,165,C,-1.2818,-1.3581,-0.4373,-0.5204
hGH,1hgu,1HGU,A,166,F,-1.2939,-1.3264,-0.5961,-0.6261
hGH,1hgu,1HGU,A,167,R,-0.302,-0.4688,-0.5904,-0.6013
hGH,1hgu,1HGU,A,168,K,0.1449,-0.2465,-0.638,-0.6577
hGH,1hgu,1HGU,A,169,D,-1.298,-1.3978,-0.8137,-0.7806
hGH,1hgu,1HGU,A,170,M,-1.2678,-1.3343,-0.7948,-0.7845
hGH,1hgu,1HGU,A,171,D,-0.2673,-0.6356,-0.7122,-0.7386
hGH,1hgu,1HGU,A,172,K,-1.2034,-0.7626,-0.8362,-0.8375
hGH,1hgu,1HGU,A,173,V,-1.305,-1.4455,-0.876,-0.9121
hGH,1hgu,1HGU,A,174,E,-0.8561,-0.7785,-0.7307,-0.8201
hGH,1hgu,1HGU,A,175,T,-1.0041,-0.5959,-0.5945,-0.7579
hGH,1hgu,1HGU,A,176,F,-1.1237,-0.7705,-0.5896,-0.8215
hGH,1hgu,1HGU,A,177,L,-1.2927,-1.3899,-0.567,-0.7686
hGH,1hgu,1HGU,A,178,R,0.1028,0.3173,-0.4796,-0.6754
hGH,1hgu,1HGU,A,179,I,-0.9322,0.1505,-0.4492,-0.5694
hGH,1hgu,1HGU,A,180,V,-1.2738,-1.239,-0.4414,-0.4922
hGH,1hgu,1HGU,A,181,Q,-0.6508,-0.0162,-0.3923,-0.423
hGH,1hgu,1HGU,A,182,C,-0.6375,-0.1591,-0.4134,-0.4206
hGH,1hgu,1HGU,A,183,R,-0.0905,0.3411,-0.4201,-0.2802
hGH,1hgu,1HGU,A,184,S,0.2011,-0.0321,-0.4723,-0.0999
hGH,1hgu,1HGU,A,185,V,0.2433,0.0473,-0.6714,0.0119
hGH,1hgu,1HGU,A,186,E,2.1697,-0.3973,0.3625,0.8241
hGH,1hgu,1HGU,A,187,G,1.5012,-0.1115,0.5343,1.4554
hGH,1hgu,1HGU,A,188,S,1.1266,1.1589,0.2785,1.1467
hGH,1hgu,1HGU,A,189,C,-0.0657,-0.1194,1.6895,2.8338
hGH,1hgu,1HGU,A,190,G,2.9648,0.881,nan,nan
IFN-γR,1jrh,1JRH,A,1,UNK,nan,nan,0.1698,-0.0616
IFN-γR,1jrh,1JRH,A,2,UNK,nan,nan,-0.227,-0.3482
IFN-γR,1jrh,1JRH,A,3,UNK,nan,nan,-0.232,-0.4126
IFN-γR,1jrh,1JRH,A,4,UNK,nan,nan,-0.5111,-0.6308
IFN-γR,1jrh,1JRH,A,5,UNK,nan,nan,-0.7872,-0.7554
IFN-γR,1jrh,1JRH,A,6,UNK,nan,nan,-0.7626,-0.6202
IFN-γR,1jrh,1JRH,A,7,UNK,nan,nan,-0.6535,-0.5018
IFN-γR,1jrh,1JRH,A,8,UNK,nan,nan,-0.6704,-0.491
IFN-γR,1jrh,1JRH,A,9,UNK,nan,nan,-0.6488,-0.4338
IFN-γR,1jrh,1JRH,A,10,UNK,nan,nan,-0.6425,-0.3474
IFN-γR,1jrh,1JRH,A,11,S,2.7859,0.3317,0.2171,0.1239
IFN-γR,1jrh,1JRH,A,12,V,-0.9624,-0.7528,1.1585,0.6064
IFN-γR,1jrh,1JRH,A,13,P,-0.3607,0.0643,3.5984,3.0692
IFN-γR,1jrh,1JRH,A,14,T,0.0771,-0.3963,0.1762,2.1565
IFN-γR,1jrh,1JRH,A,15,P,-1.2444,-1.4511,3.0748,2.8537
IFN-γR,1jrh,1JRH,A,16,T,0.2932,-0.1586,0.8677,0.6095
IFN-γR,1jrh,1JRH,A,17,N,0.7928,-0.01,0.5238,0.2502
IFN-γR,1jrh,1JRH,A,18,V,-1.0358,-0.842,-0.3135,-0.3158
IFN-γR,1jrh,1JRH,A,19,T,0.1514,0.1534,-0.6448,-0.494
IFN-γR,1jrh,1JRH,A,20,I,-0.944,-0.5745,-0.5234,-0.5268
IFN-γR,1jrh,1JRH,A,21,E,0.1326,1.4905,-0.6761,-0.632
IFN-γR,1jrh,1JRH,A,22,S,-0.4681,0.6437,-0.6565,-0.648
IFN-γR,1jrh,1JRH,A,23,Y,1.4206,1.1785,-0.7469,-0.7223
IFN-γR,1jrh,1JRH,A,24,N,1.6345,0.6585,-0.7536,-0.2872
IFN-γR,1jrh,1JRH,A,25,M,0.7465,2.471,-0.3591,0.1087
IFN-γR,1jrh,1JRH,A,26,N,0.507,1.8916,-0.2816,0.099
IFN-γR,1jrh,1JRH,A,27,P,-0.962,-0.3963,-0.0733,0.2591
IFN-γR,1jrh,1JRH,A,28,I,-0.6906,-0.01,-0.1725,0.1009
IFN-γR,1jrh,1JRH,A,29,V,-1.3272,-1.867,-0.3521,-0.0554
IFN-γR,1jrh,1JRH,A,30,Y,-0.0055,0.1088,-0.8251,-0.6154
IFN-γR,1jrh,1JRH,A,31,W,-1.1968,-1.1539,-0.7642,-0.7133
IFN-γR,1jrh,1JRH,A,32,E,0.4589,-0.3666,-0.8946,-0.8151
IFN-γR,1jrh,1JRH,A,33,Y,-0.9327,-0.3666,-0.8085,-0.6648
IFN-γR,1jrh,1JRH,A,34,Q,0.4809,0.4951,-0.8437,-0.6041
IFN-γR,1jrh,1JRH,A,35,I,2.245,0.0643,-0.6491,-0.5702
IFN-γR,1jrh,1JRH,A,36,M,-0.2247,0.7774,-0.543,-0.4418
IFN-γR,1jrh,1JRH,A,37,P,2.1517,0.0494,0.1559,-0.1881
IFN-γR,1jrh,1JRH,A,38,Q,0.6065,1.0002,-0.4362,-0.2679
IFN-γR,1jrh,1JRH,A,39,V,1.5003,0.4802,1.2908,0.3092
IFN-γR,1jrh,1JRH,A,40,P,-1.0131,-0.7528,2.817,1.3296
IFN-γR,1jrh,1JRH,A,41,V,-0.4574,-0.5745,3.0535,2.4831
IFN-γR,1jrh,1JRH,A,42,F,-1.3191,-1.6888,2.1274,2.3599
IFN-γR,1jrh,1JRH,A,43,T,-1.0234,-0.6637,2.2755,2.0877
IFN-γR,1jrh,1JRH,A,44,V,-1.3272,-1.8522,-0.1159,0.3604
IFN-γR,1jrh,1JRH,A,45,E,-0.921,-0.8865,-0.2373,-0.3273
IFN-γR,1jrh,1JRH,A,46,V,-1.2693,-1.3322,-0.3305,-0.3817
IFN-γR,1jrh,1JRH,A,47,K,-0.6219,-0.0397,-0.3351,-0.3183
IFN-γR,1jrh,1JRH,A,48,N,-0.9659,-0.2774,-0.4582,-0.5261
IFN-γR,1jrh,1JRH,A,49,Y,0.1932,1.1933,-0.5923,-0.414
IFN-γR,1jrh,1JRH,A,50,G,0.169,-0.4705,-0.6119,-0.4701
IFN-γR,1jrh,1JRH,A,51,V,1.9052,0.9259,-0.6155,-0.5083
IFN-γR,1jrh,1JRH,A,52,K,1.3233,1.743,-0.729,-0.6125
IFN-γR,1jrh,1JRH,A,53,N,1.0866,1.9807,-0.6505,-0.6022
IFN-γR,1jrh,1JRH,A,54,S,-0.2658,-0.0694,-0.6229,-0.5745
IFN-γR,1jrh,1JRH,A,55,E,1.0422,0.3911,-0.5653,-0.5628
IFN-γR,1jrh,1JRH,A,56,W,-0.5245,0.1534,-0.6465,-0.7248
IFN-γR,1jrh,1JRH,A,57,I,0.6004,0.4802,-0.5899,-0.5466
IFN-γR,1jrh,1JRH,A,58,D,0.185,-0.3368,-0.5849,-0.5124
IFN-γR,1jrh,1JRH,A,59,A,-0.6731,-0.9014,-0.2619,-0.3347
IFN-γR,1jrh,1JRH,A,60,C,-0.8242,-1.1688,-0.239,-0.3273
IFN-γR,1jrh,1JRH,A,61,I,0.7517,-0.2774,0.5008,0.018
IFN-γR,1jrh,1JRH,A,62,N,0.1358,0.51,0.9545,0.1018
IFN-γR,1jrh,1JRH,A,63,I,-0.5825,-0.4111,0.5421,-0.0997
IFN-γR,1jrh,1JRH,A,64,S,0.7356,0.0494,0.6392,-0.0566
IFN-γR,1jrh,1JRH,A,65,H,0.254,0.9111,-0.2051,-0.1376
IFN-γR,1jrh,1JRH,A,66,H,0.0034,-0.114,1.7076,0.6769
IFN-γR,1jrh,1JRH,A,67,Y,0.3683,0.1534,2.2632,0.8817
IFN-γR,1jrh,1JRH,A,68,C,-1.2762,-1.5848,1.5603,0.6157
IFN-γR,1jrh,1JRH,A,69,N,0.2211,0.0494,0.9675,0.2397
IFN-γR,1jrh,1JRH,A,70,I,-1.3252,-1.763,-0.231,-0.2868
IFN-γR,1jrh,1JRH,A,71,S,-0.4357,-0.218,0.4998,-0.0313
IFN-γR,1jrh,1JRH,A,72,D,1.4085,-0.3963,0.0205,-0.1241
IFN-γR,1jrh,1JRH,A,73,H,-0.3232,0.4505,-0.5181,-0.4401
IFN-γR,1jrh,1JRH,A,74,V,-0.5797,0.7625,-0.6219,-0.5889
IFN-γR,1jrh,1JRH,A,75,G,0.6119,-0.322,-0.7666,-0.6538
IFN-γR,1jrh,1JRH,A,76,D,-0.0556,1.2379,-0.7942,-0.6372
IFN-γR,1jrh,1JRH,A,77,P,1.173,1.3716,-0.8298,-0.7327
IFN-γR,1jrh,1JRH,A,78,S,0.9778,0.3317,-0.8517,-0.6539
IFN-γR,1jrh,1JRH,A,79,N,-0.954,0.2871,-0.6764,-0.5102
IFN-γR,1jrh,1JRH,A,80,S,-0.6929,-0.5894,-0.6588,-0.3565
IFN-γR,1jrh,1JRH,A,81,L,-1.2867,-1.4213,-0.7283,-0.2546
IFN-γR,1jrh,1JRH,A,82,W,-0.4647,0.3614,-0.7503,-0.4159
IFN-γR,1jrh,1JRH,A,83,V,-1.325,-1.7779,-0.6402,-0.4889
IFN-γR,1jrh,1JRH,A,84,R,-0.5375,-0.53,-0.5034,-0.588
IFN-γR,1jrh,1JRH,A,85,V,-1.3272,-1.8373,-0.3518,-0.4185
IFN-γR,1jrh,1JRH,A,86,K,-0.6728,-0.5745,-0.4855,-0.4576
IFN-γR,1jrh,1JRH,A,87,A,-1.3212,-1.7333,-0.4878,-0.4153
IFN-γR,1jrh,1JRH,A,88,R,-0.2352,0.4951,-0.5836,-0.461
IFN-γR,1jrh,1JRH,A,89,V,-0.7777,0.4802,-0.4466,-0.4024
IFN-γR,1jrh,1JRH,A,90,G,0.9692,-0.0843,0.3235,-0.0969
IFN-γR,1jrh,1JRH,A,91,Q,1.7161,0.7922,0.6222,0.0657
IFN-γR,1jrh,1JRH,A,92,K,1.0953,1.0448,0.715,0.0447
IFN-γR,1jrh,1JRH,A,93,E,-0.067,0.094,0.0168,0.3918
IFN-γR,1jrh,1JRH,A,94,S,-1.0625,-1.1242,1.1551,2.6378
IFN-γR,1jrh,1JRH,A,95,A,0.7973,-0.634,1.7755,5.3764
IFN-γR,1jrh,1JRH,A,96,Y,-0.1556,0.2425,nan,nan
IFN-γR,1jrh,1JRH,A,97,A,-0.8531,-0.9608,nan,nan
IFN-γR,1jrh,1JRH,A,98,K,0.9904,1.2082,nan,nan
IFN-γR,1jrh,1JRH,A,99,S,-1.0949,-0.8717,nan,nan
IFN-γR,1jrh,1JRH,A,100,E,1.2643,0.4802,nan,nan
IFN-γR,1jrh,1JRH,A,101,E,0.4641,0.3614,nan,nan
IFN-γR,1jrh,1JRH,A,102,F,-0.5337,0.4357,nan,nan
IFN-γR,1jrh,1JRH,A,103,A,0.7252,0.3317,nan,nan
IFN-γR,1jrh,1JRH,A,104,V,-0.1059,3.0949,nan,nan
IFN-γR,1jrh,1JRH,A,105,S,2.4537,2.3224,nan,nan
HPr,2jel,2JEL,A,1,M,1.2826,0.7854,-0.6389,-0.6463
HPr,2jel,2JEL,A,2,F,-0.1267,0.0735,-0.7543,-0.8766
HPr,2jel,2JEL,A,3,Q,0.6743,0.2218,-0.5835,-0.943
HPr,2jel,2JEL,A,4,Q,0.0847,0.4443,-0.1382,-0.689
HPr,2jel,2JEL,A,5,E,0.9595,-0.0007,0.4663,-0.0358
HPr,2jel,2JEL,A,6,V,-0.6039,0.0735,0.6753,0.2107
HPr,2jel,2JEL,A,7,T,0.4066,-0.2528,-0.1618,-0.2096
HPr,2jel,2JEL,A,8,I,-1.2721,-1.4543,0.2447,-0.0404
HPr,2jel,2JEL,A,9,T,0.6837,0.4739,1.3099,0.7821
HPr,2jel,2JEL,A,10,A,-1.197,-1.0983,2.9893,2.0874
HPr,2jel,2JEL,A,11,P,1.0659,0.6964,4.1151,3.2579
HPr,2jel,2JEL,A,12,N,1.043,2.1945,2.179,1.7905
HPr,2jel,2JEL,A,13,G,-1.1928,-1.1576,1.3997,0.8578
HPr,2jel,2JEL,A,14,L,-0.9712,-0.2677,0.4925,0.3649
HPr,2jel,2JEL,A,15,H,0.6034,0.9041,0.6848,1.0505
HPr,2jel,2JEL,A,16,T,0.5849,0.7409,0.2099,1.1865
HPr,2jel,2JEL,A,17,R,1.4155,3.3218,0.6273,1.312
HPr,2jel,2JEL,A,18,P,-0.6809,1.1562,0.5014,0.5233
HPr,2jel,2JEL,A,19,A,-1.258,-1.3504,-0.3293,-0.4105
HPr,2jel,2JEL,A,20,A,0.1527,-0.1194,-0.2059,0.0375
HPr,2jel,2JEL,A,21,Q,0.3979,0.8744,0.2398,0.3395
HPr,2jel,2JEL,A,22,F,-1.2149,-0.5495,-0.0412,-0.2944
HPr,2jel,2JEL,A,23,V,-0.9946,-0.7868,-0.2606,-0.3764
HPr,2jel,2JEL,A,24,K,1.4772,0.9041,0.1853,0.0355
HPr,2jel,2JEL,A,25,E,-0.1875,0.118,0.1321,-0.1243
HPr,2jel,2JEL,A,26,A,-1.2805,-1.5729,-0.1508,-0.5081
HPr,2jel,2JEL,A,27,K,1.1979,0.1328,0.0179,-0.2842
HPr,2jel,2JEL,A,28,G,1.3901,-0.5792,0.2259,-0.1519
HPr,2jel,2JEL,A,29,F,-0.6691,-0.149,-0.1265,-0.6422
HPr,2jel,2JEL,A,30,T,1.3393,0.4146,-0.1151,-0.6342
HPr,2jel,2JEL,A,31,S,-1.2244,-1.3208,-0.4413,-0.7912
HPr,2jel,2JEL,A,32,E,0.9409,0.5036,-0.4625,-0.7205
HPr,2jel,2JEL,A,33,I,-1.2321,-1.1873,-0.6774,-0.9247
HPr,2jel,2JEL,A,34,T,-0.0417,-0.3567,-0.7934,-0.8857
HPr,2jel,2JEL,A,35,V,-1.2662,-1.3949,-0.8275,-0.9762
HPr,2jel,2JEL,A,36,T,-0.1936,-0.1787,-0.6503,-0.8778
HPr,2jel,2JEL,A,37,S,-1.1201,-0.9796,-0.5136,-0.3565
HPr,2jel,2JEL,A,38,N,1.4384,2.2687,-0.3527,1.2388
HPr,2jel,2JEL,A,39,G,2.1873,-0.1935,-0.4456,1.2409
HPr,2jel,2JEL,A,40,K,0.9204,1.9127,-0.4354,0.1414
HPr,2jel,2JEL,A,41,S,0.3108,0.1328,-0.6238,-0.6046
HPr,2jel,2JEL,A,42,A,-1.062,-0.9648,-0.746,-0.5908
HPr,2jel,2JEL,A,43,S,0.1155,-0.0749,-0.7946,-0.741
HPr,2jel,2JEL,A,44,A,-1.258,-1.3504,-0.678,-0.7339
HPr,2jel,2JEL,A,45,K,-0.3548,0.2218,-0.4545,-0.4645
HPr,2jel,2JEL,A,46,S,-0.069,0.0438,-0.4395,-0.3579
HPr,2jel,2JEL,A,47,L,0.0353,0.5629,-0.6213,-0.3521
HPr,2jel,2JEL,A,48,F,1.794,1.4974,-0.4281,0.2339
HPr,2jel,2JEL,A,49,K,0.7606,1.2897,-0.493,-0.0824
HPr,2jel,2JEL,A,50,L,-1.2393,-1.1428,-0.4382,-0.0893
HPr,2jel,2JEL,A,51,Q,0.3297,1.6309,0.3207,1.4378
HPr,2jel,2JEL,A,52,T,0.9151,1.0969,0.5075,1.7071
HPr,2jel,2JEL,A,53,L,-1.1217,-0.4605,-0.0901,0.5917
HPr,2jel,2JEL,A,54,G,0.4613,-0.1787,-1.035,-0.3667
HPr,2jel,2JEL,A,55,L,-1.0887,-0.8906,-0.381,-0.1305
HPr,2jel,2JEL,A,56,T,0.838,0.0438,0.1948,0.3284
HPr,2jel,2JEL,A,57,Q,0.713,-0.0007,1.1151,0.8879
HPr,2jel,2JEL,A,58,G,0.8958,-0.4753,0.0936,0.2094
HPr,2jel,2JEL,A,59,T,-0.7214,-0.0452,-0.8592,-0.6074
HPr,2jel,2JEL,A,60,V,0.5444,-0.0007,-0.5721,-0.6003
HPr,2jel,2JEL,A,61,V,-1.2734,-1.4839,-0.4924,-0.8045
HPr,2jel,2JEL,A,62,T,-0.49,-0.2973,-0.5635,-0.8364
HPr,2jel,2JEL,A,63,I,-1.2784,-1.5581,-0.8211,-0.9724
HPr,2jel,2JEL,A,64,S,-0.8473,-0.594,-0.7691,-1.0388
HPr,2jel,2JEL,A,65,A,-1.2323,-1.3208,-0.7617,-1.0169
HPr,2jel,2JEL,A,66,E,0.636,0.1476,-0.609,-0.7317
HPr,2jel,2JEL,A,67,G,0.1066,-0.4753,-0.5275,-0.6441
HPr,2jel,2JEL,A,68,E,1.9484,0.4739,-0.4955,-0.5736
HPr,2jel,2JEL,A,69,D,-0.634,-0.2528,-0.5118,-0.6988
HPr,2jel,2JEL,A,70,E,-0.7898,-0.416,-0.7583,-0.9488
HPr,2jel,2JEL,A,71,Q,0.8235,0.7706,-0.6721,-0.6875
HPr,2jel,2JEL,A,72,K,1.3437,0.8596,-0.4324,-0.5961
HPr,2jel,2JEL,A,73,A,-1.2805,-1.6026,-0.4105,-0.7729
HPr,2jel,2JEL,A,74,V,-1.2782,-1.5729,-0.5112,-0.8725
HPr,2jel,2JEL,A,75,E,0.4353,1.4084,-0.3856,-0.5326
HPr,2jel,2JEL,A,76,H,-0.0591,0.1031,-0.1865,-0.3731
HPr,2jel,2JEL,A,77,L,-1.2661,-1.3504,-0.4314,-0.595
HPr,2jel,2JEL,A,78,V,-0.7326,-0.2825,-0.3373,-0.2888
HPr,2jel,2JEL,A,79,K,1.1136,0.7409,0.1247,0.1567
HPr,2jel,2JEL,A,80,L,-0.7154,0.4739,0.1601,0.0665
HPr,2jel,2JEL,A,81,M,-1.2509,-1.217,0.3075,0.3828
HPr,2jel,2JEL,A,82,A,0.4998,0.2811,0.8615,0.9618
HPr,2jel,2JEL,A,83,E,1.0153,1.2749,-0.1769,0.7569
HPr,2jel,2JEL,A,84,L,-0.8165,0.2515,2.3384,2.1438
HPr,2jel,2JEL,A,85,E,1.7049,1.438,4.8937,4.7829
