antigen,key,pdb,chain,resid,resname,rmsf_nm,rmsf_z
Lysozyme,1aki,1AKI,A,1,LYS,0.0781,0.2941
Lysozyme,1aki,1AKI,A,2,VAL,0.0575,-0.4218
Lysozyme,1aki,1AKI,A,3,PHE,0.0548,-0.5157
Lysozyme,1aki,1AKI,A,4,GLY,0.0667,-0.1021
Lysozyme,1aki,1AKI,A,5,ARG,0.0647,-0.1716
Lysozyme,1aki,1AKI,A,6,CYS,0.0557,-0.4844
Lysozyme,1aki,1AKI,A,7,GLU,0.0582,-0.3975
Lysozyme,1aki,1AKI,A,8,LEU,0.0518,-0.6199
Lysozyme,1aki,1AKI,A,9,ALA,0.0544,-0.5296
Lysozyme,1aki,1AKI,A,10,ALA,0.0542,-0.5365
Lysozyme,1aki,1AKI,A,11,ALA,0.0575,-0.4218
Lysozyme,1aki,1AKI,A,12,MET,0.0583,-0.394
Lysozyme,1aki,1AKI,A,13,LYS,0.0603,-0.3245
Lysozyme,1aki,1AKI,A,14,ARG,0.0672,-0.0847
Lysozyme,1aki,1AKI,A,15,HIS,0.0695,-0.0048
Lysozyme,1aki,1AKI,A,16,GLY,0.084,0.4992
Lysozyme,1aki,1AKI,A,17,LEU,0.0787,0.315
Lysozyme,1aki,1AKI,A,18,ASP,0.0859,0.5652
Lysozyme,1aki,1AKI,A,19,ASN,0.0858,0.5618
Lysozyme,1aki,1AKI,A,20,TYR,0.0801,0.3636
Lysozyme,1aki,1AKI,A,21,ARG,0.0998,1.0483
Lysozyme,1aki,1AKI,A,22,GLY,0.1042,1.2013
Lysozyme,1aki,1AKI,A,23,TYR,0.0742,0.1586
Lysozyme,1aki,1AKI,A,24,SER,0.0627,-0.2411
Lysozyme,1aki,1AKI,A,25,LEU,0.0547,-0.5192
Lysozyme,1aki,1AKI,A,26,GLY,0.0443,-0.8806
Lysozyme,1aki,1AKI,A,27,ASN,0.0426,-0.9397
Lysozyme,1aki,1AKI,A,28,TRP,0.0496,-0.6964
Lysozyme,1aki,1AKI,A,29,VAL,0.0429,-0.9293
Lysozyme,1aki,1AKI,A,30,CYS,0.0429,-0.9293
Lysozyme,1aki,1AKI,A,31,ALA,0.0503,-0.6721
Lysozyme,1aki,1AKI,A,32,ALA,0.048,-0.752
Lysozyme,1aki,1AKI,A,33,LYS,0.0514,-0.6339
Lysozyme,1aki,1AKI,A,34,PHE,0.0677,-0.0673
Lysozyme,1aki,1AKI,A,35,GLU,0.064,-0.1959
Lysozyme,1aki,1AKI,A,36,SER,0.053,-0.5782
Lysozyme,1aki,1AKI,A,37,ASN,0.0532,-0.5713
Lysozyme,1aki,1AKI,A,38,PHE,0.0435,-0.9084
Lysozyme,1aki,1AKI,A,39,ASN,0.0462,-0.8146
Lysozyme,1aki,1AKI,A,40,THR,0.0451,-0.8528
Lysozyme,1aki,1AKI,A,41,GLN,0.0526,-0.5921
Lysozyme,1aki,1AKI,A,42,ALA,0.0515,-0.6304
Lysozyme,1aki,1AKI,A,43,THR,0.0504,-0.6686
Lysozyme,1aki,1AKI,A,44,ASN,0.0595,-0.3523
Lysozyme,1aki,1AKI,A,45,ARG,0.0709,0.0439
Lysozyme,1aki,1AKI,A,46,ASN,0.0835,0.4818
Lysozyme,1aki,1AKI,A,47,THR,0.1194,1.7296
Lysozyme,1aki,1AKI,A,48,ASP,0.1061,1.2673
Lysozyme,1aki,1AKI,A,49,GLY,0.0966,0.9371
Lysozyme,1aki,1AKI,A,50,SER,0.0603,-0.3245
Lysozyme,1aki,1AKI,A,51,THR,0.0448,-0.8632
Lysozyme,1aki,1AKI,A,52,ASP,0.0437,-0.9015
Lysozyme,1aki,1AKI,A,53,TYR,0.0362,-1.1621
Lysozyme,1aki,1AKI,A,54,GLY,0.0418,-0.9675
Lysozyme,1aki,1AKI,A,55,ILE,0.0423,-0.9501
Lysozyme,1aki,1AKI,A,56,LEU,0.0502,-0.6756
Lysozyme,1aki,1AKI,A,57,GLN,0.046,-0.8215
Lysozyme,1aki,1AKI,A,58,ILE,0.0478,-0.759
Lysozyme,1aki,1AKI,A,59,ASN,0.0465,-0.8042
Lysozyme,1aki,1AKI,A,60,SER,0.044,-0.891
Lysozyme,1aki,1AKI,A,61,ARG,0.0578,-0.4114
Lysozyme,1aki,1AKI,A,62,TRP,0.0595,-0.3523
Lysozyme,1aki,1AKI,A,63,TRP,0.0471,-0.7833
Lysozyme,1aki,1AKI,A,64,CYS,0.0449,-0.8598
Lysozyme,1aki,1AKI,A,65,ASN,0.0563,-0.4635
Lysozyme,1aki,1AKI,A,66,ASP,0.0532,-0.5713
Lysozyme,1aki,1AKI,A,67,GLY,0.0825,0.4471
Lysozyme,1aki,1AKI,A,68,ARG,0.0868,0.5965
Lysozyme,1aki,1AKI,A,69,THR,0.0705,0.03
Lysozyme,1aki,1AKI,A,70,PRO,0.1152,1.5836
Lysozyme,1aki,1AKI,A,71,GLY,0.1469,2.6853
Lysozyme,1aki,1AKI,A,72,SER,0.072,0.0821
Lysozyme,1aki,1AKI,A,73,ARG,0.0752,0.1933
Lysozyme,1aki,1AKI,A,74,ASN,0.0588,-0.3767
Lysozyme,1aki,1AKI,A,75,LEU,0.0612,-0.2932
Lysozyme,1aki,1AKI,A,76,CYS,0.0558,-0.4809
Lysozyme,1aki,1AKI,A,77,ASN,0.0654,-0.1473
Lysozyme,1aki,1AKI,A,78,ILE,0.0588,-0.3767
Lysozyme,1aki,1AKI,A,79,PRO,0.0521,-0.6095
Lysozyme,1aki,1AKI,A,80,CYS,0.0401,-1.0266
Lysozyme,1aki,1AKI,A,81,SER,0.0582,-0.3975
Lysozyme,1aki,1AKI,A,82,ALA,0.0669,-0.0951
Lysozyme,1aki,1AKI,A,83,LEU,0.0538,-0.5504
Lysozyme,1aki,1AKI,A,84,LEU,0.0549,-0.5122
Lysozyme,1aki,1AKI,A,85,SER,0.0692,-0.0152
Lysozyme,1aki,1AKI,A,86,SER,0.0749,0.1829
Lysozyme,1aki,1AKI,A,87,ASP,0.0687,-0.0326
Lysozyme,1aki,1AKI,A,88,ILE,0.0547,-0.5192
Lysozyme,1aki,1AKI,A,89,THR,0.0565,-0.4566
Lysozyme,1aki,1AKI,A,90,ALA,0.0579,-0.4079
Lysozyme,1aki,1AKI,A,91,SER,0.0499,-0.686
Lysozyme,1aki,1AKI,A,92,VAL,0.0563,-0.4635
Lysozyme,1aki,1AKI,A,93,ASN,0.062,-0.2654
Lysozyme,1aki,1AKI,A,94,CYS,0.0498,-0.6895
Lysozyme,1aki,1AKI,A,95,ALA,0.0582,-0.3975
Lysozyme,1aki,1AKI,A,96,LYS,0.0632,-0.2237
Lysozyme,1aki,1AKI,A,97,LYS,0.059,-0.3697
Lysozyme,1aki,1AKI,A,98,ILE,0.0618,-0.2724
Lysozyme,1aki,1AKI,A,99,VAL,0.0701,0.0161
Lysozyme,1aki,1AKI,A,100,SER,0.0926,0.7981
Lysozyme,1aki,1AKI,A,101,ASP,0.1593,3.1163
Lysozyme,1aki,1AKI,A,102,GLY,0.2586,6.5676
Lysozyme,1aki,1AKI,A,103,ASN,0.1628,3.238
Lysozyme,1aki,1AKI,A,104,GLY,0.1052,1.236
Lysozyme,1aki,1AKI,A,105,MET,0.0714,0.0613
Lysozyme,1aki,1AKI,A,106,ASN,0.0774,0.2698
Lysozyme,1aki,1AKI,A,107,ALA,0.0929,0.8085
Lysozyme,1aki,1AKI,A,108,TRP,0.1052,1.236
Lysozyme,1aki,1AKI,A,109,VAL,0.1388,2.4038
Lysozyme,1aki,1AKI,A,110,ALA,0.0974,0.9649
Lysozyme,1aki,1AKI,A,111,TRP,0.0609,-0.3037
Lysozyme,1aki,1AKI,A,112,ARG,0.0724,0.096
Lysozyme,1aki,1AKI,A,113,ASN,0.0967,0.9406
Lysozyme,1aki,1AKI,A,114,ARG,0.0846,0.52
Lysozyme,1aki,1AKI,A,115,CYS,0.0599,-0.3384
Lysozyme,1aki,1AKI,A,116,LYS,0.0717,0.0717
Lysozyme,1aki,1AKI,A,117,GLY,0.1038,1.1874
Lysozyme,1aki,1AKI,A,118,THR,0.0783,0.3011
Lysozyme,1aki,1AKI,A,119,ASP,0.074,0.1516
Lysozyme,1aki,1AKI,A,120,VAL,0.0562,-0.467
Lysozyme,1aki,1AKI,A,121,GLN,0.0605,-0.3176
Lysozyme,1aki,1AKI,A,122,ALA,0.0655,-0.1438
Lysozyme,1aki,1AKI,A,123,TRP,0.0616,-0.2793
Lysozyme,1aki,1AKI,A,124,ILE,0.0604,-0.321
Lysozyme,1aki,1AKI,A,125,ARG,0.0793,0.3358
Lysozyme,1aki,1AKI,A,126,GLY,0.0915,0.7599
Lysozyme,1aki,1AKI,A,127,CYS,0.069,-0.0221
Lysozyme,1aki,1AKI,A,128,ARG,0.1008,1.0831
Lysozyme,1aki,1AKI,A,129,LEU,0.1106,1.4237
HPr,2jel,2JEL,A,1,MET,0.0501,-0.5331
HPr,2jel,2JEL,A,2,PHE,0.0389,-0.874
HPr,2jel,2JEL,A,3,GLN,0.0401,-0.8375
HPr,2jel,2JEL,A,4,GLN,0.0467,-0.6366
HPr,2jel,2JEL,A,5,GLU,0.0664,-0.037
HPr,2jel,2JEL,A,6,VAL,0.0735,0.1791
HPr,2jel,2JEL,A,7,THR,0.0552,-0.3779
HPr,2jel,2JEL,A,8,ILE,0.0625,-0.1557
HPr,2jel,2JEL,A,9,THR,0.0956,0.8518
HPr,2jel,2JEL,A,10,ALA,0.146,2.3859
HPr,2jel,2JEL,A,11,PRO,0.1864,3.6156
HPr,2jel,2JEL,A,12,ASN,0.1352,2.0571
HPr,2jel,2JEL,A,13,GLY,0.1059,1.1653
HPr,2jel,2JEL,A,14,LEU,0.0826,0.4561
HPr,2jel,2JEL,A,15,HIS,0.092,0.7422
HPr,2jel,2JEL,A,16,THR,0.0915,0.727
HPr,2jel,2JEL,A,17,ARG,0.0959,0.8609
HPr,2jel,2JEL,A,18,PRO,0.0798,0.3709
HPr,2jel,2JEL,A,19,ALA,0.0556,-0.3657
HPr,2jel,2JEL,A,20,ALA,0.0632,-0.1344
HPr,2jel,2JEL,A,21,GLN,0.0713,0.1122
HPr,2jel,2JEL,A,22,PHE,0.0582,-0.2866
HPr,2jel,2JEL,A,23,VAL,0.0493,-0.5575
HPr,2jel,2JEL,A,24,LYS,0.0629,-0.1435
HPr,2jel,2JEL,A,25,GLU,0.059,-0.2622
HPr,2jel,2JEL,A,26,ALA,0.0491,-0.5636
HPr,2jel,2JEL,A,27,LYS,0.0573,-0.314
HPr,2jel,2JEL,A,28,GLY,0.071,0.103
HPr,2jel,2JEL,A,29,PHE,0.0512,-0.4996
HPr,2jel,2JEL,A,30,THR,0.0553,-0.3749
HPr,2jel,2JEL,A,31,SER,0.0404,-0.8284
HPr,2jel,2JEL,A,32,GLU,0.0448,-0.6945
HPr,2jel,2JEL,A,33,ILE,0.0362,-0.9562
HPr,2jel,2JEL,A,34,THR,0.0392,-0.8649
HPr,2jel,2JEL,A,35,VAL,0.038,-0.9014
HPr,2jel,2JEL,A,36,THR,0.0393,-0.8619
HPr,2jel,2JEL,A,37,SER,0.0513,-0.4966
HPr,2jel,2JEL,A,38,ASN,0.1066,1.1866
HPr,2jel,2JEL,A,39,GLY,0.106,1.1684
HPr,2jel,2JEL,A,40,LYS,0.0662,-0.0431
HPr,2jel,2JEL,A,41,SER,0.0495,-0.5514
HPr,2jel,2JEL,A,42,ALA,0.0464,-0.6458
HPr,2jel,2JEL,A,43,SER,0.0454,-0.6762
HPr,2jel,2JEL,A,44,ALA,0.0472,-0.6214
HPr,2jel,2JEL,A,45,LYS,0.0539,-0.4175
HPr,2jel,2JEL,A,46,SER,0.0647,-0.0887
HPr,2jel,2JEL,A,47,LEU,0.0623,-0.1618
HPr,2jel,2JEL,A,48,PHE,0.0957,0.8548
HPr,2jel,2JEL,A,49,LYS,0.0717,0.1243
HPr,2jel,2JEL,A,50,LEU,0.0706,0.0908
HPr,2jel,2JEL,A,51,GLN,0.1054,1.1501
HPr,2jel,2JEL,A,52,THR,0.1057,1.1592
HPr,2jel,2JEL,A,53,LEU,0.0768,0.2796
HPr,2jel,2JEL,A,54,GLY,0.0721,0.1365
HPr,2jel,2JEL,A,55,LEU,0.059,-0.2622
HPr,2jel,2JEL,A,56,THR,0.0735,0.1791
HPr,2jel,2JEL,A,57,GLN,0.089,0.6509
HPr,2jel,2JEL,A,58,GLY,0.0679,0.0087
HPr,2jel,2JEL,A,59,THR,0.0483,-0.5879
HPr,2jel,2JEL,A,60,VAL,0.0472,-0.6214
HPr,2jel,2JEL,A,61,VAL,0.0445,-0.7036
HPr,2jel,2JEL,A,62,THR,0.0398,-0.8466
HPr,2jel,2JEL,A,63,ILE,0.0356,-0.9745
HPr,2jel,2JEL,A,64,SER,0.0364,-0.9501
HPr,2jel,2JEL,A,65,ALA,0.0341,-1.0201
HPr,2jel,2JEL,A,66,GLU,0.0411,-0.8071
HPr,2jel,2JEL,A,67,GLY,0.0462,-0.6518
HPr,2jel,2JEL,A,68,GLU,0.0577,-0.3018
HPr,2jel,2JEL,A,69,ASP,0.0417,-0.7888
HPr,2jel,2JEL,A,70,GLU,0.0346,-1.0049
HPr,2jel,2JEL,A,71,GLN,0.0496,-0.5484
HPr,2jel,2JEL,A,72,LYS,0.0538,-0.4205
HPr,2jel,2JEL,A,73,ALA,0.0472,-0.6214
HPr,2jel,2JEL,A,74,VAL,0.0404,-0.8284
HPr,2jel,2JEL,A,75,GLU,0.0522,-0.4692
HPr,2jel,2JEL,A,76,HIS,0.0531,-0.4418
HPr,2jel,2JEL,A,77,LEU,0.0459,-0.661
HPr,2jel,2JEL,A,78,VAL,0.0531,-0.4418
HPr,2jel,2JEL,A,79,LYS,0.069,0.0421
HPr,2jel,2JEL,A,80,LEU,0.0688,0.0361
HPr,2jel,2JEL,A,81,MET,0.0745,0.2096
HPr,2jel,2JEL,A,82,ALA,0.1005,1.0009
HPr,2jel,2JEL,A,83,GLU,0.0923,0.7514
HPr,2jel,2JEL,A,84,LEU,0.1375,2.1272
HPr,2jel,2JEL,A,85,GLU,0.2297,4.9335
VEGF,1bj1,1BJ1,A,14,VAL,2.9813,3.9649
VEGF,1bj1,1BJ1,A,15,VAL,2.8789,2.9967
VEGF,1bj1,1BJ1,A,16,LYS,2.8265,2.5013
VEGF,1bj1,1BJ1,A,17,PHE,2.7628,1.8991
VEGF,1bj1,1BJ1,A,18,MET,2.6896,1.207
VEGF,1bj1,1BJ1,A,19,ASP,2.7099,1.399
VEGF,1bj1,1BJ1,A,20,VAL,2.7149,1.4462
VEGF,1bj1,1BJ1,A,21,TYR,2.6487,0.8204
VEGF,1bj1,1BJ1,A,22,GLN,2.6062,0.4186
VEGF,1bj1,1BJ1,A,23,ARG,2.6265,0.6105
VEGF,1bj1,1BJ1,A,24,SER,2.6237,0.584
VEGF,1bj1,1BJ1,A,25,TYR,2.5629,0.0092
VEGF,1bj1,1BJ1,A,26,CYS,2.5114,-0.4777
VEGF,1bj1,1BJ1,A,27,HIS,2.5002,-0.5836
VEGF,1bj1,1BJ1,A,28,PRO,2.4949,-0.6337
VEGF,1bj1,1BJ1,A,29,ILE,2.5512,-0.1014
VEGF,1bj1,1BJ1,A,30,GLU,2.5736,0.1104
VEGF,1bj1,1BJ1,A,31,THR,2.5881,0.2474
VEGF,1bj1,1BJ1,A,32,LEU,2.6153,0.5046
VEGF,1bj1,1BJ1,A,33,VAL,2.5774,0.1463
VEGF,1bj1,1BJ1,A,34,ASP,2.5977,0.3382
VEGF,1bj1,1BJ1,A,35,ILE,2.5612,-0.0069
VEGF,1bj1,1BJ1,A,36,PHE,2.5846,0.2144
VEGF,1bj1,1BJ1,A,37,GLN,2.5563,-0.0532
VEGF,1bj1,1BJ1,A,38,GLU,2.513,-0.4626
VEGF,1bj1,1BJ1,A,39,TYR,2.5159,-0.4352
VEGF,1bj1,1BJ1,A,40,PRO,2.551,-0.1033
VEGF,1bj1,1BJ1,A,41,ASP,2.5489,-0.1232
VEGF,1bj1,1BJ1,A,42,GLU,2.5588,-0.0296
VEGF,1bj1,1BJ1,A,43,ILE,2.5994,0.3543
VEGF,1bj1,1BJ1,A,44,GLU,2.6237,0.584
VEGF,1bj1,1BJ1,A,45,TYR,2.6229,0.5764
VEGF,1bj1,1BJ1,A,46,ILE,2.6561,0.8903
VEGF,1bj1,1BJ1,A,47,PHE,2.6275,0.6199
VEGF,1bj1,1BJ1,A,48,LYS,2.6532,0.8629
VEGF,1bj1,1BJ1,A,49,PRO,2.65,0.8327
VEGF,1bj1,1BJ1,A,50,SER,2.6495,0.8279
VEGF,1bj1,1BJ1,A,51,CYS,2.6155,0.5065
VEGF,1bj1,1BJ1,A,52,VAL,2.5802,0.1728
VEGF,1bj1,1BJ1,A,53,PRO,2.5836,0.2049
VEGF,1bj1,1BJ1,A,54,LEU,2.5243,-0.3557
VEGF,1bj1,1BJ1,A,55,MET,2.505,-0.5382
VEGF,1bj1,1BJ1,A,56,ARG,2.4911,-0.6696
VEGF,1bj1,1BJ1,A,57,CYS,2.4857,-0.7207
VEGF,1bj1,1BJ1,A,58,GLY,2.5352,-0.2527
VEGF,1bj1,1BJ1,A,59,GLY,2.5679,0.0565
VEGF,1bj1,1BJ1,A,60,CYS,2.5792,0.1633
VEGF,1bj1,1BJ1,A,61,CYS,2.5411,-0.1969
VEGF,1bj1,1BJ1,A,62,ASN,2.5867,0.2342
VEGF,1bj1,1BJ1,A,63,ASP,2.5793,0.1642
VEGF,1bj1,1BJ1,A,64,GLU,2.6088,0.4431
VEGF,1bj1,1BJ1,A,65,GLY,2.5609,-0.0097
VEGF,1bj1,1BJ1,A,66,LEU,2.517,-0.4248
VEGF,1bj1,1BJ1,A,67,GLU,2.5107,-0.4843
VEGF,1bj1,1BJ1,A,68,CYS,2.4849,-0.7282
VEGF,1bj1,1BJ1,A,69,VAL,2.4458,-1.0979
VEGF,1bj1,1BJ1,A,70,PRO,2.4183,-1.3579
VEGF,1bj1,1BJ1,A,71,THR,2.3887,-1.6377
VEGF,1bj1,1BJ1,A,72,GLU,2.3878,-1.6462
VEGF,1bj1,1BJ1,A,73,GLU,2.3971,-1.5583
VEGF,1bj1,1BJ1,A,74,SER,2.4062,-1.4723
VEGF,1bj1,1BJ1,A,75,ASN,2.4198,-1.3437
VEGF,1bj1,1BJ1,A,76,ILE,2.4503,-1.0554
VEGF,1bj1,1BJ1,A,77,THR,2.4655,-0.9117
VEGF,1bj1,1BJ1,A,78,MET,2.5106,-0.4853
VEGF,1bj1,1BJ1,A,79,GLN,2.5377,-0.2291
VEGF,1bj1,1BJ1,A,80,ILE,2.5623,0.0035
VEGF,1bj1,1BJ1,A,81,MET,2.6008,0.3675
VEGF,1bj1,1BJ1,A,82,ARG,2.6015,0.3741
VEGF,1bj1,1BJ1,A,83,ILE,2.6513,0.8449
VEGF,1bj1,1BJ1,A,84,LYS,2.6664,0.9877
VEGF,1bj1,1BJ1,A,85,PRO,2.717,1.4661
VEGF,1bj1,1BJ1,A,86,HIS,2.7218,1.5115
VEGF,1bj1,1BJ1,A,87,GLN,2.6711,1.0321
VEGF,1bj1,1BJ1,A,88,GLY,2.6782,1.0993
VEGF,1bj1,1BJ1,A,89,GLN,2.6501,0.8336
VEGF,1bj1,1BJ1,A,90,HIS,2.5967,0.3287
VEGF,1bj1,1BJ1,A,91,ILE,2.5734,0.1085
VEGF,1bj1,1BJ1,A,92,GLY,2.525,-0.3491
VEGF,1bj1,1BJ1,A,93,GLU,2.4944,-0.6384
VEGF,1bj1,1BJ1,A,94,MET,2.4767,-0.8058
VEGF,1bj1,1BJ1,A,95,SER,2.447,-1.0866
VEGF,1bj1,1BJ1,A,96,PHE,2.4536,-1.0242
VEGF,1bj1,1BJ1,A,97,LEU,2.4337,-1.2123
VEGF,1bj1,1BJ1,A,98,GLN,2.4456,-1.0998
VEGF,1bj1,1BJ1,A,99,HIS,2.4347,-1.2028
VEGF,1bj1,1BJ1,A,100,ASN,2.4308,-1.2397
VEGF,1bj1,1BJ1,A,101,LYS,2.4213,-1.3295
VEGF,1bj1,1BJ1,A,102,CYS,2.4332,-1.217
VEGF,1bj1,1BJ1,A,103,GLU,2.4312,-1.2359
VEGF,1bj1,1BJ1,A,104,CYS,2.4606,-0.958
VEGF,1bj1,1BJ1,A,105,ARG,2.4487,-1.0705
VEGF,1bj1,1BJ1,A,106,PRO,2.4784,-0.7897
VEGF,1bj1,1BJ1,A,107,LYS,2.5171,-0.4238
IFN-gamma receptor,1jrh,1JRH,A,11,SER,0.1328,1.0253
IFN-gamma receptor,1jrh,1JRH,A,12,VAL,0.0725,-0.1886
IFN-gamma receptor,1jrh,1JRH,A,13,PRO,0.0708,-0.2228
IFN-gamma receptor,1jrh,1JRH,A,14,THR,0.0577,-0.4865
IFN-gamma receptor,1jrh,1JRH,A,15,PRO,0.0505,-0.6315
IFN-gamma receptor,1jrh,1JRH,A,16,THR,0.0578,-0.4845
IFN-gamma receptor,1jrh,1JRH,A,17,ASN,0.0672,-0.2953
IFN-gamma receptor,1jrh,1JRH,A,18,VAL,0.0548,-0.5449
IFN-gamma receptor,1jrh,1JRH,A,19,THR,0.0575,-0.4905
IFN-gamma receptor,1jrh,1JRH,A,20,ILE,0.0591,-0.4583
IFN-gamma receptor,1jrh,1JRH,A,21,GLU,0.0826,0.0147
IFN-gamma receptor,1jrh,1JRH,A,22,SER,0.103,0.4254
IFN-gamma receptor,1jrh,1JRH,A,23,TYR,0.2201,2.7826
IFN-gamma receptor,1jrh,1JRH,A,24,ASN,0.1921,2.219
IFN-gamma receptor,1jrh,1JRH,A,25,MET,0.2188,2.7565
IFN-gamma receptor,1jrh,1JRH,A,26,ASN,0.1183,0.7334
IFN-gamma receptor,1jrh,1JRH,A,27,PRO,0.0794,-0.0497
IFN-gamma receptor,1jrh,1JRH,A,28,ILE,0.0524,-0.5932
IFN-gamma receptor,1jrh,1JRH,A,29,VAL,0.0427,-0.7885
IFN-gamma receptor,1jrh,1JRH,A,30,TYR,0.0449,-0.7442
IFN-gamma receptor,1jrh,1JRH,A,31,TRP,0.0445,-0.7522
IFN-gamma receptor,1jrh,1JRH,A,32,GLU,0.0561,-0.5187
IFN-gamma receptor,1jrh,1JRH,A,33,TYR,0.0511,-0.6194
IFN-gamma receptor,1jrh,1JRH,A,34,GLN,0.0791,-0.0557
IFN-gamma receptor,1jrh,1JRH,A,35,ILE,0.1187,0.7414
IFN-gamma receptor,1jrh,1JRH,A,36,MET,0.1159,0.6851
IFN-gamma receptor,1jrh,1JRH,A,37,PRO,0.1438,1.2467
IFN-gamma receptor,1jrh,1JRH,A,38,GLN,0.1138,0.6428
IFN-gamma receptor,1jrh,1JRH,A,39,VAL,0.1025,0.4153
IFN-gamma receptor,1jrh,1JRH,A,40,PRO,0.0551,-0.5389
IFN-gamma receptor,1jrh,1JRH,A,41,VAL,0.042,-0.8026
IFN-gamma receptor,1jrh,1JRH,A,42,PHE,0.033,-0.9837
IFN-gamma receptor,1jrh,1JRH,A,43,THR,0.0361,-0.9213
IFN-gamma receptor,1jrh,1JRH,A,44,VAL,0.0374,-0.8952
IFN-gamma receptor,1jrh,1JRH,A,45,GLU,0.0399,-0.8448
IFN-gamma receptor,1jrh,1JRH,A,46,VAL,0.0438,-0.7663
IFN-gamma receptor,1jrh,1JRH,A,47,LYS,0.0596,-0.4483
IFN-gamma receptor,1jrh,1JRH,A,48,ASN,0.0585,-0.4704
IFN-gamma receptor,1jrh,1JRH,A,49,TYR,0.0953,0.2704
IFN-gamma receptor,1jrh,1JRH,A,50,GLY,0.1522,1.4158
IFN-gamma receptor,1jrh,1JRH,A,51,VAL,0.1895,2.1667
IFN-gamma receptor,1jrh,1JRH,A,52,LYS,0.1745,1.8647
IFN-gamma receptor,1jrh,1JRH,A,53,ASN,0.1723,1.8204
IFN-gamma receptor,1jrh,1JRH,A,54,SER,0.0942,0.2482
IFN-gamma receptor,1jrh,1JRH,A,55,GLU,0.0773,-0.092
IFN-gamma receptor,1jrh,1JRH,A,56,TRP,0.0621,-0.3979
IFN-gamma receptor,1jrh,1JRH,A,57,ILE,0.0641,-0.3577
IFN-gamma receptor,1jrh,1JRH,A,58,ASP,0.0496,-0.6496
IFN-gamma receptor,1jrh,1JRH,A,59,ALA,0.0492,-0.6576
IFN-gamma receptor,1jrh,1JRH,A,60,CYS,0.044,-0.7623
IFN-gamma receptor,1jrh,1JRH,A,61,ILE,0.0482,-0.6778
IFN-gamma receptor,1jrh,1JRH,A,62,ASN,0.0531,-0.5791
IFN-gamma receptor,1jrh,1JRH,A,63,ILE,0.0459,-0.7241
IFN-gamma receptor,1jrh,1JRH,A,64,SER,0.0591,-0.4583
IFN-gamma receptor,1jrh,1JRH,A,65,HIS,0.0609,-0.4221
IFN-gamma receptor,1jrh,1JRH,A,66,HIS,0.0453,-0.7361
IFN-gamma receptor,1jrh,1JRH,A,67,TYR,0.0472,-0.6979
IFN-gamma receptor,1jrh,1JRH,A,68,CYS,0.0425,-0.7925
IFN-gamma receptor,1jrh,1JRH,A,69,ASN,0.0527,-0.5872
IFN-gamma receptor,1jrh,1JRH,A,70,ILE,0.053,-0.5811
IFN-gamma receptor,1jrh,1JRH,A,71,SER,0.0769,-0.1
IFN-gamma receptor,1jrh,1JRH,A,72,ASP,0.092,0.204
IFN-gamma receptor,1jrh,1JRH,A,73,HIS,0.0815,-0.0074
IFN-gamma receptor,1jrh,1JRH,A,74,VAL,0.0895,0.1536
IFN-gamma receptor,1jrh,1JRH,A,75,GLY,0.0949,0.2623
IFN-gamma receptor,1jrh,1JRH,A,76,ASP,0.1262,0.8924
IFN-gamma receptor,1jrh,1JRH,A,77,PRO,0.1476,1.3232
IFN-gamma receptor,1jrh,1JRH,A,78,SER,0.1275,0.9186
IFN-gamma receptor,1jrh,1JRH,A,79,ASN,0.091,0.1838
IFN-gamma receptor,1jrh,1JRH,A,80,SER,0.0622,-0.3959
IFN-gamma receptor,1jrh,1JRH,A,81,LEU,0.0691,-0.257
IFN-gamma receptor,1jrh,1JRH,A,82,TRP,0.0603,-0.4342
IFN-gamma receptor,1jrh,1JRH,A,83,VAL,0.044,-0.7623
IFN-gamma receptor,1jrh,1JRH,A,84,ARG,0.0435,-0.7724
IFN-gamma receptor,1jrh,1JRH,A,85,VAL,0.0366,-0.9113
IFN-gamma receptor,1jrh,1JRH,A,86,LYS,0.0398,-0.8468
IFN-gamma receptor,1jrh,1JRH,A,87,ALA,0.0384,-0.875
IFN-gamma receptor,1jrh,1JRH,A,88,ARG,0.0448,-0.7462
IFN-gamma receptor,1jrh,1JRH,A,89,VAL,0.0653,-0.3335
IFN-gamma receptor,1jrh,1JRH,A,90,GLY,0.1072,0.5099
IFN-gamma receptor,1jrh,1JRH,A,91,GLN,0.1099,0.5643
IFN-gamma receptor,1jrh,1JRH,A,92,LYS,0.0713,-0.2127
IFN-gamma receptor,1jrh,1JRH,A,93,GLU,0.0535,-0.5711
IFN-gamma receptor,1jrh,1JRH,A,94,SER,0.0461,-0.72
IFN-gamma receptor,1jrh,1JRH,A,95,ALA,0.0586,-0.4684
IFN-gamma receptor,1jrh,1JRH,A,96,TYR,0.0548,-0.5449
IFN-gamma receptor,1jrh,1JRH,A,97,ALA,0.0554,-0.5328
IFN-gamma receptor,1jrh,1JRH,A,98,LYS,0.0615,-0.41
IFN-gamma receptor,1jrh,1JRH,A,99,SER,0.0628,-0.3839
IFN-gamma receptor,1jrh,1JRH,A,100,GLU,0.0805,-0.0275
IFN-gamma receptor,1jrh,1JRH,A,101,GLU,0.085,0.063
IFN-gamma receptor,1jrh,1JRH,A,102,PHE,0.0821,0.0047
IFN-gamma receptor,1jrh,1JRH,A,103,ALA,0.0955,0.2744
IFN-gamma receptor,1jrh,1JRH,A,104,VAL,0.1966,2.3096
IFN-gamma receptor,1jrh,1JRH,A,105,SER,0.3275,4.9446
Tissue factor,1ahw,1AHW,A,4,THR,0.4156,3.519
Tissue factor,1ahw,1AHW,A,5,ASN,0.195,0.8851
Tissue factor,1ahw,1AHW,A,6,THR,0.115,-0.0701
Tissue factor,1ahw,1AHW,A,7,VAL,0.1026,-0.2181
Tissue factor,1ahw,1AHW,A,8,ALA,0.0937,-0.3244
Tissue factor,1ahw,1AHW,A,9,ALA,0.0861,-0.4151
Tissue factor,1ahw,1AHW,A,10,TYR,0.0993,-0.2575
Tissue factor,1ahw,1AHW,A,11,ASN,0.1042,-0.199
Tissue factor,1ahw,1AHW,A,12,LEU,0.0839,-0.4414
Tissue factor,1ahw,1AHW,A,13,THR,0.0886,-0.3853
Tissue factor,1ahw,1AHW,A,14,TRP,0.0811,-0.4748
Tissue factor,1ahw,1AHW,A,15,LYS,0.0903,-0.365
Tissue factor,1ahw,1AHW,A,16,SER,0.0918,-0.3471
Tissue factor,1ahw,1AHW,A,17,THR,0.0871,-0.4032
Tissue factor,1ahw,1AHW,A,18,ASN,0.0858,-0.4187
Tissue factor,1ahw,1AHW,A,19,PHE,0.0837,-0.4438
Tissue factor,1ahw,1AHW,A,20,LYS,0.0842,-0.4378
Tissue factor,1ahw,1AHW,A,21,THR,0.0809,-0.4772
Tissue factor,1ahw,1AHW,A,22,ILE,0.077,-0.5238
Tissue factor,1ahw,1AHW,A,23,LEU,0.07,-0.6074
Tissue factor,1ahw,1AHW,A,24,GLU,0.0795,-0.4939
Tissue factor,1ahw,1AHW,A,25,TRP,0.0821,-0.4629
Tissue factor,1ahw,1AHW,A,26,GLU,0.0949,-0.3101
Tissue factor,1ahw,1AHW,A,27,PRO,0.1031,-0.2122
Tissue factor,1ahw,1AHW,A,28,LYS,0.1072,-0.1632
Tissue factor,1ahw,1AHW,A,29,PRO,0.1191,-0.0211
Tissue factor,1ahw,1AHW,A,30,VAL,0.121,0.0016
Tissue factor,1ahw,1AHW,A,31,ASN,0.1188,-0.0247
Tissue factor,1ahw,1AHW,A,32,GLN,0.095,-0.3089
Tissue factor,1ahw,1AHW,A,33,VAL,0.0816,-0.4689
Tissue factor,1ahw,1AHW,A,34,TYR,0.0682,-0.6289
Tissue factor,1ahw,1AHW,A,35,THR,0.0681,-0.63
Tissue factor,1ahw,1AHW,A,36,VAL,0.0633,-0.6874
Tissue factor,1ahw,1AHW,A,37,GLN,0.0719,-0.5847
Tissue factor,1ahw,1AHW,A,38,ILE,0.0732,-0.5692
Tissue factor,1ahw,1AHW,A,39,SER,0.0838,-0.4426
Tissue factor,1ahw,1AHW,A,40,THR,0.0948,-0.3113
Tissue factor,1ahw,1AHW,A,41,LYS,0.1133,-0.0904
Tissue factor,1ahw,1AHW,A,42,SER,0.1431,0.2654
Tissue factor,1ahw,1AHW,A,43,GLY,0.1227,0.0219
Tissue factor,1ahw,1AHW,A,44,ASP,0.1211,0.0028
Tissue factor,1ahw,1AHW,A,45,TRP,0.1005,-0.2432
Tissue factor,1ahw,1AHW,A,46,LYS,0.0949,-0.3101
Tissue factor,1ahw,1AHW,A,47,SER,0.0856,-0.4211
Tissue factor,1ahw,1AHW,A,48,LYS,0.0799,-0.4892
Tissue factor,1ahw,1AHW,A,49,CYS,0.0749,-0.5489
Tissue factor,1ahw,1AHW,A,50,PHE,0.085,-0.4283
Tissue factor,1ahw,1AHW,A,51,TYR,0.0877,-0.396
Tissue factor,1ahw,1AHW,A,52,THR,0.0858,-0.4187
Tissue factor,1ahw,1AHW,A,53,THR,0.0935,-0.3268
Tissue factor,1ahw,1AHW,A,54,ASP,0.0943,-0.3172
Tissue factor,1ahw,1AHW,A,55,THR,0.0819,-0.4653
Tissue factor,1ahw,1AHW,A,56,GLU,0.0806,-0.4808
Tissue factor,1ahw,1AHW,A,57,CYS,0.0698,-0.6098
Tissue factor,1ahw,1AHW,A,58,ASP,0.0725,-0.5775
Tissue factor,1ahw,1AHW,A,59,LEU,0.0665,-0.6492
Tissue factor,1ahw,1AHW,A,60,THR,0.0775,-0.5178
Tissue factor,1ahw,1AHW,A,61,ASP,0.086,-0.4163
Tissue factor,1ahw,1AHW,A,62,GLU,0.0819,-0.4653
Tissue factor,1ahw,1AHW,A,63,ILE,0.0784,-0.5071
Tissue factor,1ahw,1AHW,A,64,VAL,0.0872,-0.402
Tissue factor,1ahw,1AHW,A,65,LYS,0.0982,-0.2707
Tissue factor,1ahw,1AHW,A,66,ASP,0.093,-0.3328
Tissue factor,1ahw,1AHW,A,67,VAL,0.0839,-0.4414
Tissue factor,1ahw,1AHW,A,68,LYS,0.0941,-0.3196
Tissue factor,1ahw,1AHW,A,69,GLN,0.095,-0.3089
Tissue factor,1ahw,1AHW,A,70,THR,0.0896,-0.3733
Tissue factor,1ahw,1AHW,A,71,TYR,0.0789,-0.5011
Tissue factor,1ahw,1AHW,A,72,LEU,0.077,-0.5238
Tissue factor,1ahw,1AHW,A,73,ALA,0.0715,-0.5895
Tissue factor,1ahw,1AHW,A,74,ARG,0.0747,-0.5512
Tissue factor,1ahw,1AHW,A,75,VAL,0.0664,-0.6503
Tissue factor,1ahw,1AHW,A,76,PHE,0.07,-0.6074
Tissue factor,1ahw,1AHW,A,77,SER,0.074,-0.5596
Tissue factor,1ahw,1AHW,A,78,TYR,0.0886,-0.3853
Tissue factor,1ahw,1AHW,A,79,PRO,0.1026,-0.2181
Tissue factor,1ahw,1AHW,A,80,ALA,0.1212,0.0039
Tissue factor,1ahw,1AHW,A,81,GLY,0.2589,1.648
Tissue factor,1ahw,1AHW,A,82,ASN,0.396,3.285
Tissue factor,1ahw,1AHW,A,83,VAL,0.4188,3.5572
Tissue factor,1ahw,1AHW,A,84,GLU,0.4121,3.4772
Tissue factor,1ahw,1AHW,A,85,SER,0.4722,4.1948
Tissue factor,1ahw,1AHW,A,86,THR,0.5652,5.3052
Tissue factor,1ahw,1AHW,A,87,GLY,0.5948,5.6586
Tissue factor,1ahw,1AHW,A,88,SER,0.5151,4.707
Tissue factor,1ahw,1AHW,A,89,ALA,0.3783,3.0736
Tissue factor,1ahw,1AHW,A,90,GLY,0.2785,1.8821
Tissue factor,1ahw,1AHW,A,91,GLU,0.2117,1.0845
Tissue factor,1ahw,1AHW,A,92,PRO,0.1407,0.2368
Tissue factor,1ahw,1AHW,A,93,LEU,0.0937,-0.3244
Tissue factor,1ahw,1AHW,A,94,TYR,0.0861,-0.4151
Tissue factor,1ahw,1AHW,A,95,GLU,0.0884,-0.3877
Tissue factor,1ahw,1AHW,A,96,ASN,0.0916,-0.3495
Tissue factor,1ahw,1AHW,A,97,SER,0.0857,-0.4199
Tissue factor,1ahw,1AHW,A,98,PRO,0.0943,-0.3172
Tissue factor,1ahw,1AHW,A,99,GLU,0.0885,-0.3865
Tissue factor,1ahw,1AHW,A,100,PHE,0.0823,-0.4605
Tissue factor,1ahw,1AHW,A,101,THR,0.0848,-0.4307
Tissue factor,1ahw,1AHW,A,102,PRO,0.0795,-0.4939
Tissue factor,1ahw,1AHW,A,103,TYR,0.0837,-0.4438
Tissue factor,1ahw,1AHW,A,104,LEU,0.0939,-0.322
Tissue factor,1ahw,1AHW,A,105,GLU,0.0897,-0.3722
Tissue factor,1ahw,1AHW,A,106,THR,0.0851,-0.4271
Tissue factor,1ahw,1AHW,A,107,ASN,0.0932,-0.3304
Tissue factor,1ahw,1AHW,A,108,LEU,0.0933,-0.3292
Tissue factor,1ahw,1AHW,A,109,GLY,0.1112,-0.1154
Tissue factor,1ahw,1AHW,A,110,GLN,0.1007,-0.2408
Tissue factor,1ahw,1AHW,A,111,PRO,0.0819,-0.4653
Tissue factor,1ahw,1AHW,A,112,THR,0.0896,-0.3733
Tissue factor,1ahw,1AHW,A,113,ILE,0.0764,-0.5309
Tissue factor,1ahw,1AHW,A,114,GLN,0.0984,-0.2683
Tissue factor,1ahw,1AHW,A,115,SER,0.0935,-0.3268
Tissue factor,1ahw,1AHW,A,116,PHE,0.0856,-0.4211
Tissue factor,1ahw,1AHW,A,117,GLU,0.105,-0.1895
Tissue factor,1ahw,1AHW,A,118,GLN,0.1188,-0.0247
Tissue factor,1ahw,1AHW,A,119,VAL,0.1665,0.5448
Tissue factor,1ahw,1AHW,A,120,GLY,0.2027,0.977
Tissue factor,1ahw,1AHW,A,121,THR,0.1699,0.5854
Tissue factor,1ahw,1AHW,A,122,LYS,0.1252,0.0517
Tissue factor,1ahw,1AHW,A,123,VAL,0.0974,-0.2802
Tissue factor,1ahw,1AHW,A,124,ASN,0.0894,-0.3757
Tissue factor,1ahw,1AHW,A,125,VAL,0.0675,-0.6372
Tissue factor,1ahw,1AHW,A,126,THR,0.0786,-0.5047
Tissue factor,1ahw,1AHW,A,127,VAL,0.0814,-0.4713
Tissue factor,1ahw,1AHW,A,128,GLU,0.1166,-0.051
Tissue factor,1ahw,1AHW,A,129,ASP,0.1627,0.4994
Tissue factor,1ahw,1AHW,A,130,GLU,0.1512,0.3621
Tissue factor,1ahw,1AHW,A,131,ARG,0.1227,0.0219
Tissue factor,1ahw,1AHW,A,132,THR,0.1084,-0.1489
Tissue factor,1ahw,1AHW,A,133,LEU,0.1077,-0.1572
Tissue factor,1ahw,1AHW,A,134,VAL,0.1019,-0.2265
Tissue factor,1ahw,1AHW,A,135,ARG,0.1218,0.0111
Tissue factor,1ahw,1AHW,A,136,ARG,0.1653,0.5305
Tissue factor,1ahw,1AHW,A,137,ASN,0.2054,1.0093
Tissue factor,1ahw,1AHW,A,138,ASN,0.2123,1.0917
Tissue factor,1ahw,1AHW,A,139,THR,0.1679,0.5615
Tissue factor,1ahw,1AHW,A,140,PHE,0.126,0.0613
Tissue factor,1ahw,1AHW,A,141,LEU,0.1117,-0.1095
Tissue factor,1ahw,1AHW,A,142,SER,0.1161,-0.0569
Tissue factor,1ahw,1AHW,A,143,LEU,0.1065,-0.1716
Tissue factor,1ahw,1AHW,A,144,ARG,0.1048,-0.1919
Tissue factor,1ahw,1AHW,A,145,ASP,0.1021,-0.2241
Tissue factor,1ahw,1AHW,A,146,VAL,0.097,-0.285
Tissue factor,1ahw,1AHW,A,147,PHE,0.0875,-0.3984
Tissue factor,1ahw,1AHW,A,148,GLY,0.1057,-0.1811
Tissue factor,1ahw,1AHW,A,149,LYS,0.1338,0.1544
Tissue factor,1ahw,1AHW,A,150,ASP,0.0991,-0.2599
Tissue factor,1ahw,1AHW,A,151,LEU,0.0834,-0.4474
Tissue factor,1ahw,1AHW,A,152,ILE,0.0684,-0.6265
Tissue factor,1ahw,1AHW,A,153,TYR,0.0622,-0.7005
Tissue factor,1ahw,1AHW,A,154,THR,0.0555,-0.7805
Tissue factor,1ahw,1AHW,A,155,LEU,0.0506,-0.839
Tissue factor,1ahw,1AHW,A,156,TYR,0.0666,-0.648
Tissue factor,1ahw,1AHW,A,157,TYR,0.0768,-0.5262
Tissue factor,1ahw,1AHW,A,158,TRP,0.1054,-0.1847
Tissue factor,1ahw,1AHW,A,159,LYS,0.1246,0.0445
Tissue factor,1ahw,1AHW,A,160,SER,0.1679,0.5615
Tissue factor,1ahw,1AHW,A,161,SER,0.2535,1.5836
Tissue factor,1ahw,1AHW,A,162,SER,0.2374,1.3913
Tissue factor,1ahw,1AHW,A,163,SER,0.2456,1.4892
Tissue factor,1ahw,1AHW,A,164,GLY,0.2015,0.9627
Tissue factor,1ahw,1AHW,A,165,LYS,0.1346,0.1639
Tissue factor,1ahw,1AHW,A,166,LYS,0.1097,-0.1334
Tissue factor,1ahw,1AHW,A,167,THR,0.0889,-0.3817
Tissue factor,1ahw,1AHW,A,168,ALA,0.0809,-0.4772
Tissue factor,1ahw,1AHW,A,169,LYS,0.0762,-0.5333
Tissue factor,1ahw,1AHW,A,170,THR,0.0847,-0.4318
Tissue factor,1ahw,1AHW,A,171,ASN,0.1048,-0.1919
Tissue factor,1ahw,1AHW,A,172,THR,0.105,-0.1895
Tissue factor,1ahw,1AHW,A,173,ASN,0.0973,-0.2814
Tissue factor,1ahw,1AHW,A,174,GLU,0.0864,-0.4116
Tissue factor,1ahw,1AHW,A,175,PHE,0.0776,-0.5166
Tissue factor,1ahw,1AHW,A,176,LEU,0.1002,-0.2468
Tissue factor,1ahw,1AHW,A,177,ILE,0.1031,-0.2122
Tissue factor,1ahw,1AHW,A,178,ASP,0.1263,0.0648
Tissue factor,1ahw,1AHW,A,179,VAL,0.1266,0.0684
Tissue factor,1ahw,1AHW,A,180,ASP,0.1531,0.3848
Tissue factor,1ahw,1AHW,A,181,LYS,0.1802,0.7084
Tissue factor,1ahw,1AHW,A,182,GLY,0.1828,0.7394
Tissue factor,1ahw,1AHW,A,183,GLU,0.1458,0.2977
Tissue factor,1ahw,1AHW,A,184,ASN,0.1212,0.0039
Tissue factor,1ahw,1AHW,A,185,TYR,0.0969,-0.2862
Tissue factor,1ahw,1AHW,A,186,CYS,0.0836,-0.445
Tissue factor,1ahw,1AHW,A,187,PHE,0.0692,-0.6169
Tissue factor,1ahw,1AHW,A,188,SER,0.0698,-0.6098
Tissue factor,1ahw,1AHW,A,189,VAL,0.0595,-0.7327
Tissue factor,1ahw,1AHW,A,190,GLN,0.0639,-0.6802
Tissue factor,1ahw,1AHW,A,191,ALA,0.0714,-0.5906
Tissue factor,1ahw,1AHW,A,192,VAL,0.0707,-0.599
Tissue factor,1ahw,1AHW,A,193,ILE,0.0813,-0.4724
Tissue factor,1ahw,1AHW,A,194,PRO,0.109,-0.1417
Tissue factor,1ahw,1AHW,A,195,SER,0.1287,0.0935
Tissue factor,1ahw,1AHW,A,196,ARG,0.1139,-0.0832
Tissue factor,1ahw,1AHW,A,197,THR,0.1408,0.238
Tissue factor,1ahw,1AHW,A,198,VAL,0.1195,-0.0163
Tissue factor,1ahw,1AHW,A,199,ASN,0.0978,-0.2754
Tissue factor,1ahw,1AHW,A,200,ARG,0.0911,-0.3554
Tissue factor,1ahw,1AHW,A,201,LYS,0.0861,-0.4151
Tissue factor,1ahw,1AHW,A,202,SER,0.0904,-0.3638
Tissue factor,1ahw,1AHW,A,203,THR,0.1057,-0.1811
Tissue factor,1ahw,1AHW,A,204,ASP,0.0948,-0.3113
Tissue factor,1ahw,1AHW,A,205,SER,0.1072,-0.1632
Tissue factor,1ahw,1AHW,A,206,PRO,0.147,0.312
Tissue factor,1ahw,1AHW,A,207,VAL,0.1235,0.0314
Tissue factor,1ahw,1AHW,A,208,GLU,0.1081,-0.1525
Tissue factor,1ahw,1AHW,A,209,CYS,0.0943,-0.3172
Tissue factor,1ahw,1AHW,A,210,MET,0.1126,-0.0987
Tissue factor,1ahw,1AHW,A,211,GLY,0.2044,0.9973
human growth hormone,1hgu,1HGU,A,2,PRO,0.5473,2.2713
human growth hormone,1hgu,1HGU,A,3,THR,0.3581,1.0334
human growth hormone,1hgu,1HGU,A,4,ILE,0.2335,0.2182
human growth hormone,1hgu,1HGU,A,5,PRO,0.1824,-0.1161
human growth hormone,1hgu,1HGU,A,6,LEU,0.1367,-0.4151
human growth hormone,1hgu,1HGU,A,7,SER,0.16,-0.2627
human growth hormone,1hgu,1HGU,A,8,ARG,0.1426,-0.3765
human growth hormone,1hgu,1HGU,A,9,LEU,0.116,-0.5506
human growth hormone,1hgu,1HGU,A,10,PHE,0.0974,-0.6722
human growth hormone,1hgu,1HGU,A,11,GLN,0.112,-0.5767
human growth hormone,1hgu,1HGU,A,12,ASN,0.1118,-0.578
human growth hormone,1hgu,1HGU,A,13,ALA,0.0811,-0.7789
human growth hormone,1hgu,1HGU,A,14,MET,0.0824,-0.7704
human growth hormone,1hgu,1HGU,A,15,LEU,0.0946,-0.6906
human growth hormone,1hgu,1HGU,A,16,ARG,0.0808,-0.7809
human growth hormone,1hgu,1HGU,A,17,ALA,0.0703,-0.8496
human growth hormone,1hgu,1HGU,A,18,HIS,0.078,-0.7992
human growth hormone,1hgu,1HGU,A,19,ARG,0.0817,-0.775
human growth hormone,1hgu,1HGU,A,20,LEU,0.0756,-0.8149
human growth hormone,1hgu,1HGU,A,21,HIS,0.0796,-0.7887
human growth hormone,1hgu,1HGU,A,22,GLN,0.0887,-0.7292
human growth hormone,1hgu,1HGU,A,23,LEU,0.0925,-0.7043
human growth hormone,1hgu,1HGU,A,24,ALA,0.0879,-0.7344
human growth hormone,1hgu,1HGU,A,25,PHE,0.0913,-0.7122
human growth hormone,1hgu,1HGU,A,26,ASP,0.1019,-0.6428
human growth hormone,1hgu,1HGU,A,27,THR,0.1059,-0.6166
human growth hormone,1hgu,1HGU,A,28,TYR,0.103,-0.6356
human growth hormone,1hgu,1HGU,A,29,GLU,0.126,-0.4851
human growth hormone,1hgu,1HGU,A,30,GLU,0.1315,-0.4491
human growth hormone,1hgu,1HGU,A,31,PHE,0.1288,-0.4668
human growth hormone,1hgu,1HGU,A,32,GLU,0.156,-0.2888
human growth hormone,1hgu,1HGU,A,33,GLU,0.1832,-0.1109
human growth hormone,1hgu,1HGU,A,34,ALA,0.1795,-0.1351
human growth hormone,1hgu,1HGU,A,35,TYR,0.1637,-0.2385
human growth hormone,1hgu,1HGU,A,36,ILE,0.1616,-0.2522
human growth hormone,1hgu,1HGU,A,37,PRO,0.183,-0.1122
human growth hormone,1hgu,1HGU,A,38,LYS,0.1874,-0.0834
human growth hormone,1hgu,1HGU,A,39,GLU,0.2818,0.5342
human growth hormone,1hgu,1HGU,A,40,GLN,0.3325,0.8659
human growth hormone,1hgu,1HGU,A,41,LYS,0.3695,1.108
human growth hormone,1hgu,1HGU,A,42,TYR,0.5414,2.2327
human growth hormone,1hgu,1HGU,A,43,SER,0.5136,2.0508
human growth hormone,1hgu,1HGU,A,44,PHE,0.2949,0.6199
human growth hormone,1hgu,1HGU,A,45,LEU,0.2837,0.5467
human growth hormone,1hgu,1HGU,A,46,GLN,0.3505,0.9837
human growth hormone,1hgu,1HGU,A,47,ALA,0.2937,0.6121
human growth hormone,1hgu,1HGU,A,48,PRO,0.3437,0.9392
human growth hormone,1hgu,1HGU,A,49,GLN,0.3593,1.0413
human growth hormone,1hgu,1HGU,A,50,ALA,0.252,0.3393
human growth hormone,1hgu,1HGU,A,51,SER,0.2061,0.0389
human growth hormone,1hgu,1HGU,A,52,LEU,0.1605,-0.2594
human growth hormone,1hgu,1HGU,A,53,CYS,0.1126,-0.5728
human growth hormone,1hgu,1HGU,A,54,PHE,0.118,-0.5375
human growth hormone,1hgu,1HGU,A,55,SER,0.1227,-0.5067
human growth hormone,1hgu,1HGU,A,56,GLU,0.1758,-0.1593
human growth hormone,1hgu,1HGU,A,57,SER,0.1544,-0.2993
human growth hormone,1hgu,1HGU,A,58,ILE,0.1411,-0.3863
human growth hormone,1hgu,1HGU,A,59,PRO,0.2399,0.2601
human growth hormone,1hgu,1HGU,A,60,THR,0.2983,0.6422
human growth hormone,1hgu,1HGU,A,61,PRO,0.3508,0.9857
human growth hormone,1hgu,1HGU,A,62,SER,0.4393,1.5647
human growth hormone,1hgu,1HGU,A,63,ASN,0.6106,2.6855
human growth hormone,1hgu,1HGU,A,64,ARG,0.694,3.2311
human growth hormone,1hgu,1HGU,A,65,GLU,0.5223,2.1077
human growth hormone,1hgu,1HGU,A,66,GLN,0.4627,1.7178
human growth hormone,1hgu,1HGU,A,67,ALA,0.4163,1.4142
human growth hormone,1hgu,1HGU,A,68,GLN,0.3209,0.79
human growth hormone,1hgu,1HGU,A,69,GLN,0.212,0.0775
human growth hormone,1hgu,1HGU,A,70,LYS,0.1731,-0.177
human growth hormone,1hgu,1HGU,A,71,SER,0.156,-0.2888
human growth hormone,1hgu,1HGU,A,72,ASN,0.1176,-0.5401
human growth hormone,1hgu,1HGU,A,73,LEU,0.117,-0.544
human growth hormone,1hgu,1HGU,A,74,GLN,0.1163,-0.5486
human growth hormone,1hgu,1HGU,A,75,LEU,0.0956,-0.684
human growth hormone,1hgu,1HGU,A,76,LEU,0.0822,-0.7717
human growth hormone,1hgu,1HGU,A,77,ARG,0.0882,-0.7324
human growth hormone,1hgu,1HGU,A,78,ILE,0.0869,-0.7409
human growth hormone,1hgu,1HGU,A,79,SER,0.0712,-0.8437
human growth hormone,1hgu,1HGU,A,80,LEU,0.0722,-0.8371
human growth hormone,1hgu,1HGU,A,81,LEU,0.0815,-0.7763
human growth hormone,1hgu,1HGU,A,82,LEU,0.0747,-0.8208
human growth hormone,1hgu,1HGU,A,83,ILE,0.0678,-0.8659
human growth hormone,1hgu,1HGU,A,84,GLN,0.0756,-0.8149
human growth hormone,1hgu,1HGU,A,85,SER,0.0829,-0.7671
human growth hormone,1hgu,1HGU,A,86,TRP,0.086,-0.7468
human growth hormone,1hgu,1HGU,A,87,LEU,0.088,-0.7337
human growth hormone,1hgu,1HGU,A,88,GLU,0.0869,-0.7409
human growth hormone,1hgu,1HGU,A,89,PRO,0.0847,-0.7553
human growth hormone,1hgu,1HGU,A,90,VAL,0.0887,-0.7292
human growth hormone,1hgu,1HGU,A,91,GLY,0.0989,-0.6624
human growth hormone,1hgu,1HGU,A,92,PHE,0.0959,-0.6821
human growth hormone,1hgu,1HGU,A,93,LEU,0.0957,-0.6834
human growth hormone,1hgu,1HGU,A,94,ARG,0.1297,-0.4609
human growth hormone,1hgu,1HGU,A,95,SER,0.146,-0.3543
human growth hormone,1hgu,1HGU,A,96,VAL,0.1172,-0.5427
human growth hormone,1hgu,1HGU,A,97,PHE,0.1091,-0.5957
human growth hormone,1hgu,1HGU,A,98,ALA,0.1242,-0.4969
human growth hormone,1hgu,1HGU,A,99,ASN,0.1271,-0.4779
human growth hormone,1hgu,1HGU,A,100,SER,0.1586,-0.2718
human growth hormone,1hgu,1HGU,A,101,LEU,0.1984,-0.0114
human growth hormone,1hgu,1HGU,A,102,VAL,0.239,0.2542
human growth hormone,1hgu,1HGU,A,103,TYR,0.3303,0.8515
human growth hormone,1hgu,1HGU,A,104,GLY,0.3634,1.0681
human growth hormone,1hgu,1HGU,A,105,ALA,0.3558,1.0184
human growth hormone,1hgu,1HGU,A,106,SER,0.2762,0.4976
human growth hormone,1hgu,1HGU,A,107,ASP,0.1905,-0.0631
human growth hormone,1hgu,1HGU,A,108,SER,0.1564,-0.2862
human growth hormone,1hgu,1HGU,A,109,ASP,0.1735,-0.1744
human growth hormone,1hgu,1HGU,A,110,VAL,0.1247,-0.4936
human growth hormone,1hgu,1HGU,A,111,TYR,0.1066,-0.6121
human growth hormone,1hgu,1HGU,A,112,ASP,0.1196,-0.527
human growth hormone,1hgu,1HGU,A,113,LEU,0.09,-0.7207
human growth hormone,1hgu,1HGU,A,114,LEU,0.0721,-0.8378
human growth hormone,1hgu,1HGU,A,115,LYS,0.0913,-0.7122
human growth hormone,1hgu,1HGU,A,116,ASP,0.0967,-0.6768
human growth hormone,1hgu,1HGU,A,117,LEU,0.0761,-0.8116
human growth hormone,1hgu,1HGU,A,118,GLU,0.0806,-0.7822
human growth hormone,1hgu,1HGU,A,119,GLU,0.1041,-0.6284
human growth hormone,1hgu,1HGU,A,120,GLY,0.099,-0.6618
human growth hormone,1hgu,1HGU,A,121,ILE,0.0835,-0.7632
human growth hormone,1hgu,1HGU,A,122,GLN,0.1018,-0.6435
human growth hormone,1hgu,1HGU,A,123,THR,0.1199,-0.525
human growth hormone,1hgu,1HGU,A,124,LEU,0.1116,-0.5793
human growth hormone,1hgu,1HGU,A,125,MET,0.1114,-0.5807
human growth hormone,1hgu,1HGU,A,126,GLY,0.1511,-0.3209
human growth hormone,1hgu,1HGU,A,127,ARG,0.1688,-0.2051
human growth hormone,1hgu,1HGU,A,128,LEU,0.1766,-0.1541
human growth hormone,1hgu,1HGU,A,129,GLU,0.2531,0.3464
human growth hormone,1hgu,1HGU,A,130,ASP,0.4013,1.3161
human growth hormone,1hgu,1HGU,A,131,GLY,0.4569,1.6798
human growth hormone,1hgu,1HGU,A,132,SER,0.3688,1.1034
human growth hormone,1hgu,1HGU,A,133,PRO,0.4228,1.4567
human growth hormone,1hgu,1HGU,A,134,ARG,0.4021,1.3213
human growth hormone,1hgu,1HGU,A,135,THR,0.5222,2.1071
human growth hormone,1hgu,1HGU,A,136,GLY,0.6861,3.1794
human growth hormone,1hgu,1HGU,A,137,GLN,0.6607,3.0132
human growth hormone,1hgu,1HGU,A,138,ALA,0.6151,2.7149
human growth hormone,1hgu,1HGU,A,139,PHE,0.5113,2.0358
human growth hormone,1hgu,1HGU,A,140,LYS,0.3966,1.2853
human growth hormone,1hgu,1HGU,A,141,GLN,0.2727,0.4747
human growth hormone,1hgu,1HGU,A,142,THR,0.2367,0.2391
human growth hormone,1hgu,1HGU,A,143,TYR,0.158,-0.2758
human growth hormone,1hgu,1HGU,A,144,ALA,0.1339,-0.4334
human growth hormone,1hgu,1HGU,A,145,LYS,0.1481,-0.3405
human growth hormone,1hgu,1HGU,A,146,PHE,0.1541,-0.3013
human growth hormone,1hgu,1HGU,A,147,ASP,0.1588,-0.2705
human growth hormone,1hgu,1HGU,A,148,ALA,0.2075,0.0481
human growth hormone,1hgu,1HGU,A,149,ASN,0.2856,0.5591
human growth hormone,1hgu,1HGU,A,150,SER,0.4699,1.7649
human growth hormone,1hgu,1HGU,A,151,HIS,0.5919,2.5631
human growth hormone,1hgu,1HGU,A,152,ASN,0.6343,2.8405
human growth hormone,1hgu,1HGU,A,153,ASP,0.5734,2.4421
human growth hormone,1hgu,1HGU,A,154,ASP,0.2633,0.4132
human growth hormone,1hgu,1HGU,A,155,ALA,0.1209,-0.5185
human growth hormone,1hgu,1HGU,A,156,LEU,0.1157,-0.5525
human growth hormone,1hgu,1HGU,A,157,LEU,0.1232,-0.5034
human growth hormone,1hgu,1HGU,A,158,LYS,0.1019,-0.6428
human growth hormone,1hgu,1HGU,A,159,ASN,0.0843,-0.758
human growth hormone,1hgu,1HGU,A,160,TYR,0.0956,-0.684
human growth hormone,1hgu,1HGU,A,161,GLY,0.0953,-0.686
human growth hormone,1hgu,1HGU,A,162,LEU,0.0861,-0.7462
human growth hormone,1hgu,1HGU,A,163,LEU,0.0867,-0.7423
human growth hormone,1hgu,1HGU,A,164,TYR,0.082,-0.773
human growth hormone,1hgu,1HGU,A,165,CYS,0.092,-0.7076
human growth hormone,1hgu,1HGU,A,166,PHE,0.098,-0.6683
human growth hormone,1hgu,1HGU,A,167,ARG,0.0872,-0.739
human growth hormone,1hgu,1HGU,A,168,LYS,0.0934,-0.6984
human growth hormone,1hgu,1HGU,A,169,ASP,0.0832,-0.7652
human growth hormone,1hgu,1HGU,A,170,MET,0.0719,-0.8391
human growth hormone,1hgu,1HGU,A,171,ASP,0.0765,-0.809
human growth hormone,1hgu,1HGU,A,172,LYS,0.0757,-0.8142
human growth hormone,1hgu,1HGU,A,173,VAL,0.0661,-0.877
human growth hormone,1hgu,1HGU,A,174,GLU,0.0659,-0.8783
human growth hormone,1hgu,1HGU,A,175,THR,0.0721,-0.8378
human growth hormone,1hgu,1HGU,A,176,PHE,0.076,-0.8123
human growth hormone,1hgu,1HGU,A,177,LEU,0.0746,-0.8214
human growth hormone,1hgu,1HGU,A,178,ARG,0.0849,-0.754
human growth hormone,1hgu,1HGU,A,179,ILE,0.0937,-0.6965
human growth hormone,1hgu,1HGU,A,180,VAL,0.1042,-0.6278
human growth hormone,1hgu,1HGU,A,181,GLN,0.1195,-0.5277
human growth hormone,1hgu,1HGU,A,182,CYS,0.1278,-0.4734
human growth hormone,1hgu,1HGU,A,183,ARG,0.1319,-0.4465
human growth hormone,1hgu,1HGU,A,184,SER,0.1691,-0.2031
human growth hormone,1hgu,1HGU,A,185,VAL,0.2138,0.0893
human growth hormone,1hgu,1HGU,A,186,GLU,0.2728,0.4753
human growth hormone,1hgu,1HGU,A,187,GLY,0.3685,1.1015
human growth hormone,1hgu,1HGU,A,188,SER,0.4097,1.371
human growth hormone,1hgu,1HGU,A,189,CYS,0.3594,1.0419
human growth hormone,1hgu,1HGU,A,190,GLY,0.63,2.8124
