antigen,key,pdb,chain,resid,resname,sasa,rel_sasa
Lysozyme,lysozyme,1AKI,A,1,LYS,62.77,0.2660
Lysozyme,lysozyme,1AKI,A,2,VAL,60.62,0.3484
Lysozyme,lysozyme,1AKI,A,3,PHE,2.42,0.0101
Lysozyme,lysozyme,1AKI,A,4,GLY,24.04,0.2311
Lysozyme,lysozyme,1AKI,A,5,ARG,48.92,0.1785
Lysozyme,lysozyme,1AKI,A,6,CYS,22.26,0.1333
Lysozyme,lysozyme,1AKI,A,7,GLU,66.01,0.2960
Lysozyme,lysozyme,1AKI,A,8,LEU,0.00,0.0000
Lysozyme,lysozyme,1AKI,A,9,ALA,0.00,0.0000
Lysozyme,lysozyme,1AKI,A,10,ALA,4.83,0.0374
Lysozyme,lysozyme,1AKI,A,11,ALA,0.00,0.0000
Lysozyme,lysozyme,1AKI,A,12,MET,2.42,0.0108
Lysozyme,lysozyme,1AKI,A,13,LYS,53.34,0.2260
Lysozyme,lysozyme,1AKI,A,14,ARG,99.30,0.3624
Lysozyme,lysozyme,1AKI,A,15,HIS,42.91,0.1915
Lysozyme,lysozyme,1AKI,A,16,GLY,29.10,0.2798
Lysozyme,lysozyme,1AKI,A,17,LEU,0.00,0.0000
Lysozyme,lysozyme,1AKI,A,18,ASP,48.49,0.2512
Lysozyme,lysozyme,1AKI,A,19,ASN,88.60,0.4544
Lysozyme,lysozyme,1AKI,A,20,TYR,48.41,0.1841
Lysozyme,lysozyme,1AKI,A,21,ARG,111.46,0.4068
Lysozyme,lysozyme,1AKI,A,22,GLY,46.17,0.4440
Lysozyme,lysozyme,1AKI,A,23,TYR,38.74,0.1473
Lysozyme,lysozyme,1AKI,A,24,SER,29.12,0.1879
Lysozyme,lysozyme,1AKI,A,25,LEU,1.21,0.0060
Lysozyme,lysozyme,1AKI,A,26,GLY,0.00,0.0000
Lysozyme,lysozyme,1AKI,A,27,ASN,2.19,0.0112
Lysozyme,lysozyme,1AKI,A,28,TRP,1.21,0.0042
Lysozyme,lysozyme,1AKI,A,29,VAL,0.00,0.0000
Lysozyme,lysozyme,1AKI,A,30,CYS,0.00,0.0000
Lysozyme,lysozyme,1AKI,A,31,ALA,0.00,0.0000
Lysozyme,lysozyme,1AKI,A,32,ALA,0.00,0.0000
Lysozyme,lysozyme,1AKI,A,33,LYS,54.32,0.2302
Lysozyme,lysozyme,1AKI,A,34,PHE,56.20,0.2341
Lysozyme,lysozyme,1AKI,A,35,GLU,18.35,0.0823
Lysozyme,lysozyme,1AKI,A,36,SER,12.19,0.0787
Lysozyme,lysozyme,1AKI,A,37,ASN,63.41,0.3252
Lysozyme,lysozyme,1AKI,A,38,PHE,2.42,0.0101
Lysozyme,lysozyme,1AKI,A,39,ASN,49.56,0.2541
Lysozyme,lysozyme,1AKI,A,40,THR,0.00,0.0000
Lysozyme,lysozyme,1AKI,A,41,GLN,111.73,0.4966
Lysozyme,lysozyme,1AKI,A,42,ALA,21.74,0.1685
Lysozyme,lysozyme,1AKI,A,43,THR,64.51,0.3750
Lysozyme,lysozyme,1AKI,A,44,ASN,60.92,0.3124
Lysozyme,lysozyme,1AKI,A,45,ARG,91.24,0.3330
Lysozyme,lysozyme,1AKI,A,46,ASN,27.91,0.1431
Lysozyme,lysozyme,1AKI,A,47,THR,107.72,0.6263
Lysozyme,lysozyme,1AKI,A,48,ASP,40.63,0.2105
Lysozyme,lysozyme,1AKI,A,49,GLY,3.62,0.0348
Lysozyme,lysozyme,1AKI,A,50,SER,0.00,0.0000
Lysozyme,lysozyme,1AKI,A,51,THR,7.77,0.0452
Lysozyme,lysozyme,1AKI,A,52,ASP,7.50,0.0389
Lysozyme,lysozyme,1AKI,A,53,TYR,13.67,0.0520
Lysozyme,lysozyme,1AKI,A,54,GLY,0.00,0.0000
Lysozyme,lysozyme,1AKI,A,55,ILE,3.62,0.0184
Lysozyme,lysozyme,1AKI,A,56,LEU,1.21,0.0060
Lysozyme,lysozyme,1AKI,A,57,GLN,7.50,0.0333
Lysozyme,lysozyme,1AKI,A,58,ILE,0.00,0.0000
Lysozyme,lysozyme,1AKI,A,59,ASN,5.92,0.0304
Lysozyme,lysozyme,1AKI,A,60,SER,0.00,0.0000
Lysozyme,lysozyme,1AKI,A,61,ARG,79.95,0.2918
Lysozyme,lysozyme,1AKI,A,62,TRP,111.81,0.3923
Lysozyme,lysozyme,1AKI,A,63,TRP,28.18,0.0989
Lysozyme,lysozyme,1AKI,A,64,CYS,0.00,0.0000
Lysozyme,lysozyme,1AKI,A,65,ASN,21.10,0.1082
Lysozyme,lysozyme,1AKI,A,66,ASP,10.71,0.0555
Lysozyme,lysozyme,1AKI,A,67,GLY,43.83,0.4214
Lysozyme,lysozyme,1AKI,A,68,ARG,104.95,0.3830
Lysozyme,lysozyme,1AKI,A,69,THR,3.21,0.0187
Lysozyme,lysozyme,1AKI,A,70,PRO,68.56,0.4312
Lysozyme,lysozyme,1AKI,A,71,GLY,35.61,0.3424
Lysozyme,lysozyme,1AKI,A,72,SER,37.98,0.2450
Lysozyme,lysozyme,1AKI,A,73,ARG,117.75,0.4297
Lysozyme,lysozyme,1AKI,A,74,ASN,14.20,0.0728
Lysozyme,lysozyme,1AKI,A,75,LEU,75.64,0.3763
Lysozyme,lysozyme,1AKI,A,76,CYS,3.21,0.0192
Lysozyme,lysozyme,1AKI,A,77,ASN,114.70,0.5882
Lysozyme,lysozyme,1AKI,A,78,ILE,16.91,0.0858
Lysozyme,lysozyme,1AKI,A,79,PRO,44.68,0.2810
Lysozyme,lysozyme,1AKI,A,80,CYS,0.00,0.0000
Lysozyme,lysozyme,1AKI,A,81,SER,69.97,0.4514
Lysozyme,lysozyme,1AKI,A,82,ALA,21.74,0.1685
Lysozyme,lysozyme,1AKI,A,83,LEU,0.00,0.0000
Lysozyme,lysozyme,1AKI,A,84,LEU,42.66,0.2122
Lysozyme,lysozyme,1AKI,A,85,SER,33.51,0.2162
Lysozyme,lysozyme,1AKI,A,86,SER,52.62,0.3395
Lysozyme,lysozyme,1AKI,A,87,ASP,65.17,0.3377
Lysozyme,lysozyme,1AKI,A,88,ILE,0.00,0.0000
Lysozyme,lysozyme,1AKI,A,89,THR,44.66,0.2597
Lysozyme,lysozyme,1AKI,A,90,ALA,12.08,0.0936
Lysozyme,lysozyme,1AKI,A,91,SER,0.00,0.0000
Lysozyme,lysozyme,1AKI,A,92,VAL,2.42,0.0139
Lysozyme,lysozyme,1AKI,A,93,ASN,52.31,0.2682
Lysozyme,lysozyme,1AKI,A,94,CYS,0.00,0.0000
Lysozyme,lysozyme,1AKI,A,95,ALA,0.00,0.0000
Lysozyme,lysozyme,1AKI,A,96,LYS,37.84,0.1604
Lysozyme,lysozyme,1AKI,A,97,LYS,76.47,0.3240
Lysozyme,lysozyme,1AKI,A,98,ILE,0.00,0.0000
Lysozyme,lysozyme,1AKI,A,99,VAL,0.00,0.0000
Lysozyme,lysozyme,1AKI,A,100,SER,22.52,0.1453
Lysozyme,lysozyme,1AKI,A,101,ASP,73.13,0.3789
Lysozyme,lysozyme,1AKI,A,102,GLY,54.41,0.5232
Lysozyme,lysozyme,1AKI,A,103,ASN,96.73,0.4961
Lysozyme,lysozyme,1AKI,A,104,GLY,3.51,0.0337
Lysozyme,lysozyme,1AKI,A,105,MET,0.00,0.0000
Lysozyme,lysozyme,1AKI,A,106,ASN,35.73,0.1832
Lysozyme,lysozyme,1AKI,A,107,ALA,38.90,0.3016
Lysozyme,lysozyme,1AKI,A,108,TRP,0.00,0.0000
Lysozyme,lysozyme,1AKI,A,109,VAL,45.89,0.2637
Lysozyme,lysozyme,1AKI,A,110,ALA,2.42,0.0187
Lysozyme,lysozyme,1AKI,A,111,TRP,6.04,0.0212
Lysozyme,lysozyme,1AKI,A,112,ARG,61.20,0.2234
Lysozyme,lysozyme,1AKI,A,113,ASN,57.77,0.2963
Lysozyme,lysozyme,1AKI,A,114,ARG,76.47,0.2791
Lysozyme,lysozyme,1AKI,A,115,CYS,0.00,0.0000
Lysozyme,lysozyme,1AKI,A,116,LYS,91.41,0.3873
Lysozyme,lysozyme,1AKI,A,117,GLY,76.47,0.7353
Lysozyme,lysozyme,1AKI,A,118,THR,59.41,0.3454
Lysozyme,lysozyme,1AKI,A,119,ASP,73.32,0.3799
Lysozyme,lysozyme,1AKI,A,120,VAL,14.38,0.0826
Lysozyme,lysozyme,1AKI,A,121,GLN,95.81,0.4258
Lysozyme,lysozyme,1AKI,A,122,ALA,36.87,0.2858
Lysozyme,lysozyme,1AKI,A,123,TRP,39.85,0.1398
Lysozyme,lysozyme,1AKI,A,124,ILE,13.28,0.0674
Lysozyme,lysozyme,1AKI,A,125,ARG,125.68,0.4587
Lysozyme,lysozyme,1AKI,A,126,GLY,75.82,0.7291
Lysozyme,lysozyme,1AKI,A,127,CYS,10.71,0.0642
Lysozyme,lysozyme,1AKI,A,128,ARG,164.92,0.6019
Lysozyme,lysozyme,1AKI,A,129,LEU,58.06,0.2889
HPr,hpr,2JEL,P,1,MET,125.51,0.5603
HPr,hpr,2JEL,P,2,PHE,68.83,0.2868
HPr,hpr,2JEL,P,3,GLN,111.21,0.4943
HPr,hpr,2JEL,P,4,GLN,62.92,0.2796
HPr,hpr,2JEL,P,5,GLU,120.28,0.5394
HPr,hpr,2JEL,P,6,VAL,16.91,0.0972
HPr,hpr,2JEL,P,7,THR,57.48,0.3342
HPr,hpr,2JEL,P,8,ILE,6.84,0.0347
HPr,hpr,2JEL,P,9,THR,95.08,0.5528
HPr,hpr,2JEL,P,10,ALA,25.09,0.1945
HPr,hpr,2JEL,P,11,PRO,111.07,0.6986
HPr,hpr,2JEL,P,12,ASN,98.55,0.5054
HPr,hpr,2JEL,P,13,GLY,12.37,0.1190
HPr,hpr,2JEL,P,14,LEU,25.73,0.1280
HPr,hpr,2JEL,P,15,HIS,96.52,0.4309
HPr,hpr,2JEL,P,16,THR,70.83,0.4118
HPr,hpr,2JEL,P,17,ARG,150.06,0.5477
HPr,hpr,2JEL,P,18,PRO,12.08,0.0760
HPr,hpr,2JEL,P,19,ALA,2.42,0.0187
HPr,hpr,2JEL,P,20,ALA,43.59,0.3379
HPr,hpr,2JEL,P,21,GLN,84.76,0.3767
HPr,hpr,2JEL,P,22,PHE,0.00,0.0000
HPr,hpr,2JEL,P,23,VAL,9.66,0.0555
HPr,hpr,2JEL,P,24,LYS,140.65,0.5960
HPr,hpr,2JEL,P,25,GLU,77.57,0.3479
HPr,hpr,2JEL,P,26,ALA,0.00,0.0000
HPr,hpr,2JEL,P,27,LYS,128.47,0.5444
HPr,hpr,2JEL,P,28,GLY,62.33,0.5994
HPr,hpr,2JEL,P,29,PHE,24.82,0.1034
HPr,hpr,2JEL,P,30,THR,117.46,0.6829
HPr,hpr,2JEL,P,31,SER,0.00,0.0000
HPr,hpr,2JEL,P,32,GLU,135.78,0.6089
HPr,hpr,2JEL,P,33,ILE,7.66,0.0389
HPr,hpr,2JEL,P,34,THR,44.49,0.2587
HPr,hpr,2JEL,P,35,VAL,0.00,0.0000
HPr,hpr,2JEL,P,36,THR,39.95,0.2323
HPr,hpr,2JEL,P,37,SER,4.29,0.0277
HPr,hpr,2JEL,P,38,ASN,148.33,0.7607
HPr,hpr,2JEL,P,39,GLY,62.60,0.6020
HPr,hpr,2JEL,P,40,LYS,107.91,0.4572
HPr,hpr,2JEL,P,41,SER,67.81,0.4375
HPr,hpr,2JEL,P,42,ALA,4.83,0.0374
HPr,hpr,2JEL,P,43,SER,55.77,0.3598
HPr,hpr,2JEL,P,44,ALA,0.00,0.0000
HPr,hpr,2JEL,P,45,LYS,60.37,0.2558
HPr,hpr,2JEL,P,46,SER,30.70,0.1981
HPr,hpr,2JEL,P,47,LEU,56.19,0.2795
HPr,hpr,2JEL,P,48,PHE,139.72,0.5822
HPr,hpr,2JEL,P,49,LYS,91.89,0.3894
HPr,hpr,2JEL,P,50,LEU,1.21,0.0060
HPr,hpr,2JEL,P,51,GLN,86.38,0.3839
HPr,hpr,2JEL,P,52,THR,62.49,0.3633
HPr,hpr,2JEL,P,53,LEU,24.78,0.1233
HPr,hpr,2JEL,P,54,GLY,50.57,0.4863
HPr,hpr,2JEL,P,55,LEU,9.41,0.0468
HPr,hpr,2JEL,P,56,THR,83.82,0.4873
HPr,hpr,2JEL,P,57,GLN,121.72,0.5410
HPr,hpr,2JEL,P,58,GLY,46.77,0.4497
HPr,hpr,2JEL,P,59,THR,13.15,0.0764
HPr,hpr,2JEL,P,60,VAL,76.06,0.4371
HPr,hpr,2JEL,P,61,VAL,0.00,0.0000
HPr,hpr,2JEL,P,62,THR,34.58,0.2010
HPr,hpr,2JEL,P,63,ILE,0.00,0.0000
HPr,hpr,2JEL,P,64,SER,19.42,0.1253
HPr,hpr,2JEL,P,65,ALA,1.21,0.0094
HPr,hpr,2JEL,P,66,GLU,112.28,0.5035
HPr,hpr,2JEL,P,67,GLY,33.95,0.3265
HPr,hpr,2JEL,P,68,GLU,190.35,0.8536
HPr,hpr,2JEL,P,69,ASP,33.39,0.1730
HPr,hpr,2JEL,P,70,GLU,38.45,0.1724
HPr,hpr,2JEL,P,71,GLN,127.91,0.5685
HPr,hpr,2JEL,P,72,LYS,109.80,0.4653
HPr,hpr,2JEL,P,73,ALA,1.21,0.0094
HPr,hpr,2JEL,P,74,VAL,0.00,0.0000
HPr,hpr,2JEL,P,75,GLU,75.99,0.3408
HPr,hpr,2JEL,P,76,HIS,69.75,0.3114
HPr,hpr,2JEL,P,77,LEU,0.00,0.0000
HPr,hpr,2JEL,P,78,VAL,20.26,0.1164
HPr,hpr,2JEL,P,79,LYS,104.45,0.4426
HPr,hpr,2JEL,P,80,LEU,32.36,0.1610
HPr,hpr,2JEL,P,81,MET,10.93,0.0488
HPr,hpr,2JEL,P,82,ALA,33.52,0.2599
HPr,hpr,2JEL,P,83,GLU,149.28,0.6694
HPr,hpr,2JEL,P,84,LEU,58.07,0.2889
HPr,hpr,2JEL,P,85,GLU,204.50,0.9170
VEGF,vegf,1BJ1,V,14,VAL,88.57,0.5090
VEGF,vegf,1BJ1,V,15,VAL,27.78,0.1596
VEGF,vegf,1BJ1,V,16,LYS,102.62,0.4348
VEGF,vegf,1BJ1,V,17,PHE,45.78,0.1907
VEGF,vegf,1BJ1,V,18,MET,128.78,0.5749
VEGF,vegf,1BJ1,V,19,ASP,68.73,0.3561
VEGF,vegf,1BJ1,V,20,VAL,0.00,0.0000
VEGF,vegf,1BJ1,V,21,TYR,70.53,0.2682
VEGF,vegf,1BJ1,V,22,GLN,124.53,0.5535
VEGF,vegf,1BJ1,V,23,ARG,95.51,0.3486
VEGF,vegf,1BJ1,V,24,SER,0.00,0.0000
VEGF,vegf,1BJ1,V,25,TYR,88.49,0.3365
VEGF,vegf,1BJ1,V,26,CYS,18.43,0.1104
VEGF,vegf,1BJ1,V,27,HIS,53.43,0.2385
VEGF,vegf,1BJ1,V,28,PRO,47.61,0.2994
VEGF,vegf,1BJ1,V,29,ILE,22.94,0.1165
VEGF,vegf,1BJ1,V,30,GLU,62.00,0.2780
VEGF,vegf,1BJ1,V,31,THR,51.64,0.3002
VEGF,vegf,1BJ1,V,32,LEU,42.94,0.2136
VEGF,vegf,1BJ1,V,33,VAL,8.32,0.0478
VEGF,vegf,1BJ1,V,34,ASP,60.33,0.3126
VEGF,vegf,1BJ1,V,35,ILE,0.00,0.0000
VEGF,vegf,1BJ1,V,36,PHE,82.80,0.3450
VEGF,vegf,1BJ1,V,37,GLN,115.04,0.5113
VEGF,vegf,1BJ1,V,38,GLU,64.70,0.2901
VEGF,vegf,1BJ1,V,39,TYR,73.63,0.2800
VEGF,vegf,1BJ1,V,40,PRO,74.45,0.4682
VEGF,vegf,1BJ1,V,41,ASP,120.86,0.6262
VEGF,vegf,1BJ1,V,42,GLU,35.49,0.1592
VEGF,vegf,1BJ1,V,43,ILE,117.49,0.5964
VEGF,vegf,1BJ1,V,44,GLU,88.88,0.3986
VEGF,vegf,1BJ1,V,45,TYR,71.28,0.2710
VEGF,vegf,1BJ1,V,46,ILE,67.63,0.3433
VEGF,vegf,1BJ1,V,47,PHE,12.67,0.0528
VEGF,vegf,1BJ1,V,48,LYS,55.12,0.2335
VEGF,vegf,1BJ1,V,49,PRO,0.00,0.0000
VEGF,vegf,1BJ1,V,50,SER,39.82,0.2569
VEGF,vegf,1BJ1,V,51,CYS,11.03,0.0660
VEGF,vegf,1BJ1,V,52,VAL,1.21,0.0069
VEGF,vegf,1BJ1,V,53,PRO,5.36,0.0337
VEGF,vegf,1BJ1,V,54,LEU,0.00,0.0000
VEGF,vegf,1BJ1,V,55,MET,66.82,0.2983
VEGF,vegf,1BJ1,V,56,ARG,38.09,0.1390
VEGF,vegf,1BJ1,V,57,CYS,34.83,0.2086
VEGF,vegf,1BJ1,V,58,GLY,18.11,0.1742
VEGF,vegf,1BJ1,V,59,GLY,32.55,0.3130
VEGF,vegf,1BJ1,V,60,CYS,10.87,0.0651
VEGF,vegf,1BJ1,V,61,CYS,18.81,0.1127
VEGF,vegf,1BJ1,V,62,ASN,32.66,0.1675
VEGF,vegf,1BJ1,V,63,ASP,81.92,0.4245
VEGF,vegf,1BJ1,V,64,GLU,160.57,0.7200
VEGF,vegf,1BJ1,V,65,GLY,38.40,0.3692
VEGF,vegf,1BJ1,V,66,LEU,47.62,0.2369
VEGF,vegf,1BJ1,V,67,GLU,74.49,0.3341
VEGF,vegf,1BJ1,V,68,CYS,37.59,0.2251
VEGF,vegf,1BJ1,V,69,VAL,41.06,0.2360
VEGF,vegf,1BJ1,V,70,PRO,55.77,0.3508
VEGF,vegf,1BJ1,V,71,THR,65.28,0.3795
VEGF,vegf,1BJ1,V,72,GLU,79.87,0.3582
VEGF,vegf,1BJ1,V,73,GLU,105.01,0.4709
VEGF,vegf,1BJ1,V,74,SER,36.48,0.2354
VEGF,vegf,1BJ1,V,75,ASN,111.91,0.5739
VEGF,vegf,1BJ1,V,76,ILE,48.31,0.2452
VEGF,vegf,1BJ1,V,77,THR,40.71,0.2367
VEGF,vegf,1BJ1,V,78,MET,2.42,0.0108
VEGF,vegf,1BJ1,V,79,GLN,33.93,0.1508
VEGF,vegf,1BJ1,V,80,ILE,3.21,0.0163
VEGF,vegf,1BJ1,V,81,MET,36.86,0.1646
VEGF,vegf,1BJ1,V,82,ARG,65.23,0.2381
VEGF,vegf,1BJ1,V,83,ILE,42.27,0.2146
VEGF,vegf,1BJ1,V,84,LYS,63.02,0.2670
VEGF,vegf,1BJ1,V,85,PRO,66.13,0.4159
VEGF,vegf,1BJ1,V,86,HIS,196.54,0.8774
VEGF,vegf,1BJ1,V,87,GLN,148.54,0.6602
VEGF,vegf,1BJ1,V,88,GLY,35.59,0.3422
VEGF,vegf,1BJ1,V,89,GLN,122.68,0.5452
VEGF,vegf,1BJ1,V,90,HIS,106.11,0.4737
VEGF,vegf,1BJ1,V,91,ILE,81.20,0.4122
VEGF,vegf,1BJ1,V,92,GLY,33.70,0.3240
VEGF,vegf,1BJ1,V,93,GLU,129.70,0.5816
VEGF,vegf,1BJ1,V,94,MET,13.28,0.0593
VEGF,vegf,1BJ1,V,95,SER,52.51,0.3388
VEGF,vegf,1BJ1,V,96,PHE,3.62,0.0151
VEGF,vegf,1BJ1,V,97,LEU,56.42,0.2807
VEGF,vegf,1BJ1,V,98,GLN,32.39,0.1439
VEGF,vegf,1BJ1,V,99,HIS,24.77,0.1106
VEGF,vegf,1BJ1,V,100,ASN,59.75,0.3064
VEGF,vegf,1BJ1,V,101,LYS,96.77,0.4100
VEGF,vegf,1BJ1,V,102,CYS,20.54,0.1230
VEGF,vegf,1BJ1,V,103,GLU,80.80,0.3623
VEGF,vegf,1BJ1,V,104,CYS,15.23,0.0912
VEGF,vegf,1BJ1,V,105,ARG,119.64,0.4366
VEGF,vegf,1BJ1,V,106,PRO,83.70,0.5264
VEGF,vegf,1BJ1,V,107,LYS,142.61,0.6043
VEGF,vegf,1BJ1,W,14,VAL,86.32,0.4961
VEGF,vegf,1BJ1,W,15,VAL,27.78,0.1596
VEGF,vegf,1BJ1,W,16,LYS,105.90,0.4487
VEGF,vegf,1BJ1,W,17,PHE,43.47,0.1811
VEGF,vegf,1BJ1,W,18,MET,127.63,0.5698
VEGF,vegf,1BJ1,W,19,ASP,72.49,0.3756
VEGF,vegf,1BJ1,W,20,VAL,0.00,0.0000
VEGF,vegf,1BJ1,W,21,TYR,69.33,0.2636
VEGF,vegf,1BJ1,W,22,GLN,121.43,0.5397
VEGF,vegf,1BJ1,W,23,ARG,89.84,0.3279
VEGF,vegf,1BJ1,W,24,SER,0.00,0.0000
VEGF,vegf,1BJ1,W,25,TYR,91.45,0.3477
VEGF,vegf,1BJ1,W,26,CYS,17.36,0.1039
VEGF,vegf,1BJ1,W,27,HIS,52.34,0.2336
VEGF,vegf,1BJ1,W,28,PRO,39.29,0.2471
VEGF,vegf,1BJ1,W,29,ILE,22.94,0.1165
VEGF,vegf,1BJ1,W,30,GLU,67.60,0.3032
VEGF,vegf,1BJ1,W,31,THR,49.77,0.2893
VEGF,vegf,1BJ1,W,32,LEU,43.92,0.2185
VEGF,vegf,1BJ1,W,33,VAL,7.25,0.0416
VEGF,vegf,1BJ1,W,34,ASP,59.97,0.3107
VEGF,vegf,1BJ1,W,35,ILE,0.00,0.0000
VEGF,vegf,1BJ1,W,36,PHE,86.56,0.3607
VEGF,vegf,1BJ1,W,37,GLN,114.36,0.5082
VEGF,vegf,1BJ1,W,38,GLU,65.63,0.2943
VEGF,vegf,1BJ1,W,39,TYR,68.14,0.2591
VEGF,vegf,1BJ1,W,40,PRO,84.11,0.5290
VEGF,vegf,1BJ1,W,41,ASP,117.78,0.6102
VEGF,vegf,1BJ1,W,42,GLU,33.49,0.1502
VEGF,vegf,1BJ1,W,43,ILE,122.33,0.6209
VEGF,vegf,1BJ1,W,44,GLU,88.75,0.3980
VEGF,vegf,1BJ1,W,45,TYR,66.99,0.2547
VEGF,vegf,1BJ1,W,46,ILE,83.33,0.4230
VEGF,vegf,1BJ1,W,47,PHE,16.02,0.0667
VEGF,vegf,1BJ1,W,48,LYS,52.93,0.2243
VEGF,vegf,1BJ1,W,49,PRO,0.00,0.0000
VEGF,vegf,1BJ1,W,50,SER,35.53,0.2292
VEGF,vegf,1BJ1,W,51,CYS,9.82,0.0588
VEGF,vegf,1BJ1,W,52,VAL,0.00,0.0000
VEGF,vegf,1BJ1,W,53,PRO,7.50,0.0472
VEGF,vegf,1BJ1,W,54,LEU,0.00,0.0000
VEGF,vegf,1BJ1,W,55,MET,73.01,0.3259
VEGF,vegf,1BJ1,W,56,ARG,39.42,0.1439
VEGF,vegf,1BJ1,W,57,CYS,36.47,0.2184
VEGF,vegf,1BJ1,W,58,GLY,13.28,0.1277
VEGF,vegf,1BJ1,W,59,GLY,32.25,0.3101
VEGF,vegf,1BJ1,W,60,CYS,9.66,0.0579
VEGF,vegf,1BJ1,W,61,CYS,16.51,0.0989
VEGF,vegf,1BJ1,W,62,ASN,28.17,0.1445
VEGF,vegf,1BJ1,W,63,ASP,82.61,0.4280
VEGF,vegf,1BJ1,W,64,GLU,154.39,0.6923
VEGF,vegf,1BJ1,W,65,GLY,37.37,0.3593
VEGF,vegf,1BJ1,W,66,LEU,46.01,0.2289
VEGF,vegf,1BJ1,W,67,GLU,69.00,0.3094
VEGF,vegf,1BJ1,W,68,CYS,32.91,0.1971
VEGF,vegf,1BJ1,W,69,VAL,36.23,0.2082
VEGF,vegf,1BJ1,W,70,PRO,51.35,0.3229
VEGF,vegf,1BJ1,W,71,THR,59.10,0.3436
VEGF,vegf,1BJ1,W,72,GLU,77.73,0.3485
VEGF,vegf,1BJ1,W,73,GLU,106.36,0.4769
VEGF,vegf,1BJ1,W,74,SER,34.07,0.2198
VEGF,vegf,1BJ1,W,75,ASN,107.33,0.5504
VEGF,vegf,1BJ1,W,76,ILE,49.51,0.2513
VEGF,vegf,1BJ1,W,77,THR,43.79,0.2546
VEGF,vegf,1BJ1,W,78,MET,2.42,0.0108
VEGF,vegf,1BJ1,W,79,GLN,33.88,0.1506
VEGF,vegf,1BJ1,W,80,ILE,3.21,0.0163
VEGF,vegf,1BJ1,W,81,MET,33.00,0.1473
VEGF,vegf,1BJ1,W,82,ARG,63.79,0.2328
VEGF,vegf,1BJ1,W,83,ILE,42.27,0.2146
VEGF,vegf,1BJ1,W,84,LYS,59.76,0.2532
VEGF,vegf,1BJ1,W,85,PRO,65.19,0.4100
VEGF,vegf,1BJ1,W,86,HIS,189.54,0.8462
VEGF,vegf,1BJ1,W,87,GLN,143.55,0.6380
VEGF,vegf,1BJ1,W,88,GLY,35.59,0.3422
VEGF,vegf,1BJ1,W,89,GLN,125.11,0.5561
VEGF,vegf,1BJ1,W,90,HIS,110.48,0.4932
VEGF,vegf,1BJ1,W,91,ILE,88.44,0.4489
VEGF,vegf,1BJ1,W,92,GLY,29.94,0.2879
VEGF,vegf,1BJ1,W,93,GLU,132.43,0.5939
VEGF,vegf,1BJ1,W,94,MET,10.87,0.0485
VEGF,vegf,1BJ1,W,95,SER,54.42,0.3511
VEGF,vegf,1BJ1,W,96,PHE,1.21,0.0050
VEGF,vegf,1BJ1,W,97,LEU,55.21,0.2747
VEGF,vegf,1BJ1,W,98,GLN,32.41,0.1440
VEGF,vegf,1BJ1,W,99,HIS,28.00,0.1250
VEGF,vegf,1BJ1,W,100,ASN,54.06,0.2772
VEGF,vegf,1BJ1,W,101,LYS,93.03,0.3942
VEGF,vegf,1BJ1,W,102,CYS,20.54,0.1230
VEGF,vegf,1BJ1,W,103,GLU,71.96,0.3227
VEGF,vegf,1BJ1,W,104,CYS,30.63,0.1834
VEGF,vegf,1BJ1,W,105,ARG,98.63,0.3600
VEGF,vegf,1BJ1,W,106,PRO,95.78,0.6024
VEGF,vegf,1BJ1,W,107,LYS,152.07,0.6444
Bont/A1,bonta1,2NYY,A,872,ASN,128.26,0.6577
Bont/A1,bonta1,2NYY,A,873,ILE,35.43,0.1799
Bont/A1,bonta1,2NYY,A,874,ILE,40.51,0.2057
Bont/A1,bonta1,2NYY,A,875,ASN,128.31,0.6580
Bont/A1,bonta1,2NYY,A,876,THR,70.82,0.4118
Bont/A1,bonta1,2NYY,A,877,SER,2.14,0.0138
Bont/A1,bonta1,2NYY,A,878,ILE,4.83,0.0245
Bont/A1,bonta1,2NYY,A,879,LEU,0.00,0.0000
Bont/A1,bonta1,2NYY,A,880,ASN,17.50,0.0897
Bont/A1,bonta1,2NYY,A,881,LEU,12.88,0.0641
Bont/A1,bonta1,2NYY,A,882,ARG,20.37,0.0743
Bont/A1,bonta1,2NYY,A,883,TYR,35.65,0.1355
Bont/A1,bonta1,2NYY,A,884,GLU,79.19,0.3551
Bont/A1,bonta1,2NYY,A,885,SER,108.03,0.6970
Bont/A1,bonta1,2NYY,A,886,ASN,110.00,0.5641
Bont/A1,bonta1,2NYY,A,887,HIS,111.19,0.4964
Bont/A1,bonta1,2NYY,A,888,LEU,13.42,0.0668
Bont/A1,bonta1,2NYY,A,889,ILE,55.55,0.2820
Bont/A1,bonta1,2NYY,A,890,ASP,12.12,0.0628
Bont/A1,bonta1,2NYY,A,891,LEU,63.17,0.3143
Bont/A1,bonta1,2NYY,A,892,SER,24.66,0.1591
Bont/A1,bonta1,2NYY,A,893,ARG,153.78,0.5612
Bont/A1,bonta1,2NYY,A,894,TYR,65.94,0.2507
Bont/A1,bonta1,2NYY,A,895,ALA,17.42,0.1350
Bont/A1,bonta1,2NYY,A,896,SER,61.48,0.3967
Bont/A1,bonta1,2NYY,A,897,LYS,100.55,0.4261
Bont/A1,bonta1,2NYY,A,898,ILE,36.81,0.1868
Bont/A1,bonta1,2NYY,A,899,ASN,53.28,0.2732
Bont/A1,bonta1,2NYY,A,900,ILE,75.34,0.3825
Bont/A1,bonta1,2NYY,A,901,GLY,16.36,0.1573
Bont/A1,bonta1,2NYY,A,902,SER,93.26,0.6017
Bont/A1,bonta1,2NYY,A,903,LYS,112.97,0.4787
Bont/A1,bonta1,2NYY,A,904,VAL,19.29,0.1108
Bont/A1,bonta1,2NYY,A,905,ASN,54.63,0.2802
Bont/A1,bonta1,2NYY,A,906,PHE,43.07,0.1795
Bont/A1,bonta1,2NYY,A,907,ASP,30.27,0.1569
Bont/A1,bonta1,2NYY,A,908,PRO,112.80,0.7094
Bont/A1,bonta1,2NYY,A,909,ILE,76.84,0.3901
Bont/A1,bonta1,2NYY,A,910,ASP,18.90,0.0979
Bont/A1,bonta1,2NYY,A,911,LYS,71.66,0.3036
Bont/A1,bonta1,2NYY,A,912,ASN,23.99,0.1230
Bont/A1,bonta1,2NYY,A,913,GLN,5.54,0.0246
Bont/A1,bonta1,2NYY,A,914,ILE,14.49,0.0736
Bont/A1,bonta1,2NYY,A,915,GLN,20.56,0.0914
Bont/A1,bonta1,2NYY,A,916,LEU,2.42,0.0120
Bont/A1,bonta1,2NYY,A,917,PHE,59.17,0.2466
Bont/A1,bonta1,2NYY,A,918,ASN,42.13,0.2160
Bont/A1,bonta1,2NYY,A,919,LEU,89.23,0.4439
Bont/A1,bonta1,2NYY,A,920,GLU,136.85,0.6137
Bont/A1,bonta1,2NYY,A,921,SER,44.57,0.2876
Bont/A1,bonta1,2NYY,A,922,SER,0.00,0.0000
Bont/A1,bonta1,2NYY,A,923,LYS,70.83,0.3001
Bont/A1,bonta1,2NYY,A,924,ILE,4.83,0.0245
Bont/A1,bonta1,2NYY,A,925,GLU,42.33,0.1898
Bont/A1,bonta1,2NYY,A,926,VAL,0.00,0.0000
Bont/A1,bonta1,2NYY,A,927,ILE,28.98,0.1471
Bont/A1,bonta1,2NYY,A,928,LEU,4.56,0.0227
Bont/A1,bonta1,2NYY,A,929,LYS,77.13,0.3268
Bont/A1,bonta1,2NYY,A,930,ASN,119.11,0.6108
Bont/A1,bonta1,2NYY,A,931,ALA,108.52,0.8413
Bont/A1,bonta1,2NYY,A,932,ILE,60.09,0.3050
Bont/A1,bonta1,2NYY,A,933,VAL,52.83,0.3036
Bont/A1,bonta1,2NYY,A,934,TYR,100.06,0.3805
Bont/A1,bonta1,2NYY,A,935,ASN,130.23,0.6679
Bont/A1,bonta1,2NYY,A,936,SER,53.47,0.3450
Bont/A1,bonta1,2NYY,A,937,MET,10.68,0.0477
Bont/A1,bonta1,2NYY,A,938,TYR,4.69,0.0178
Bont/A1,bonta1,2NYY,A,939,GLU,56.40,0.2529
Bont/A1,bonta1,2NYY,A,940,ASN,61.19,0.3138
Bont/A1,bonta1,2NYY,A,941,PHE,1.21,0.0050
Bont/A1,bonta1,2NYY,A,942,SER,0.00,0.0000
Bont/A1,bonta1,2NYY,A,943,THR,1.21,0.0070
Bont/A1,bonta1,2NYY,A,944,SER,0.00,0.0000
Bont/A1,bonta1,2NYY,A,945,PHE,2.42,0.0101
Bont/A1,bonta1,2NYY,A,946,TRP,18.11,0.0636
Bont/A1,bonta1,2NYY,A,947,ILE,1.21,0.0061
Bont/A1,bonta1,2NYY,A,948,ARG,5.45,0.0199
Bont/A1,bonta1,2NYY,A,949,ILE,4.58,0.0233
Bont/A1,bonta1,2NYY,A,950,PRO,8.32,0.0523
Bont/A1,bonta1,2NYY,A,951,LYS,0.00,0.0000
Bont/A1,bonta1,2NYY,A,952,TYR,0.00,0.0000
Bont/A1,bonta1,2NYY,A,953,PHE,65.35,0.2723
Bont/A1,bonta1,2NYY,A,954,ASN,66.35,0.3402
Bont/A1,bonta1,2NYY,A,955,SER,74.31,0.4794
Bont/A1,bonta1,2NYY,A,956,ILE,87.36,0.4435
Bont/A1,bonta1,2NYY,A,957,SER,1.07,0.0069
Bont/A1,bonta1,2NYY,A,958,LEU,66.66,0.3316
Bont/A1,bonta1,2NYY,A,959,ASN,142.40,0.7302
Bont/A1,bonta1,2NYY,A,960,ASN,12.08,0.0620
Bont/A1,bonta1,2NYY,A,961,GLU,80.41,0.3606
Bont/A1,bonta1,2NYY,A,962,TYR,3.62,0.0138
Bont/A1,bonta1,2NYY,A,963,THR,18.35,0.1067
Bont/A1,bonta1,2NYY,A,964,ILE,4.42,0.0224
Bont/A1,bonta1,2NYY,A,965,ILE,4.83,0.0245
Bont/A1,bonta1,2NYY,A,966,ASN,46.39,0.2379
Bont/A1,bonta1,2NYY,A,967,CYS,0.00,0.0000
Bont/A1,bonta1,2NYY,A,968,MET,54.82,0.2447
Bont/A1,bonta1,2NYY,A,969,GLU,63.66,0.2855
Bont/A1,bonta1,2NYY,A,970,ASN,120.51,0.6180
Bont/A1,bonta1,2NYY,A,971,ASN,96.40,0.4944
Bont/A1,bonta1,2NYY,A,972,SER,1.21,0.0078
Bont/A1,bonta1,2NYY,A,973,GLY,1.21,0.0116
Bont/A1,bonta1,2NYY,A,974,TRP,1.21,0.0042
Bont/A1,bonta1,2NYY,A,975,LYS,43.33,0.1836
Bont/A1,bonta1,2NYY,A,976,VAL,1.21,0.0069
Bont/A1,bonta1,2NYY,A,977,SER,0.00,0.0000
Bont/A1,bonta1,2NYY,A,978,LEU,0.00,0.0000
Bont/A1,bonta1,2NYY,A,979,ASN,28.78,0.1476
Bont/A1,bonta1,2NYY,A,980,TYR,54.44,0.2070
Bont/A1,bonta1,2NYY,A,981,GLY,1.21,0.0116
Bont/A1,bonta1,2NYY,A,982,GLU,38.05,0.1706
Bont/A1,bonta1,2NYY,A,983,ILE,3.62,0.0184
Bont/A1,bonta1,2NYY,A,984,ILE,6.04,0.0307
Bont/A1,bonta1,2NYY,A,985,TRP,5.92,0.0208
Bont/A1,bonta1,2NYY,A,986,THR,7.11,0.0413
Bont/A1,bonta1,2NYY,A,987,LEU,7.25,0.0360
Bont/A1,bonta1,2NYY,A,988,GLN,15.11,0.0672
Bont/A1,bonta1,2NYY,A,989,ASP,3.39,0.0176
Bont/A1,bonta1,2NYY,A,990,THR,83.26,0.4841
Bont/A1,bonta1,2NYY,A,991,GLN,60.64,0.2695
Bont/A1,bonta1,2NYY,A,992,GLU,93.02,0.4171
Bont/A1,bonta1,2NYY,A,993,ILE,102.53,0.5205
Bont/A1,bonta1,2NYY,A,994,LYS,90.17,0.3821
Bont/A1,bonta1,2NYY,A,995,GLN,51.85,0.2304
Bont/A1,bonta1,2NYY,A,996,ARG,95.20,0.3474
Bont/A1,bonta1,2NYY,A,997,VAL,0.00,0.0000
Bont/A1,bonta1,2NYY,A,998,VAL,40.91,0.2351
Bont/A1,bonta1,2NYY,A,999,PHE,6.04,0.0252
Bont/A1,bonta1,2NYY,A,1000,LYS,156.88,0.6648
Bont/A1,bonta1,2NYY,A,1001,TYR,24.27,0.0923
Bont/A1,bonta1,2NYY,A,1002,SER,51.21,0.3304
Bont/A1,bonta1,2NYY,A,1003,GLN,4.35,0.0193
Bont/A1,bonta1,2NYY,A,1004,MET,101.02,0.4510
Bont/A1,bonta1,2NYY,A,1005,ILE,61.47,0.3121
Bont/A1,bonta1,2NYY,A,1006,ASN,108.02,0.5540
Bont/A1,bonta1,2NYY,A,1007,ILE,46.81,0.2376
Bont/A1,bonta1,2NYY,A,1008,SER,11.28,0.0728
Bont/A1,bonta1,2NYY,A,1009,ASP,106.73,0.5530
Bont/A1,bonta1,2NYY,A,1010,TYR,45.72,0.1738
Bont/A1,bonta1,2NYY,A,1011,ILE,1.07,0.0054
Bont/A1,bonta1,2NYY,A,1012,ASN,2.14,0.0110
Bont/A1,bonta1,2NYY,A,1013,ARG,28.02,0.1023
Bont/A1,bonta1,2NYY,A,1014,TRP,20.90,0.0733
Bont/A1,bonta1,2NYY,A,1015,ILE,1.21,0.0061
Bont/A1,bonta1,2NYY,A,1016,PHE,0.00,0.0000
Bont/A1,bonta1,2NYY,A,1017,VAL,0.00,0.0000
Bont/A1,bonta1,2NYY,A,1018,THR,0.00,0.0000
Bont/A1,bonta1,2NYY,A,1019,ILE,3.62,0.0184
Bont/A1,bonta1,2NYY,A,1020,THR,0.00,0.0000
Bont/A1,bonta1,2NYY,A,1021,ASN,1.21,0.0062
Bont/A1,bonta1,2NYY,A,1022,ASN,17.43,0.0894
Bont/A1,bonta1,2NYY,A,1023,ARG,24.65,0.0900
Bont/A1,bonta1,2NYY,A,1024,LEU,148.09,0.7368
Bont/A1,bonta1,2NYY,A,1025,ASN,72.71,0.3729
Bont/A1,bonta1,2NYY,A,1026,ASN,39.26,0.2013
Bont/A1,bonta1,2NYY,A,1027,SER,2.14,0.0138
Bont/A1,bonta1,2NYY,A,1028,LYS,40.28,0.1707
Bont/A1,bonta1,2NYY,A,1029,ILE,1.21,0.0061
Bont/A1,bonta1,2NYY,A,1030,TYR,13.13,0.0499
Bont/A1,bonta1,2NYY,A,1031,ILE,1.07,0.0054
Bont/A1,bonta1,2NYY,A,1032,ASN,46.35,0.2377
Bont/A1,bonta1,2NYY,A,1033,GLY,12.99,0.1249
Bont/A1,bonta1,2NYY,A,1034,ARG,124.04,0.4527
Bont/A1,bonta1,2NYY,A,1035,LEU,82.18,0.4088
Bont/A1,bonta1,2NYY,A,1036,ILE,53.88,0.2735
Bont/A1,bonta1,2NYY,A,1037,ASP,37.11,0.1923
Bont/A1,bonta1,2NYY,A,1038,GLN,89.67,0.3985
Bont/A1,bonta1,2NYY,A,1039,LYS,75.76,0.3210
Bont/A1,bonta1,2NYY,A,1040,PRO,71.64,0.4506
Bont/A1,bonta1,2NYY,A,1041,ILE,0.00,0.0000
Bont/A1,bonta1,2NYY,A,1042,SER,64.99,0.4193
Bont/A1,bonta1,2NYY,A,1043,ASN,150.90,0.7738
Bont/A1,bonta1,2NYY,A,1044,LEU,37.95,0.1888
Bont/A1,bonta1,2NYY,A,1045,GLY,35.90,0.3452
Bont/A1,bonta1,2NYY,A,1046,ASN,48.71,0.2498
Bont/A1,bonta1,2NYY,A,1047,ILE,13.27,0.0673
Bont/A1,bonta1,2NYY,A,1048,HIS,75.64,0.3377
Bont/A1,bonta1,2NYY,A,1049,ALA,22.00,0.1705
Bont/A1,bonta1,2NYY,A,1050,SER,6.56,0.0424
Bont/A1,bonta1,2NYY,A,1051,ASN,39.92,0.2047
Bont/A1,bonta1,2NYY,A,1052,ASN,46.40,0.2379
Bont/A1,bonta1,2NYY,A,1053,ILE,0.00,0.0000
Bont/A1,bonta1,2NYY,A,1054,MET,49.38,0.2204
Bont/A1,bonta1,2NYY,A,1055,PHE,9.66,0.0403
Bont/A1,bonta1,2NYY,A,1056,LYS,37.59,0.1593
Bont/A1,bonta1,2NYY,A,1057,LEU,7.64,0.0380
Bont/A1,bonta1,2NYY,A,1058,ASP,84.25,0.4366
Bont/A1,bonta1,2NYY,A,1059,GLY,39.69,0.3817
Bont/A1,bonta1,2NYY,A,1060,CYS,10.71,0.0642
Bont/A1,bonta1,2NYY,A,1061,ARG,178.04,0.6498
Bont/A1,bonta1,2NYY,A,1062,ASP,9.92,0.0514
Bont/A1,bonta1,2NYY,A,1063,THR,103.13,0.5996
Bont/A1,bonta1,2NYY,A,1064,HIS,149.71,0.6683
Bont/A1,bonta1,2NYY,A,1065,ARG,7.86,0.0287
Bont/A1,bonta1,2NYY,A,1066,TYR,30.45,0.1158
Bont/A1,bonta1,2NYY,A,1067,ILE,4.83,0.0245
Bont/A1,bonta1,2NYY,A,1068,TRP,35.43,0.1243
Bont/A1,bonta1,2NYY,A,1069,ILE,8.45,0.0429
Bont/A1,bonta1,2NYY,A,1070,LYS,20.25,0.0858
Bont/A1,bonta1,2NYY,A,1071,TYR,28.35,0.1078
Bont/A1,bonta1,2NYY,A,1072,PHE,5.92,0.0247
Bont/A1,bonta1,2NYY,A,1073,ASN,0.00,0.0000
Bont/A1,bonta1,2NYY,A,1074,LEU,0.00,0.0000
Bont/A1,bonta1,2NYY,A,1075,PHE,2.42,0.0101
Bont/A1,bonta1,2NYY,A,1076,ASP,68.71,0.3560
Bont/A1,bonta1,2NYY,A,1077,LYS,73.34,0.3108
Bont/A1,bonta1,2NYY,A,1078,GLU,57.24,0.2567
Bont/A1,bonta1,2NYY,A,1079,LEU,4.29,0.0213
Bont/A1,bonta1,2NYY,A,1080,ASN,73.52,0.3771
Bont/A1,bonta1,2NYY,A,1081,GLU,113.29,0.5080
Bont/A1,bonta1,2NYY,A,1082,LYS,132.18,0.5601
Bont/A1,bonta1,2NYY,A,1083,GLU,32.84,0.1473
Bont/A1,bonta1,2NYY,A,1084,ILE,0.00,0.0000
Bont/A1,bonta1,2NYY,A,1085,LYS,101.37,0.4295
Bont/A1,bonta1,2NYY,A,1086,ASP,67.40,0.3492
Bont/A1,bonta1,2NYY,A,1087,LEU,8.34,0.0415
Bont/A1,bonta1,2NYY,A,1088,TYR,58.71,0.2232
Bont/A1,bonta1,2NYY,A,1089,ASP,103.30,0.5353
Bont/A1,bonta1,2NYY,A,1090,ASN,116.67,0.5983
Bont/A1,bonta1,2NYY,A,1091,GLN,24.54,0.1091
Bont/A1,bonta1,2NYY,A,1092,SER,36.99,0.2387
Bont/A1,bonta1,2NYY,A,1093,ASN,48.00,0.2461
Bont/A1,bonta1,2NYY,A,1094,SER,42.19,0.2722
Bont/A1,bonta1,2NYY,A,1095,GLY,32.56,0.3131
Bont/A1,bonta1,2NYY,A,1096,ILE,23.88,0.1212
Bont/A1,bonta1,2NYY,A,1097,LEU,2.42,0.0120
Bont/A1,bonta1,2NYY,A,1098,LYS,40.90,0.1733
Bont/A1,bonta1,2NYY,A,1099,ASP,4.29,0.0222
Bont/A1,bonta1,2NYY,A,1100,PHE,10.46,0.0436
Bont/A1,bonta1,2NYY,A,1101,TRP,1.21,0.0042
Bont/A1,bonta1,2NYY,A,1102,GLY,25.21,0.2424
Bont/A1,bonta1,2NYY,A,1103,ASP,24.25,0.1257
Bont/A1,bonta1,2NYY,A,1104,TYR,30.79,0.1171
Bont/A1,bonta1,2NYY,A,1105,LEU,0.00,0.0000
Bont/A1,bonta1,2NYY,A,1106,GLN,30.29,0.1346
Bont/A1,bonta1,2NYY,A,1107,TYR,5.63,0.0214
Bont/A1,bonta1,2NYY,A,1108,ASP,87.10,0.4513
Bont/A1,bonta1,2NYY,A,1109,LYS,68.69,0.2911
Bont/A1,bonta1,2NYY,A,1110,PRO,70.30,0.4421
Bont/A1,bonta1,2NYY,A,1111,TYR,1.07,0.0041
Bont/A1,bonta1,2NYY,A,1112,TYR,22.52,0.0856
Bont/A1,bonta1,2NYY,A,1113,MET,2.38,0.0106
Bont/A1,bonta1,2NYY,A,1114,LEU,0.00,0.0000
Bont/A1,bonta1,2NYY,A,1115,ASN,0.00,0.0000
Bont/A1,bonta1,2NYY,A,1116,LEU,57.79,0.2875
Bont/A1,bonta1,2NYY,A,1117,TYR,125.06,0.4755
Bont/A1,bonta1,2NYY,A,1118,ASP,46.35,0.2401
Bont/A1,bonta1,2NYY,A,1119,PRO,48.17,0.3029
Bont/A1,bonta1,2NYY,A,1120,ASN,73.35,0.3761
Bont/A1,bonta1,2NYY,A,1121,LYS,58.49,0.2478
Bont/A1,bonta1,2NYY,A,1122,TYR,21.70,0.0825
Bont/A1,bonta1,2NYY,A,1123,VAL,3.51,0.0202
Bont/A1,bonta1,2NYY,A,1124,ASP,47.14,0.2443
Bont/A1,bonta1,2NYY,A,1125,VAL,25.48,0.1465
Bont/A1,bonta1,2NYY,A,1126,ASN,66.20,0.3395
Bont/A1,bonta1,2NYY,A,1127,ASN,92.29,0.4733
Bont/A1,bonta1,2NYY,A,1128,VAL,72.30,0.4155
Bont/A1,bonta1,2NYY,A,1129,GLY,21.62,0.2079
Bont/A1,bonta1,2NYY,A,1130,ILE,127.29,0.6461
Bont/A1,bonta1,2NYY,A,1131,ARG,213.75,0.7801
Bont/A1,bonta1,2NYY,A,1132,GLY,6.43,0.0618
Bont/A1,bonta1,2NYY,A,1133,TYR,42.49,0.1615
Bont/A1,bonta1,2NYY,A,1134,MET,0.00,0.0000
Bont/A1,bonta1,2NYY,A,1135,TYR,46.93,0.1784
Bont/A1,bonta1,2NYY,A,1136,LEU,9.78,0.0487
Bont/A1,bonta1,2NYY,A,1137,LYS,70.31,0.2979
Bont/A1,bonta1,2NYY,A,1138,GLY,42.85,0.4120
Bont/A1,bonta1,2NYY,A,1139,PRO,89.23,0.5612
Bont/A1,bonta1,2NYY,A,1140,ARG,16.21,0.0592
Bont/A1,bonta1,2NYY,A,1141,GLY,31.97,0.3074
Bont/A1,bonta1,2NYY,A,1142,SER,83.51,0.5388
Bont/A1,bonta1,2NYY,A,1143,VAL,24.15,0.1388
Bont/A1,bonta1,2NYY,A,1144,MET,118.33,0.5283
Bont/A1,bonta1,2NYY,A,1145,THR,48.81,0.2838
Bont/A1,bonta1,2NYY,A,1146,THR,97.41,0.5663
Bont/A1,bonta1,2NYY,A,1147,ASN,110.67,0.5675
Bont/A1,bonta1,2NYY,A,1148,ILE,6.04,0.0307
Bont/A1,bonta1,2NYY,A,1149,TYR,23.57,0.0896
Bont/A1,bonta1,2NYY,A,1150,LEU,70.84,0.3524
Bont/A1,bonta1,2NYY,A,1151,ASN,3.51,0.0180
Bont/A1,bonta1,2NYY,A,1152,SER,15.02,0.0969
Bont/A1,bonta1,2NYY,A,1153,SER,6.70,0.0432
Bont/A1,bonta1,2NYY,A,1154,LEU,0.00,0.0000
Bont/A1,bonta1,2NYY,A,1155,TYR,16.07,0.0611
Bont/A1,bonta1,2NYY,A,1156,ARG,74.52,0.2720
Bont/A1,bonta1,2NYY,A,1157,GLY,23.38,0.2248
Bont/A1,bonta1,2NYY,A,1158,THR,14.22,0.0827
Bont/A1,bonta1,2NYY,A,1159,LYS,60.13,0.2548
Bont/A1,bonta1,2NYY,A,1160,PHE,4.83,0.0201
Bont/A1,bonta1,2NYY,A,1161,ILE,12.08,0.0613
Bont/A1,bonta1,2NYY,A,1162,ILE,0.00,0.0000
Bont/A1,bonta1,2NYY,A,1163,LYS,54.77,0.2321
Bont/A1,bonta1,2NYY,A,1164,LYS,88.17,0.3736
Bont/A1,bonta1,2NYY,A,1165,TYR,118.87,0.4520
Bont/A1,bonta1,2NYY,A,1166,ALA,37.03,0.2870
Bont/A1,bonta1,2NYY,A,1167,SER,57.96,0.3739
Bont/A1,bonta1,2NYY,A,1168,GLY,61.00,0.5865
Bont/A1,bonta1,2NYY,A,1169,ASN,47.56,0.2439
Bont/A1,bonta1,2NYY,A,1170,LYS,98.20,0.4161
Bont/A1,bonta1,2NYY,A,1171,ASP,55.24,0.2862
Bont/A1,bonta1,2NYY,A,1172,ASN,53.36,0.2737
Bont/A1,bonta1,2NYY,A,1173,ILE,16.77,0.0851
Bont/A1,bonta1,2NYY,A,1174,VAL,0.00,0.0000
Bont/A1,bonta1,2NYY,A,1175,ARG,86.99,0.3175
Bont/A1,bonta1,2NYY,A,1176,ASN,33.98,0.1743
Bont/A1,bonta1,2NYY,A,1177,ASN,90.18,0.4624
Bont/A1,bonta1,2NYY,A,1178,ASP,31.34,0.1624
Bont/A1,bonta1,2NYY,A,1179,ARG,103.41,0.3774
Bont/A1,bonta1,2NYY,A,1180,VAL,0.00,0.0000
Bont/A1,bonta1,2NYY,A,1181,TYR,41.69,0.1585
Bont/A1,bonta1,2NYY,A,1182,ILE,0.00,0.0000
Bont/A1,bonta1,2NYY,A,1183,ASN,7.77,0.0398
Bont/A1,bonta1,2NYY,A,1184,VAL,0.00,0.0000
Bont/A1,bonta1,2NYY,A,1185,VAL,28.17,0.1619
Bont/A1,bonta1,2NYY,A,1186,VAL,31.26,0.1797
Bont/A1,bonta1,2NYY,A,1187,LYS,190.33,0.8065
Bont/A1,bonta1,2NYY,A,1188,ASN,151.85,0.7787
Bont/A1,bonta1,2NYY,A,1189,LYS,89.75,0.3803
Bont/A1,bonta1,2NYY,A,1190,GLU,77.81,0.3489
Bont/A1,bonta1,2NYY,A,1191,TYR,17.14,0.0652
Bont/A1,bonta1,2NYY,A,1192,ARG,29.53,0.1078
Bont/A1,bonta1,2NYY,A,1193,LEU,4.56,0.0227
Bont/A1,bonta1,2NYY,A,1194,ALA,0.00,0.0000
Bont/A1,bonta1,2NYY,A,1195,THR,4.83,0.0281
Bont/A1,bonta1,2NYY,A,1196,ASN,75.43,0.3868
Bont/A1,bonta1,2NYY,A,1197,ALA,29.79,0.2309
Bont/A1,bonta1,2NYY,A,1198,SER,103.54,0.6680
Bont/A1,bonta1,2NYY,A,1199,GLN,49.83,0.2215
Bont/A1,bonta1,2NYY,A,1200,ALA,96.85,0.7508
Bont/A1,bonta1,2NYY,A,1201,GLY,54.78,0.5267
Bont/A1,bonta1,2NYY,A,1202,VAL,87.43,0.5025
Bont/A1,bonta1,2NYY,A,1203,GLU,61.57,0.2761
Bont/A1,bonta1,2NYY,A,1204,LYS,26.29,0.1114
Bont/A1,bonta1,2NYY,A,1205,ILE,60.50,0.3071
Bont/A1,bonta1,2NYY,A,1206,LEU,1.21,0.0060
Bont/A1,bonta1,2NYY,A,1207,SER,7.77,0.0501
Bont/A1,bonta1,2NYY,A,1208,ALA,0.00,0.0000
Bont/A1,bonta1,2NYY,A,1209,LEU,8.45,0.0421
Bont/A1,bonta1,2NYY,A,1210,GLU,60.90,0.2731
Bont/A1,bonta1,2NYY,A,1211,ILE,90.01,0.4569
Bont/A1,bonta1,2NYY,A,1212,PRO,104.47,0.6570
Bont/A1,bonta1,2NYY,A,1213,ASP,98.59,0.5108
Bont/A1,bonta1,2NYY,A,1214,VAL,10.62,0.0610
Bont/A1,bonta1,2NYY,A,1215,GLY,64.79,0.6229
Bont/A1,bonta1,2NYY,A,1216,ASN,135.70,0.6959
Bont/A1,bonta1,2NYY,A,1217,LEU,27.78,0.1382
Bont/A1,bonta1,2NYY,A,1218,SER,7.50,0.0484
Bont/A1,bonta1,2NYY,A,1219,GLN,25.11,0.1116
Bont/A1,bonta1,2NYY,A,1220,VAL,13.28,0.0763
Bont/A1,bonta1,2NYY,A,1221,VAL,1.21,0.0069
Bont/A1,bonta1,2NYY,A,1222,VAL,15.70,0.0902
Bont/A1,bonta1,2NYY,A,1223,MET,0.00,0.0000
Bont/A1,bonta1,2NYY,A,1224,LYS,40.69,0.1724
Bont/A1,bonta1,2NYY,A,1225,SER,12.88,0.0831
Bont/A1,bonta1,2NYY,A,1226,LYS,52.40,0.2220
Bont/A1,bonta1,2NYY,A,1227,ASN,9.52,0.0488
Bont/A1,bonta1,2NYY,A,1228,ASP,111.49,0.5777
Bont/A1,bonta1,2NYY,A,1229,GLN,116.85,0.5193
Bont/A1,bonta1,2NYY,A,1230,GLY,36.60,0.3519
Bont/A1,bonta1,2NYY,A,1231,ILE,87.91,0.4462
Bont/A1,bonta1,2NYY,A,1232,THR,71.48,0.4156
Bont/A1,bonta1,2NYY,A,1233,ASN,30.75,0.1577
Bont/A1,bonta1,2NYY,A,1234,LYS,79.15,0.3354
Bont/A1,bonta1,2NYY,A,1235,CYS,3.86,0.0231
Bont/A1,bonta1,2NYY,A,1236,LYS,12.03,0.0510
Bont/A1,bonta1,2NYY,A,1237,MET,1.21,0.0054
Bont/A1,bonta1,2NYY,A,1238,ASN,14.22,0.0729
Bont/A1,bonta1,2NYY,A,1239,LEU,2.42,0.0120
Bont/A1,bonta1,2NYY,A,1240,GLN,26.00,0.1156
Bont/A1,bonta1,2NYY,A,1241,ASP,36.70,0.1902
Bont/A1,bonta1,2NYY,A,1242,ASN,99.19,0.5087
Bont/A1,bonta1,2NYY,A,1243,ASN,125.28,0.6424
Bont/A1,bonta1,2NYY,A,1244,GLY,46.70,0.4490
Bont/A1,bonta1,2NYY,A,1245,ASN,79.59,0.4081
Bont/A1,bonta1,2NYY,A,1246,ASP,85.36,0.4423
Bont/A1,bonta1,2NYY,A,1247,ILE,19.85,0.1008
Bont/A1,bonta1,2NYY,A,1248,GLY,0.00,0.0000
Bont/A1,bonta1,2NYY,A,1249,PHE,14.49,0.0604
Bont/A1,bonta1,2NYY,A,1250,ILE,2.42,0.0123
Bont/A1,bonta1,2NYY,A,1251,GLY,0.00,0.0000
Bont/A1,bonta1,2NYY,A,1252,PHE,31.52,0.1313
Bont/A1,bonta1,2NYY,A,1253,HIS,42.22,0.1885
Bont/A1,bonta1,2NYY,A,1254,GLN,63.75,0.2833
Bont/A1,bonta1,2NYY,A,1255,PHE,187.26,0.7803
Bont/A1,bonta1,2NYY,A,1256,ASN,115.71,0.5934
Bont/A1,bonta1,2NYY,A,1257,ASN,81.81,0.4196
Bont/A1,bonta1,2NYY,A,1258,ILE,72.46,0.3678
Bont/A1,bonta1,2NYY,A,1259,ALA,11.73,0.0910
Bont/A1,bonta1,2NYY,A,1260,LYS,45.23,0.1916
Bont/A1,bonta1,2NYY,A,1261,LEU,1.21,0.0060
Bont/A1,bonta1,2NYY,A,1262,VAL,2.42,0.0139
Bont/A1,bonta1,2NYY,A,1263,ALA,0.00,0.0000
Bont/A1,bonta1,2NYY,A,1264,SER,5.36,0.0346
Bont/A1,bonta1,2NYY,A,1265,ASN,34.07,0.1747
Bont/A1,bonta1,2NYY,A,1266,TRP,123.31,0.4327
Bont/A1,bonta1,2NYY,A,1267,TYR,12.33,0.0469
Bont/A1,bonta1,2NYY,A,1268,ASN,16.59,0.0851
Bont/A1,bonta1,2NYY,A,1269,ARG,145.05,0.5294
Bont/A1,bonta1,2NYY,A,1270,GLN,39.29,0.1746
Bont/A1,bonta1,2NYY,A,1271,ILE,16.23,0.0824
Bont/A1,bonta1,2NYY,A,1272,GLU,84.85,0.3805
Bont/A1,bonta1,2NYY,A,1273,ARG,190.29,0.6945
Bont/A1,bonta1,2NYY,A,1274,SER,52.30,0.3375
Bont/A1,bonta1,2NYY,A,1275,SER,76.12,0.4911
Bont/A1,bonta1,2NYY,A,1276,ARG,134.71,0.4916
Bont/A1,bonta1,2NYY,A,1277,THR,55.45,0.3224
Bont/A1,bonta1,2NYY,A,1278,LEU,8.45,0.0421
Bont/A1,bonta1,2NYY,A,1279,GLY,5.70,0.0548
Bont/A1,bonta1,2NYY,A,1280,CYS,1.07,0.0064
Bont/A1,bonta1,2NYY,A,1281,SER,1.07,0.0069
Bont/A1,bonta1,2NYY,A,1282,TRP,4.83,0.0169
Bont/A1,bonta1,2NYY,A,1283,GLU,6.43,0.0288
Bont/A1,bonta1,2NYY,A,1284,PHE,0.00,0.0000
Bont/A1,bonta1,2NYY,A,1285,ILE,0.00,0.0000
Bont/A1,bonta1,2NYY,A,1286,PRO,6.04,0.0380
Bont/A1,bonta1,2NYY,A,1287,VAL,82.45,0.4738
Bont/A1,bonta1,2NYY,A,1288,ASP,29.20,0.1513
Bont/A1,bonta1,2NYY,A,1289,ASP,134.83,0.6986
Bont/A1,bonta1,2NYY,A,1290,GLY,1.21,0.0116
Bont/A1,bonta1,2NYY,A,1291,TRP,8.45,0.0297
Bont/A1,bonta1,2NYY,A,1292,GLY,31.09,0.2989
Bont/A1,bonta1,2NYY,A,1293,GLU,22.25,0.0998
Bont/A1,bonta1,2NYY,A,1294,ARG,210.38,0.7678
Bont/A1,bonta1,2NYY,A,1295,PRO,117.99,0.7420
IFN-gamma receptor,ifngr,1JRH,I,11,SER,164.61,1.0620
IFN-gamma receptor,ifngr,1JRH,I,12,VAL,33.16,0.1906
IFN-gamma receptor,ifngr,1JRH,I,13,PRO,41.06,0.2582
IFN-gamma receptor,ifngr,1JRH,I,14,THR,60.69,0.3529
IFN-gamma receptor,ifngr,1JRH,I,15,PRO,7.64,0.0480
IFN-gamma receptor,ifngr,1JRH,I,16,THR,70.71,0.4111
IFN-gamma receptor,ifngr,1JRH,I,17,ASN,110.24,0.5653
IFN-gamma receptor,ifngr,1JRH,I,18,VAL,39.66,0.2279
IFN-gamma receptor,ifngr,1JRH,I,19,THR,54.15,0.3148
IFN-gamma receptor,ifngr,1JRH,I,20,ILE,48.02,0.2438
IFN-gamma receptor,ifngr,1JRH,I,21,GLU,102.57,0.4599
IFN-gamma receptor,ifngr,1JRH,I,22,SER,25.09,0.1619
IFN-gamma receptor,ifngr,1JRH,I,23,TYR,217.38,0.8265
IFN-gamma receptor,ifngr,1JRH,I,24,ASN,105.89,0.5430
IFN-gamma receptor,ifngr,1JRH,I,25,MET,122.05,0.5449
IFN-gamma receptor,ifngr,1JRH,I,26,ASN,59.53,0.3053
IFN-gamma receptor,ifngr,1JRH,I,27,PRO,8.45,0.0532
IFN-gamma receptor,ifngr,1JRH,I,28,ILE,31.40,0.1594
IFN-gamma receptor,ifngr,1JRH,I,29,VAL,0.00,0.0000
IFN-gamma receptor,ifngr,1JRH,I,30,TYR,81.13,0.3085
IFN-gamma receptor,ifngr,1JRH,I,31,TRP,4.42,0.0155
IFN-gamma receptor,ifngr,1JRH,I,32,GLU,88.58,0.3972
IFN-gamma receptor,ifngr,1JRH,I,33,TYR,28.83,0.1096
IFN-gamma receptor,ifngr,1JRH,I,34,GLN,99.45,0.4420
IFN-gamma receptor,ifngr,1JRH,I,35,ILE,148.56,0.7541
IFN-gamma receptor,ifngr,1JRH,I,36,MET,66.44,0.2966
IFN-gamma receptor,ifngr,1JRH,I,37,PRO,130.35,0.8198
IFN-gamma receptor,ifngr,1JRH,I,38,GLN,116.90,0.5196
IFN-gamma receptor,ifngr,1JRH,I,39,VAL,101.01,0.5805
IFN-gamma receptor,ifngr,1JRH,I,40,PRO,17.98,0.1131
IFN-gamma receptor,ifngr,1JRH,I,41,VAL,32.61,0.1874
IFN-gamma receptor,ifngr,1JRH,I,42,PHE,2.42,0.0101
IFN-gamma receptor,ifngr,1JRH,I,43,THR,20.10,0.1169
IFN-gamma receptor,ifngr,1JRH,I,44,VAL,0.00,0.0000
IFN-gamma receptor,ifngr,1JRH,I,45,GLU,16.07,0.0721
IFN-gamma receptor,ifngr,1JRH,I,46,VAL,4.69,0.0270
IFN-gamma receptor,ifngr,1JRH,I,47,LYS,38.71,0.1640
IFN-gamma receptor,ifngr,1JRH,I,48,ASN,30.58,0.1568
IFN-gamma receptor,ifngr,1JRH,I,49,TYR,128.58,0.4889
IFN-gamma receptor,ifngr,1JRH,I,50,GLY,51.87,0.4988
IFN-gamma receptor,ifngr,1JRH,I,51,VAL,100.04,0.5750
IFN-gamma receptor,ifngr,1JRH,I,52,LYS,131.60,0.5576
IFN-gamma receptor,ifngr,1JRH,I,53,ASN,119.37,0.6122
IFN-gamma receptor,ifngr,1JRH,I,54,SER,48.15,0.3107
IFN-gamma receptor,ifngr,1JRH,I,55,GLU,154.08,0.6909
IFN-gamma receptor,ifngr,1JRH,I,56,TRP,83.13,0.2917
IFN-gamma receptor,ifngr,1JRH,I,57,ILE,92.99,0.4720
IFN-gamma receptor,ifngr,1JRH,I,58,ASP,79.17,0.4102
IFN-gamma receptor,ifngr,1JRH,I,59,ALA,30.00,0.2326
IFN-gamma receptor,ifngr,1JRH,I,60,CYS,21.64,0.1296
IFN-gamma receptor,ifngr,1JRH,I,61,ILE,98.28,0.4989
IFN-gamma receptor,ifngr,1JRH,I,62,ASN,91.07,0.4670
IFN-gamma receptor,ifngr,1JRH,I,63,ILE,25.36,0.1287
IFN-gamma receptor,ifngr,1JRH,I,64,SER,72.14,0.4654
IFN-gamma receptor,ifngr,1JRH,I,65,HIS,71.73,0.3202
IFN-gamma receptor,ifngr,1JRH,I,66,HIS,68.58,0.3062
IFN-gamma receptor,ifngr,1JRH,I,67,TYR,105.40,0.4008
IFN-gamma receptor,ifngr,1JRH,I,68,CYS,1.21,0.0072
IFN-gamma receptor,ifngr,1JRH,I,69,ASN,58.96,0.3023
IFN-gamma receptor,ifngr,1JRH,I,70,ILE,2.42,0.0123
IFN-gamma receptor,ifngr,1JRH,I,71,SER,31.52,0.2033
IFN-gamma receptor,ifngr,1JRH,I,72,ASP,119.41,0.6187
IFN-gamma receptor,ifngr,1JRH,I,73,HIS,44.53,0.1988
IFN-gamma receptor,ifngr,1JRH,I,74,VAL,72.81,0.4185
IFN-gamma receptor,ifngr,1JRH,I,75,GLY,44.05,0.4236
IFN-gamma receptor,ifngr,1JRH,I,76,ASP,76.28,0.3952
IFN-gamma receptor,ifngr,1JRH,I,77,PRO,114.57,0.7206
IFN-gamma receptor,ifngr,1JRH,I,78,SER,82.13,0.5299
IFN-gamma receptor,ifngr,1JRH,I,79,ASN,13.15,0.0674
IFN-gamma receptor,ifngr,1JRH,I,80,SER,18.35,0.1184
IFN-gamma receptor,ifngr,1JRH,I,81,LEU,16.77,0.0834
IFN-gamma receptor,ifngr,1JRH,I,82,TRP,78.04,0.2738
IFN-gamma receptor,ifngr,1JRH,I,83,VAL,8.04,0.0462
IFN-gamma receptor,ifngr,1JRH,I,84,ARG,36.20,0.1321
IFN-gamma receptor,ifngr,1JRH,I,85,VAL,0.00,0.0000
IFN-gamma receptor,ifngr,1JRH,I,86,LYS,34.59,0.1465
IFN-gamma receptor,ifngr,1JRH,I,87,ALA,0.00,0.0000
IFN-gamma receptor,ifngr,1JRH,I,88,ARG,95.99,0.3503
IFN-gamma receptor,ifngr,1JRH,I,89,VAL,32.45,0.1865
IFN-gamma receptor,ifngr,1JRH,I,90,GLY,49.83,0.4792
IFN-gamma receptor,ifngr,1JRH,I,91,GLN,181.45,0.8065
IFN-gamma receptor,ifngr,1JRH,I,92,LYS,136.57,0.5787
IFN-gamma receptor,ifngr,1JRH,I,93,GLU,91.91,0.4121
IFN-gamma receptor,ifngr,1JRH,I,94,SER,12.06,0.0778
IFN-gamma receptor,ifngr,1JRH,I,95,ALA,57.40,0.4449
IFN-gamma receptor,ifngr,1JRH,I,96,TYR,78.90,0.3000
IFN-gamma receptor,ifngr,1JRH,I,97,ALA,10.87,0.0843
IFN-gamma receptor,ifngr,1JRH,I,98,LYS,168.80,0.7153
IFN-gamma receptor,ifngr,1JRH,I,99,SER,14.47,0.0934
IFN-gamma receptor,ifngr,1JRH,I,100,GLU,137.19,0.6152
IFN-gamma receptor,ifngr,1JRH,I,101,GLU,88.87,0.3985
IFN-gamma receptor,ifngr,1JRH,I,102,PHE,45.75,0.1906
IFN-gamma receptor,ifngr,1JRH,I,103,ALA,67.20,0.5209
IFN-gamma receptor,ifngr,1JRH,I,104,VAL,134.99,0.7758
IFN-gamma receptor,ifngr,1JRH,I,105,SER,75.39,0.4864
Tissue factor,tf,1AHW,C,4,THR,147.08,0.8551
Tissue factor,tf,1AHW,C,5,ASN,126.43,0.6484
Tissue factor,tf,1AHW,C,6,THR,17.87,0.1039
Tissue factor,tf,1AHW,C,7,VAL,76.08,0.4372
Tissue factor,tf,1AHW,C,8,ALA,22.67,0.1758
Tissue factor,tf,1AHW,C,9,ALA,5.36,0.0415
Tissue factor,tf,1AHW,C,10,TYR,103.53,0.3937
Tissue factor,tf,1AHW,C,11,ASN,81.42,0.4175
Tissue factor,tf,1AHW,C,12,LEU,17.50,0.0871
Tissue factor,tf,1AHW,C,13,THR,43.17,0.2510
Tissue factor,tf,1AHW,C,14,TRP,31.98,0.1122
Tissue factor,tf,1AHW,C,15,LYS,101.75,0.4312
Tissue factor,tf,1AHW,C,16,SER,9.96,0.0642
Tissue factor,tf,1AHW,C,17,THR,72.29,0.4203
Tissue factor,tf,1AHW,C,18,ASN,14.13,0.0724
Tissue factor,tf,1AHW,C,19,PHE,0.00,0.0000
Tissue factor,tf,1AHW,C,20,LYS,115.11,0.4878
Tissue factor,tf,1AHW,C,21,THR,0.00,0.0000
Tissue factor,tf,1AHW,C,22,ILE,36.23,0.1839
Tissue factor,tf,1AHW,C,23,LEU,0.00,0.0000
Tissue factor,tf,1AHW,C,24,GLU,81.33,0.3647
Tissue factor,tf,1AHW,C,25,TRP,6.43,0.0226
Tissue factor,tf,1AHW,C,26,GLU,71.53,0.3208
Tissue factor,tf,1AHW,C,27,PRO,19.32,0.1215
Tissue factor,tf,1AHW,C,28,LYS,143.95,0.6100
Tissue factor,tf,1AHW,C,29,PRO,9.78,0.0615
Tissue factor,tf,1AHW,C,30,VAL,109.49,0.6293
Tissue factor,tf,1AHW,C,31,ASN,114.09,0.5851
Tissue factor,tf,1AHW,C,32,GLN,5.52,0.0245
Tissue factor,tf,1AHW,C,33,VAL,20.53,0.1180
Tissue factor,tf,1AHW,C,34,TYR,0.00,0.0000
Tissue factor,tf,1AHW,C,35,THR,7.11,0.0413
Tissue factor,tf,1AHW,C,36,VAL,0.00,0.0000
Tissue factor,tf,1AHW,C,37,GLN,41.54,0.1846
Tissue factor,tf,1AHW,C,38,ILE,5.90,0.0300
Tissue factor,tf,1AHW,C,39,SER,8.45,0.0545
Tissue factor,tf,1AHW,C,40,THR,59.16,0.3440
Tissue factor,tf,1AHW,C,41,LYS,98.92,0.4191
Tissue factor,tf,1AHW,C,42,SER,90.35,0.5829
Tissue factor,tf,1AHW,C,43,GLY,29.44,0.2831
Tissue factor,tf,1AHW,C,44,ASP,154.15,0.7987
Tissue factor,tf,1AHW,C,45,TRP,88.19,0.3095
Tissue factor,tf,1AHW,C,46,LYS,89.11,0.3776
Tissue factor,tf,1AHW,C,47,SER,45.34,0.2925
Tissue factor,tf,1AHW,C,48,LYS,58.59,0.2483
Tissue factor,tf,1AHW,C,49,CYS,25.34,0.1517
Tissue factor,tf,1AHW,C,50,PHE,121.43,0.5060
Tissue factor,tf,1AHW,C,51,TYR,124.28,0.4725
Tissue factor,tf,1AHW,C,52,THR,22.13,0.1287
Tissue factor,tf,1AHW,C,53,THR,77.49,0.4505
Tissue factor,tf,1AHW,C,54,ASP,94.31,0.4886
Tissue factor,tf,1AHW,C,55,THR,40.41,0.2350
Tissue factor,tf,1AHW,C,56,GLU,92.45,0.4146
Tissue factor,tf,1AHW,C,57,CYS,1.21,0.0072
Tissue factor,tf,1AHW,C,58,ASP,57.16,0.2962
Tissue factor,tf,1AHW,C,59,LEU,0.00,0.0000
Tissue factor,tf,1AHW,C,60,THR,14.36,0.0835
Tissue factor,tf,1AHW,C,61,ASP,84.05,0.4355
Tissue factor,tf,1AHW,C,62,GLU,18.21,0.0817
Tissue factor,tf,1AHW,C,63,ILE,0.00,0.0000
Tissue factor,tf,1AHW,C,64,VAL,25.34,0.1456
Tissue factor,tf,1AHW,C,65,LYS,139.76,0.5922
Tissue factor,tf,1AHW,C,66,ASP,71.14,0.3686
Tissue factor,tf,1AHW,C,67,VAL,20.53,0.1180
Tissue factor,tf,1AHW,C,68,LYS,139.86,0.5926
Tissue factor,tf,1AHW,C,69,GLN,54.74,0.2433
Tissue factor,tf,1AHW,C,70,THR,26.69,0.1552
Tissue factor,tf,1AHW,C,71,TYR,12.60,0.0479
Tissue factor,tf,1AHW,C,72,LEU,27.78,0.1382
Tissue factor,tf,1AHW,C,73,ALA,0.00,0.0000
Tissue factor,tf,1AHW,C,74,ARG,32.81,0.1197
Tissue factor,tf,1AHW,C,75,VAL,0.00,0.0000
Tissue factor,tf,1AHW,C,76,PHE,18.11,0.0755
Tissue factor,tf,1AHW,C,77,SER,2.14,0.0138
Tissue factor,tf,1AHW,C,78,TYR,40.62,0.1544
Tissue factor,tf,1AHW,C,79,PRO,18.11,0.1139
Tissue factor,tf,1AHW,C,80,ALA,36.60,0.2837
Tissue factor,tf,1AHW,C,81,GLY,66.62,0.6405
Tissue factor,tf,1AHW,C,82,ASN,139.78,0.7168
Tissue factor,tf,1AHW,C,83,VAL,79.52,0.4570
Tissue factor,tf,1AHW,C,84,GLU,176.90,0.7933
Tissue factor,tf,1AHW,C,85,SER,56.32,0.3633
Tissue factor,tf,1AHW,C,86,THR,40.66,0.2364
Tissue factor,tf,1AHW,C,87,GLY,46.17,0.4439
Tissue factor,tf,1AHW,C,88,SER,136.96,0.8836
Tissue factor,tf,1AHW,C,89,ALA,81.47,0.6316
Tissue factor,tf,1AHW,C,90,GLY,53.79,0.5172
Tissue factor,tf,1AHW,C,91,GLU,126.08,0.5654
Tissue factor,tf,1AHW,C,92,PRO,25.75,0.1620
Tissue factor,tf,1AHW,C,93,LEU,75.97,0.3779
Tissue factor,tf,1AHW,C,94,TYR,101.51,0.3860
Tissue factor,tf,1AHW,C,95,GLU,82.38,0.3694
Tissue factor,tf,1AHW,C,96,ASN,65.88,0.3378
Tissue factor,tf,1AHW,C,97,SER,9.78,0.0631
Tissue factor,tf,1AHW,C,98,PRO,65.21,0.4101
Tissue factor,tf,1AHW,C,99,GLU,93.20,0.4179
Tissue factor,tf,1AHW,C,100,PHE,8.45,0.0352
Tissue factor,tf,1AHW,C,101,THR,23.73,0.1379
Tissue factor,tf,1AHW,C,102,PRO,0.00,0.0000
Tissue factor,tf,1AHW,C,103,TYR,22.79,0.0867
Tissue factor,tf,1AHW,C,104,LEU,66.15,0.3291
Tissue factor,tf,1AHW,C,105,GLU,67.52,0.3028
Tissue factor,tf,1AHW,C,106,THR,1.21,0.0070
Tissue factor,tf,1AHW,C,107,ASN,61.36,0.3147
Tissue factor,tf,1AHW,C,108,LEU,8.57,0.0426
Tissue factor,tf,1AHW,C,109,GLY,17.43,0.1676
Tissue factor,tf,1AHW,C,110,GLN,79.40,0.3529
Tissue factor,tf,1AHW,C,111,PRO,6.04,0.0380
Tissue factor,tf,1AHW,C,112,THR,47.74,0.2776
Tissue factor,tf,1AHW,C,113,ILE,11.81,0.0599
Tissue factor,tf,1AHW,C,114,GLN,113.54,0.5046
Tissue factor,tf,1AHW,C,115,SER,57.93,0.3737
Tissue factor,tf,1AHW,C,116,PHE,59.16,0.2465
Tissue factor,tf,1AHW,C,117,GLU,95.88,0.4300
Tissue factor,tf,1AHW,C,118,GLN,98.45,0.4376
Tissue factor,tf,1AHW,C,119,VAL,84.24,0.4842
Tissue factor,tf,1AHW,C,120,GLY,60.41,0.5809
Tissue factor,tf,1AHW,C,121,THR,115.52,0.6716
Tissue factor,tf,1AHW,C,122,LYS,56.07,0.2376
Tissue factor,tf,1AHW,C,123,VAL,0.00,0.0000
Tissue factor,tf,1AHW,C,124,ASN,31.07,0.1593
Tissue factor,tf,1AHW,C,125,VAL,2.42,0.0139
Tissue factor,tf,1AHW,C,126,THR,25.48,0.1481
Tissue factor,tf,1AHW,C,127,VAL,6.70,0.0385
Tissue factor,tf,1AHW,C,128,GLU,69.94,0.3136
Tissue factor,tf,1AHW,C,129,ASP,66.69,0.3455
Tissue factor,tf,1AHW,C,130,GLU,38.73,0.1737
Tissue factor,tf,1AHW,C,131,ARG,167.24,0.6104
Tissue factor,tf,1AHW,C,132,THR,3.62,0.0211
Tissue factor,tf,1AHW,C,133,LEU,53.41,0.2657
Tissue factor,tf,1AHW,C,134,VAL,12.08,0.0694
Tissue factor,tf,1AHW,C,135,ARG,115.50,0.4215
Tissue factor,tf,1AHW,C,136,ARG,123.06,0.4491
Tissue factor,tf,1AHW,C,137,ASN,114.87,0.5891
Tissue factor,tf,1AHW,C,138,ASN,132.59,0.6799
Tissue factor,tf,1AHW,C,139,THR,74.53,0.4333
Tissue factor,tf,1AHW,C,140,PHE,98.78,0.4116
Tissue factor,tf,1AHW,C,141,LEU,15.70,0.0781
Tissue factor,tf,1AHW,C,142,SER,11.96,0.0772
Tissue factor,tf,1AHW,C,143,LEU,12.08,0.0601
Tissue factor,tf,1AHW,C,144,ARG,34.07,0.1243
Tissue factor,tf,1AHW,C,145,ASP,82.79,0.4290
Tissue factor,tf,1AHW,C,146,VAL,26.53,0.1525
Tissue factor,tf,1AHW,C,147,PHE,8.84,0.0369
Tissue factor,tf,1AHW,C,148,GLY,27.66,0.2660
Tissue factor,tf,1AHW,C,149,LYS,142.80,0.6051
Tissue factor,tf,1AHW,C,150,ASP,31.27,0.1620
Tissue factor,tf,1AHW,C,151,LEU,0.00,0.0000
Tissue factor,tf,1AHW,C,152,ILE,37.44,0.1900
Tissue factor,tf,1AHW,C,153,TYR,3.35,0.0127
Tissue factor,tf,1AHW,C,154,THR,21.97,0.1278
Tissue factor,tf,1AHW,C,155,LEU,0.00,0.0000
Tissue factor,tf,1AHW,C,156,TYR,73.20,0.2783
Tissue factor,tf,1AHW,C,157,TYR,25.19,0.0958
Tissue factor,tf,1AHW,C,158,TRP,51.31,0.1800
Tissue factor,tf,1AHW,C,159,LYS,77.01,0.3263
Tissue factor,tf,1AHW,C,160,SER,59.65,0.3848
Tissue factor,tf,1AHW,C,161,SER,89.53,0.5776
Tissue factor,tf,1AHW,C,162,SER,65.41,0.4220
Tissue factor,tf,1AHW,C,163,SER,104.41,0.6736
Tissue factor,tf,1AHW,C,164,GLY,55.99,0.5384
Tissue factor,tf,1AHW,C,165,LYS,95.00,0.4026
Tissue factor,tf,1AHW,C,166,LYS,119.89,0.5080
Tissue factor,tf,1AHW,C,167,THR,79.97,0.4650
Tissue factor,tf,1AHW,C,168,ALA,24.15,0.1872
Tissue factor,tf,1AHW,C,169,LYS,155.29,0.6580
Tissue factor,tf,1AHW,C,170,THR,15.68,0.0912
Tissue factor,tf,1AHW,C,171,ASN,62.70,0.3216
Tissue factor,tf,1AHW,C,172,THR,77.80,0.4523
Tissue factor,tf,1AHW,C,173,ASN,28.78,0.1476
Tissue factor,tf,1AHW,C,174,GLU,92.19,0.4134
Tissue factor,tf,1AHW,C,175,PHE,12.08,0.0503
Tissue factor,tf,1AHW,C,176,LEU,85.43,0.4250
Tissue factor,tf,1AHW,C,177,ILE,6.04,0.0307
Tissue factor,tf,1AHW,C,178,ASP,82.51,0.4275
Tissue factor,tf,1AHW,C,179,VAL,30.29,0.1741
Tissue factor,tf,1AHW,C,180,ASP,69.14,0.3582
Tissue factor,tf,1AHW,C,181,LYS,195.41,0.8280
Tissue factor,tf,1AHW,C,182,GLY,77.71,0.7472
Tissue factor,tf,1AHW,C,183,GLU,58.31,0.2615
Tissue factor,tf,1AHW,C,184,ASN,40.57,0.2081
Tissue factor,tf,1AHW,C,185,TYR,15.02,0.0571
Tissue factor,tf,1AHW,C,186,CYS,14.15,0.0848
Tissue factor,tf,1AHW,C,187,PHE,0.00,0.0000
Tissue factor,tf,1AHW,C,188,SER,8.57,0.0553
Tissue factor,tf,1AHW,C,189,VAL,2.42,0.0139
Tissue factor,tf,1AHW,C,190,GLN,19.46,0.0865
Tissue factor,tf,1AHW,C,191,ALA,3.62,0.0281
Tissue factor,tf,1AHW,C,192,VAL,18.11,0.1041
Tissue factor,tf,1AHW,C,193,ILE,0.00,0.0000
Tissue factor,tf,1AHW,C,194,PRO,55.12,0.3467
Tissue factor,tf,1AHW,C,195,SER,63.80,0.4116
Tissue factor,tf,1AHW,C,196,ARG,7.50,0.0274
Tissue factor,tf,1AHW,C,197,THR,126.17,0.7336
Tissue factor,tf,1AHW,C,198,VAL,109.98,0.6320
Tissue factor,tf,1AHW,C,199,ASN,49.31,0.2529
Tissue factor,tf,1AHW,C,200,ARG,80.95,0.2954
Tissue factor,tf,1AHW,C,201,LYS,127.53,0.5404
Tissue factor,tf,1AHW,C,202,SER,15.55,0.1003
Tissue factor,tf,1AHW,C,203,THR,88.85,0.5166
Tissue factor,tf,1AHW,C,204,ASP,79.50,0.4119
Tissue factor,tf,1AHW,C,205,SER,3.35,0.0216
Tissue factor,tf,1AHW,C,206,PRO,73.39,0.4616
Tissue factor,tf,1AHW,C,207,VAL,81.93,0.4708
Tissue factor,tf,1AHW,C,208,GLU,64.60,0.2897
Tissue factor,tf,1AHW,C,209,CYS,68.53,0.4104
Tissue factor,tf,1AHW,C,210,MET,57.62,0.2572
Tissue factor,tf,1AHW,C,211,GLY,80.89,0.7778
HCMV glycoprotein B,hcmvgb,5C6T,A,88,LYS,234.23,0.9925
HCMV glycoprotein B,hcmvgb,5C6T,A,89,TYR,107.71,0.4095
HCMV glycoprotein B,hcmvgb,5C6T,A,90,PRO,33.81,0.2127
HCMV glycoprotein B,hcmvgb,5C6T,A,91,TYR,33.52,0.1275
HCMV glycoprotein B,hcmvgb,5C6T,A,92,ARG,25.54,0.0932
HCMV glycoprotein B,hcmvgb,5C6T,A,93,VAL,23.20,0.1333
HCMV glycoprotein B,hcmvgb,5C6T,A,94,CYS,1.07,0.0064
HCMV glycoprotein B,hcmvgb,5C6T,A,95,SER,59.53,0.3841
HCMV glycoprotein B,hcmvgb,5C6T,A,96,MET,85.36,0.3811
HCMV glycoprotein B,hcmvgb,5C6T,A,97,ALA,102.02,0.7909
HCMV glycoprotein B,hcmvgb,5C6T,A,98,GLN,138.53,0.6157
HCMV glycoprotein B,hcmvgb,5C6T,A,99,GLY,71.33,0.6858
HCMV glycoprotein B,hcmvgb,5C6T,A,100,THR,103.86,0.6038
HCMV glycoprotein B,hcmvgb,5C6T,A,101,ASP,96.14,0.4981
HCMV glycoprotein B,hcmvgb,5C6T,A,102,LEU,85.87,0.4272
HCMV glycoprotein B,hcmvgb,5C6T,A,103,ILE,50.72,0.2575
HCMV glycoprotein B,hcmvgb,5C6T,A,104,ARG,138.86,0.5068
HCMV glycoprotein B,hcmvgb,5C6T,A,105,PHE,29.79,0.1241
HCMV glycoprotein B,hcmvgb,5C6T,A,106,GLU,87.67,0.3931
HCMV glycoprotein B,hcmvgb,5C6T,A,107,ARG,175.93,0.6421
HCMV glycoprotein B,hcmvgb,5C6T,A,108,ASN,106.94,0.5484
HCMV glycoprotein B,hcmvgb,5C6T,A,109,ILE,64.26,0.3262
HCMV glycoprotein B,hcmvgb,5C6T,A,110,VAL,113.96,0.6549
HCMV glycoprotein B,hcmvgb,5C6T,A,111,CYS,39.08,0.2340
HCMV glycoprotein B,hcmvgb,5C6T,A,112,THR,121.13,0.7043
HCMV glycoprotein B,hcmvgb,5C6T,A,113,SER,94.85,0.6119
HCMV glycoprotein B,hcmvgb,5C6T,A,114,MET,142.87,0.6378
HCMV glycoprotein B,hcmvgb,5C6T,A,121,LEU,167.85,0.8351
HCMV glycoprotein B,hcmvgb,5C6T,A,122,ASP,59.93,0.3105
HCMV glycoprotein B,hcmvgb,5C6T,A,123,GLU,43.74,0.1961
HCMV glycoprotein B,hcmvgb,5C6T,A,124,GLY,0.00,0.0000
HCMV glycoprotein B,hcmvgb,5C6T,A,125,ILE,0.00,0.0000
HCMV glycoprotein B,hcmvgb,5C6T,A,126,MET,0.00,0.0000
HCMV glycoprotein B,hcmvgb,5C6T,A,127,VAL,0.00,0.0000
HCMV glycoprotein B,hcmvgb,5C6T,A,128,VAL,0.00,0.0000
HCMV glycoprotein B,hcmvgb,5C6T,A,129,TYR,0.00,0.0000
HCMV glycoprotein B,hcmvgb,5C6T,A,130,LYS,84.80,0.3593
HCMV glycoprotein B,hcmvgb,5C6T,A,131,ARG,34.95,0.1276
HCMV glycoprotein B,hcmvgb,5C6T,A,132,ASN,31.57,0.1619
HCMV glycoprotein B,hcmvgb,5C6T,A,133,ILE,119.42,0.6062
HCMV glycoprotein B,hcmvgb,5C6T,A,134,VAL,114.03,0.6553
HCMV glycoprotein B,hcmvgb,5C6T,A,135,ALA,41.16,0.3190
HCMV glycoprotein B,hcmvgb,5C6T,A,136,HIS,22.60,0.1009
HCMV glycoprotein B,hcmvgb,5C6T,A,137,THR,68.20,0.3965
HCMV glycoprotein B,hcmvgb,5C6T,A,138,PHE,19.32,0.0805
HCMV glycoprotein B,hcmvgb,5C6T,A,139,LYS,102.61,0.4348
HCMV glycoprotein B,hcmvgb,5C6T,A,140,VAL,0.00,0.0000
HCMV glycoprotein B,hcmvgb,5C6T,A,141,ARG,28.14,0.1027
HCMV glycoprotein B,hcmvgb,5C6T,A,142,VAL,14.49,0.0833
HCMV glycoprotein B,hcmvgb,5C6T,A,143,TYR,2.42,0.0092
HCMV glycoprotein B,hcmvgb,5C6T,A,144,GLN,22.95,0.1020
HCMV glycoprotein B,hcmvgb,5C6T,A,145,LYS,0.00,0.0000
HCMV glycoprotein B,hcmvgb,5C6T,A,146,VAL,15.70,0.0902
HCMV glycoprotein B,hcmvgb,5C6T,A,147,LEU,8.45,0.0421
HCMV glycoprotein B,hcmvgb,5C6T,A,148,THR,17.16,0.0998
HCMV glycoprotein B,hcmvgb,5C6T,A,149,PHE,39.85,0.1660
HCMV glycoprotein B,hcmvgb,5C6T,A,150,ARG,76.83,0.2804
HCMV glycoprotein B,hcmvgb,5C6T,A,151,ARG,78.33,0.2859
HCMV glycoprotein B,hcmvgb,5C6T,A,152,SER,6.97,0.0450
HCMV glycoprotein B,hcmvgb,5C6T,A,153,TYR,80.29,0.3053
HCMV glycoprotein B,hcmvgb,5C6T,A,154,ALA,7.25,0.0562
HCMV glycoprotein B,hcmvgb,5C6T,A,155,TYR,130.86,0.4976
HCMV glycoprotein B,hcmvgb,5C6T,A,156,HIS,151.36,0.6757
HCMV glycoprotein B,hcmvgb,5C6T,A,157,ARG,227.58,0.8306
HCMV glycoprotein B,hcmvgb,5C6T,A,158,THR,62.52,0.3635
HCMV glycoprotein B,hcmvgb,5C6T,A,159,THR,76.52,0.4449
HCMV glycoprotein B,hcmvgb,5C6T,A,160,TYR,125.11,0.4757
HCMV glycoprotein B,hcmvgb,5C6T,A,161,LEU,140.87,0.7009
HCMV glycoprotein B,hcmvgb,5C6T,A,162,LEU,69.62,0.3463
HCMV glycoprotein B,hcmvgb,5C6T,A,163,GLY,31.92,0.3069
HCMV glycoprotein B,hcmvgb,5C6T,A,164,SER,53.67,0.3463
HCMV glycoprotein B,hcmvgb,5C6T,A,165,ASN,95.82,0.4914
HCMV glycoprotein B,hcmvgb,5C6T,A,166,THR,67.23,0.3909
HCMV glycoprotein B,hcmvgb,5C6T,A,167,GLU,63.80,0.2861
HCMV glycoprotein B,hcmvgb,5C6T,A,168,TYR,123.57,0.4699
HCMV glycoprotein B,hcmvgb,5C6T,A,169,VAL,7.25,0.0416
HCMV glycoprotein B,hcmvgb,5C6T,A,170,ALA,15.82,0.1226
HCMV glycoprotein B,hcmvgb,5C6T,A,171,PRO,5.36,0.0337
HCMV glycoprotein B,hcmvgb,5C6T,A,172,PRO,42.15,0.2651
HCMV glycoprotein B,hcmvgb,5C6T,A,173,MET,30.83,0.1376
HCMV glycoprotein B,hcmvgb,5C6T,A,174,TRP,143.23,0.5026
HCMV glycoprotein B,hcmvgb,5C6T,A,175,GLU,1.21,0.0054
HCMV glycoprotein B,hcmvgb,5C6T,A,176,ILE,0.00,0.0000
HCMV glycoprotein B,hcmvgb,5C6T,A,177,HIS,58.60,0.2616
HCMV glycoprotein B,hcmvgb,5C6T,A,178,HIS,30.03,0.1341
HCMV glycoprotein B,hcmvgb,5C6T,A,179,ILE,1.21,0.0061
HCMV glycoprotein B,hcmvgb,5C6T,A,180,ASN,1.07,0.0055
HCMV glycoprotein B,hcmvgb,5C6T,A,181,SER,36.45,0.2351
HCMV glycoprotein B,hcmvgb,5C6T,A,182,HIS,97.27,0.4343
HCMV glycoprotein B,hcmvgb,5C6T,A,183,SER,0.00,0.0000
HCMV glycoprotein B,hcmvgb,5C6T,A,184,GLN,36.83,0.1637
HCMV glycoprotein B,hcmvgb,5C6T,A,185,CYS,2.28,0.0136
HCMV glycoprotein B,hcmvgb,5C6T,A,186,TYR,63.80,0.2426
HCMV glycoprotein B,hcmvgb,5C6T,A,187,SER,1.21,0.0078
HCMV glycoprotein B,hcmvgb,5C6T,A,188,SER,21.43,0.1383
HCMV glycoprotein B,hcmvgb,5C6T,A,189,TYR,26.14,0.0994
HCMV glycoprotein B,hcmvgb,5C6T,A,190,SER,61.58,0.3973
HCMV glycoprotein B,hcmvgb,5C6T,A,191,ARG,94.83,0.3461
HCMV glycoprotein B,hcmvgb,5C6T,A,192,VAL,89.47,0.5142
HCMV glycoprotein B,hcmvgb,5C6T,A,193,ILE,105.59,0.5360
HCMV glycoprotein B,hcmvgb,5C6T,A,194,ALA,103.76,0.8043
HCMV glycoprotein B,hcmvgb,5C6T,A,195,GLY,59.64,0.5735
HCMV glycoprotein B,hcmvgb,5C6T,A,196,THR,103.03,0.5990
HCMV glycoprotein B,hcmvgb,5C6T,A,197,VAL,97.03,0.5576
HCMV glycoprotein B,hcmvgb,5C6T,A,198,PHE,118.35,0.4931
HCMV glycoprotein B,hcmvgb,5C6T,A,199,VAL,80.33,0.4617
HCMV glycoprotein B,hcmvgb,5C6T,A,200,ALA,9.66,0.0749
HCMV glycoprotein B,hcmvgb,5C6T,A,201,TYR,84.62,0.3218
HCMV glycoprotein B,hcmvgb,5C6T,A,202,HIS,10.53,0.0470
HCMV glycoprotein B,hcmvgb,5C6T,A,203,ARG,70.59,0.2576
HCMV glycoprotein B,hcmvgb,5C6T,A,204,ASP,55.75,0.2889
HCMV glycoprotein B,hcmvgb,5C6T,A,205,SER,121.17,0.7817
HCMV glycoprotein B,hcmvgb,5C6T,A,206,TYR,22.65,0.0861
HCMV glycoprotein B,hcmvgb,5C6T,A,207,GLU,115.42,0.5176
HCMV glycoprotein B,hcmvgb,5C6T,A,208,ASN,86.90,0.4457
HCMV glycoprotein B,hcmvgb,5C6T,A,209,LYS,86.90,0.3682
HCMV glycoprotein B,hcmvgb,5C6T,A,210,THR,64.36,0.3742
HCMV glycoprotein B,hcmvgb,5C6T,A,211,MET,36.55,0.1631
HCMV glycoprotein B,hcmvgb,5C6T,A,212,GLN,76.12,0.3383
HCMV glycoprotein B,hcmvgb,5C6T,A,213,LEU,0.00,0.0000
HCMV glycoprotein B,hcmvgb,5C6T,A,214,MET,61.07,0.2727
HCMV glycoprotein B,hcmvgb,5C6T,A,215,PRO,61.32,0.3856
HCMV glycoprotein B,hcmvgb,5C6T,A,216,ASP,52.64,0.2727
HCMV glycoprotein B,hcmvgb,5C6T,A,217,ASP,130.68,0.6771
HCMV glycoprotein B,hcmvgb,5C6T,A,218,TYR,142.61,0.5423
HCMV glycoprotein B,hcmvgb,5C6T,A,221,THR,116.84,0.6793
HCMV glycoprotein B,hcmvgb,5C6T,A,222,HIS,149.06,0.6655
HCMV glycoprotein B,hcmvgb,5C6T,A,223,SER,10.71,0.0691
HCMV glycoprotein B,hcmvgb,5C6T,A,224,THR,32.43,0.1886
HCMV glycoprotein B,hcmvgb,5C6T,A,225,ARG,60.95,0.2224
HCMV glycoprotein B,hcmvgb,5C6T,A,226,TYR,29.34,0.1116
HCMV glycoprotein B,hcmvgb,5C6T,A,227,VAL,7.25,0.0416
HCMV glycoprotein B,hcmvgb,5C6T,A,228,THR,12.99,0.0755
HCMV glycoprotein B,hcmvgb,5C6T,A,229,VAL,14.88,0.0855
HCMV glycoprotein B,hcmvgb,5C6T,A,230,LYS,120.92,0.5124
HCMV glycoprotein B,hcmvgb,5C6T,A,231,ASP,79.09,0.4098
HCMV glycoprotein B,hcmvgb,5C6T,A,232,GLN,98.65,0.4385
HCMV glycoprotein B,hcmvgb,5C6T,A,233,TRP,73.60,0.2582
HCMV glycoprotein B,hcmvgb,5C6T,A,234,HIS,52.78,0.2356
HCMV glycoprotein B,hcmvgb,5C6T,A,235,SER,43.73,0.2821
HCMV glycoprotein B,hcmvgb,5C6T,A,236,ARG,189.18,0.6904
HCMV glycoprotein B,hcmvgb,5C6T,A,240,ASN,122.98,0.6307
HCMV glycoprotein B,hcmvgb,5C6T,A,241,LEU,133.68,0.6651
HCMV glycoprotein B,hcmvgb,5C6T,A,242,THR,70.11,0.4076
HCMV glycoprotein B,hcmvgb,5C6T,A,243,ARG,63.75,0.2327
HCMV glycoprotein B,hcmvgb,5C6T,A,244,GLU,90.18,0.4044
HCMV glycoprotein B,hcmvgb,5C6T,A,245,THR,1.07,0.0062
HCMV glycoprotein B,hcmvgb,5C6T,A,246,SER,15.41,0.0994
HCMV glycoprotein B,hcmvgb,5C6T,A,247,ASN,5.70,0.0292
HCMV glycoprotein B,hcmvgb,5C6T,A,248,LEU,5.63,0.0280
HCMV glycoprotein B,hcmvgb,5C6T,A,249,ASN,17.42,0.0893
HCMV glycoprotein B,hcmvgb,5C6T,A,250,CYS,4.87,0.0292
HCMV glycoprotein B,hcmvgb,5C6T,A,251,MET,20.43,0.0912
HCMV glycoprotein B,hcmvgb,5C6T,A,252,VAL,0.00,0.0000
HCMV glycoprotein B,hcmvgb,5C6T,A,253,THR,5.77,0.0335
HCMV glycoprotein B,hcmvgb,5C6T,A,254,ILE,27.78,0.1410
HCMV glycoprotein B,hcmvgb,5C6T,A,255,THR,2.14,0.0125
HCMV glycoprotein B,hcmvgb,5C6T,A,256,THR,31.38,0.1824
HCMV glycoprotein B,hcmvgb,5C6T,A,257,ALA,0.00,0.0000
HCMV glycoprotein B,hcmvgb,5C6T,A,258,ARG,150.54,0.5494
HCMV glycoprotein B,hcmvgb,5C6T,A,259,SER,5.92,0.0382
HCMV glycoprotein B,hcmvgb,5C6T,A,260,LYS,125.00,0.5297
HCMV glycoprotein B,hcmvgb,5C6T,A,261,TYR,145.77,0.5543
HCMV glycoprotein B,hcmvgb,5C6T,A,262,PRO,63.05,0.3965
HCMV glycoprotein B,hcmvgb,5C6T,A,263,TYR,11.92,0.0453
HCMV glycoprotein B,hcmvgb,5C6T,A,264,HIS,84.44,0.3770
HCMV glycoprotein B,hcmvgb,5C6T,A,265,PHE,99.96,0.4165
HCMV glycoprotein B,hcmvgb,5C6T,A,266,PHE,1.21,0.0050
HCMV glycoprotein B,hcmvgb,5C6T,A,267,ALA,26.05,0.2019
HCMV glycoprotein B,hcmvgb,5C6T,A,268,THR,22.52,0.1309
HCMV glycoprotein B,hcmvgb,5C6T,A,269,SER,94.83,0.6118
HCMV glycoprotein B,hcmvgb,5C6T,A,270,THR,69.97,0.4068
HCMV glycoprotein B,hcmvgb,5C6T,A,271,GLY,57.80,0.5558
HCMV glycoprotein B,hcmvgb,5C6T,A,272,ASP,18.35,0.0951
HCMV glycoprotein B,hcmvgb,5C6T,A,273,VAL,72.19,0.4149
HCMV glycoprotein B,hcmvgb,5C6T,A,274,VAL,1.21,0.0069
HCMV glycoprotein B,hcmvgb,5C6T,A,275,ASP,57.33,0.2971
HCMV glycoprotein B,hcmvgb,5C6T,A,276,ILE,0.00,0.0000
HCMV glycoprotein B,hcmvgb,5C6T,A,277,SER,5.49,0.0354
HCMV glycoprotein B,hcmvgb,5C6T,A,278,PRO,3.35,0.0211
HCMV glycoprotein B,hcmvgb,5C6T,A,279,PHE,3.35,0.0140
HCMV glycoprotein B,hcmvgb,5C6T,A,280,TYR,29.07,0.1105
HCMV glycoprotein B,hcmvgb,5C6T,A,281,ASN,46.14,0.2366
HCMV glycoprotein B,hcmvgb,5C6T,A,282,GLY,43.85,0.4216
HCMV glycoprotein B,hcmvgb,5C6T,A,283,THR,124.53,0.7240
HCMV glycoprotein B,hcmvgb,5C6T,A,284,ASN,39.12,0.2006
HCMV glycoprotein B,hcmvgb,5C6T,A,285,ARG,123.86,0.4520
HCMV glycoprotein B,hcmvgb,5C6T,A,286,ASN,153.12,0.7852
HCMV glycoprotein B,hcmvgb,5C6T,A,287,ALA,71.51,0.5543
HCMV glycoprotein B,hcmvgb,5C6T,A,288,SER,21.04,0.1357
HCMV glycoprotein B,hcmvgb,5C6T,A,289,TYR,78.42,0.2982
HCMV glycoprotein B,hcmvgb,5C6T,A,290,PHE,14.88,0.0620
HCMV glycoprotein B,hcmvgb,5C6T,A,291,GLY,33.37,0.3209
HCMV glycoprotein B,hcmvgb,5C6T,A,292,GLU,48.76,0.2187
HCMV glycoprotein B,hcmvgb,5C6T,A,293,ASN,77.47,0.3973
HCMV glycoprotein B,hcmvgb,5C6T,A,294,ALA,75.86,0.5881
HCMV glycoprotein B,hcmvgb,5C6T,A,295,ASP,118.03,0.6116
HCMV glycoprotein B,hcmvgb,5C6T,A,296,LYS,79.91,0.3386
HCMV glycoprotein B,hcmvgb,5C6T,A,297,PHE,28.28,0.1179
HCMV glycoprotein B,hcmvgb,5C6T,A,298,PHE,68.83,0.2868
HCMV glycoprotein B,hcmvgb,5C6T,A,299,ILE,45.15,0.2292
HCMV glycoprotein B,hcmvgb,5C6T,A,300,PHE,65.21,0.2717
HCMV glycoprotein B,hcmvgb,5C6T,A,301,PRO,91.35,0.5745
HCMV glycoprotein B,hcmvgb,5C6T,A,302,ASN,123.95,0.6356
HCMV glycoprotein B,hcmvgb,5C6T,A,303,TYR,22.81,0.0867
HCMV glycoprotein B,hcmvgb,5C6T,A,304,THR,51.50,0.2994
HCMV glycoprotein B,hcmvgb,5C6T,A,305,ILE,4.83,0.0245
HCMV glycoprotein B,hcmvgb,5C6T,A,306,VAL,4.83,0.0278
HCMV glycoprotein B,hcmvgb,5C6T,A,307,SER,48.90,0.3155
HCMV glycoprotein B,hcmvgb,5C6T,A,308,ASP,45.55,0.2360
HCMV glycoprotein B,hcmvgb,5C6T,A,309,PHE,9.66,0.0403
HCMV glycoprotein B,hcmvgb,5C6T,A,310,GLY,15.55,0.1495
HCMV glycoprotein B,hcmvgb,5C6T,A,311,ARG,110.80,0.4044
HCMV glycoprotein B,hcmvgb,5C6T,A,312,PRO,85.28,0.5363
HCMV glycoprotein B,hcmvgb,5C6T,A,313,ASN,116.93,0.5996
HCMV glycoprotein B,hcmvgb,5C6T,A,314,SER,9.64,0.0622
HCMV glycoprotein B,hcmvgb,5C6T,A,315,ALA,67.17,0.5207
HCMV glycoprotein B,hcmvgb,5C6T,A,316,LEU,104.26,0.5187
HCMV glycoprotein B,hcmvgb,5C6T,A,317,GLU,88.32,0.3961
HCMV glycoprotein B,hcmvgb,5C6T,A,318,THR,88.60,0.5151
HCMV glycoprotein B,hcmvgb,5C6T,A,319,HIS,29.62,0.1322
HCMV glycoprotein B,hcmvgb,5C6T,A,320,ARG,142.13,0.5187
HCMV glycoprotein B,hcmvgb,5C6T,A,321,LEU,20.28,0.1009
HCMV glycoprotein B,hcmvgb,5C6T,A,322,VAL,0.00,0.0000
HCMV glycoprotein B,hcmvgb,5C6T,A,323,ALA,0.00,0.0000
HCMV glycoprotein B,hcmvgb,5C6T,A,324,PHE,1.21,0.0050
HCMV glycoprotein B,hcmvgb,5C6T,A,325,LEU,7.25,0.0360
HCMV glycoprotein B,hcmvgb,5C6T,A,326,GLU,45.16,0.2025
HCMV glycoprotein B,hcmvgb,5C6T,A,327,ARG,69.70,0.2544
HCMV glycoprotein B,hcmvgb,5C6T,A,328,ALA,89.99,0.6976
HCMV glycoprotein B,hcmvgb,5C6T,A,329,ASP,57.89,0.3000
HCMV glycoprotein B,hcmvgb,5C6T,A,330,SER,2.42,0.0156
HCMV glycoprotein B,hcmvgb,5C6T,A,331,VAL,0.00,0.0000
HCMV glycoprotein B,hcmvgb,5C6T,A,332,ILE,3.62,0.0184
HCMV glycoprotein B,hcmvgb,5C6T,A,333,SER,0.00,0.0000
HCMV glycoprotein B,hcmvgb,5C6T,A,334,TRP,1.21,0.0042
HCMV glycoprotein B,hcmvgb,5C6T,A,335,ASP,55.95,0.2899
HCMV glycoprotein B,hcmvgb,5C6T,A,336,ILE,8.57,0.0435
HCMV glycoprotein B,hcmvgb,5C6T,A,337,GLN,72.21,0.3209
HCMV glycoprotein B,hcmvgb,5C6T,A,338,ASP,81.44,0.4220
HCMV glycoprotein B,hcmvgb,5C6T,A,339,GLU,61.02,0.2736
HCMV glycoprotein B,hcmvgb,5C6T,A,340,LYS,134.35,0.5693
HCMV glycoprotein B,hcmvgb,5C6T,A,341,ASN,122.46,0.6280
HCMV glycoprotein B,hcmvgb,5C6T,A,342,VAL,60.46,0.3475
HCMV glycoprotein B,hcmvgb,5C6T,A,343,THR,19.03,0.1107
HCMV glycoprotein B,hcmvgb,5C6T,A,344,CYS,34.55,0.2069
HCMV glycoprotein B,hcmvgb,5C6T,A,345,GLN,53.20,0.2365
HCMV glycoprotein B,hcmvgb,5C6T,A,346,LEU,18.78,0.0934
HCMV glycoprotein B,hcmvgb,5C6T,A,347,THR,44.12,0.2565
HCMV glycoprotein B,hcmvgb,5C6T,A,348,PHE,61.89,0.2579
HCMV glycoprotein B,hcmvgb,5C6T,A,349,TRP,104.43,0.3664
HCMV glycoprotein B,hcmvgb,5C6T,A,350,GLU,66.60,0.2987
HCMV glycoprotein B,hcmvgb,5C6T,A,351,ALA,19.51,0.1512
HCMV glycoprotein B,hcmvgb,5C6T,A,352,SER,0.00,0.0000
HCMV glycoprotein B,hcmvgb,5C6T,A,353,GLU,66.35,0.2975
HCMV glycoprotein B,hcmvgb,5C6T,A,354,ARG,148.92,0.5435
HCMV glycoprotein B,hcmvgb,5C6T,A,355,THR,0.00,0.0000
HCMV glycoprotein B,hcmvgb,5C6T,A,356,ILE,62.66,0.3181
HCMV glycoprotein B,hcmvgb,5C6T,A,357,ARG,50.22,0.1833
HCMV glycoprotein B,hcmvgb,5C6T,A,358,SER,31.63,0.2041
HCMV glycoprotein B,hcmvgb,5C6T,A,359,GLU,120.58,0.5407
HCMV glycoprotein B,hcmvgb,5C6T,A,360,ALA,37.69,0.2922
HCMV glycoprotein B,hcmvgb,5C6T,A,361,GLU,149.37,0.6698
HCMV glycoprotein B,hcmvgb,5C6T,A,362,ASP,116.75,0.6049
HCMV glycoprotein B,hcmvgb,5C6T,A,363,SER,23.59,0.1522
HCMV glycoprotein B,hcmvgb,5C6T,A,364,TYR,37.91,0.1441
HCMV glycoprotein B,hcmvgb,5C6T,A,365,HIS,21.58,0.0963
HCMV glycoprotein B,hcmvgb,5C6T,A,366,PHE,1.21,0.0050
HCMV glycoprotein B,hcmvgb,5C6T,A,367,SER,28.01,0.1807
HCMV glycoprotein B,hcmvgb,5C6T,A,368,SER,0.00,0.0000
HCMV glycoprotein B,hcmvgb,5C6T,A,369,ALA,79.44,0.6158
HCMV glycoprotein B,hcmvgb,5C6T,A,370,LYS,108.88,0.4614
HCMV glycoprotein B,hcmvgb,5C6T,A,371,MET,24.13,0.1077
HCMV glycoprotein B,hcmvgb,5C6T,A,372,THR,61.40,0.3570
HCMV glycoprotein B,hcmvgb,5C6T,A,373,ALA,3.62,0.0281
HCMV glycoprotein B,hcmvgb,5C6T,A,374,THR,5.36,0.0311
HCMV glycoprotein B,hcmvgb,5C6T,A,375,PHE,6.04,0.0252
HCMV glycoprotein B,hcmvgb,5C6T,A,376,LEU,43.25,0.2152
HCMV glycoprotein B,hcmvgb,5C6T,A,377,SER,4.69,0.0303
HCMV glycoprotein B,hcmvgb,5C6T,A,378,LYS,68.45,0.2900
HCMV glycoprotein B,hcmvgb,5C6T,A,379,LYS,86.00,0.3644
HCMV glycoprotein B,hcmvgb,5C6T,A,380,GLN,118.54,0.5269
HCMV glycoprotein B,hcmvgb,5C6T,A,381,GLU,89.70,0.4022
HCMV glycoprotein B,hcmvgb,5C6T,A,382,VAL,19.71,0.1133
HCMV glycoprotein B,hcmvgb,5C6T,A,383,ASN,87.50,0.4487
HCMV glycoprotein B,hcmvgb,5C6T,A,384,MET,43.65,0.1949
HCMV glycoprotein B,hcmvgb,5C6T,A,385,SER,94.87,0.6121
HCMV glycoprotein B,hcmvgb,5C6T,A,386,ASP,31.62,0.1638
HCMV glycoprotein B,hcmvgb,5C6T,A,387,SER,74.83,0.4828
HCMV glycoprotein B,hcmvgb,5C6T,A,388,ALA,41.59,0.3224
HCMV glycoprotein B,hcmvgb,5C6T,A,389,LEU,3.62,0.0180
HCMV glycoprotein B,hcmvgb,5C6T,A,390,ASP,65.26,0.3381
HCMV glycoprotein B,hcmvgb,5C6T,A,391,CYS,55.72,0.3337
HCMV glycoprotein B,hcmvgb,5C6T,A,392,VAL,4.83,0.0278
HCMV glycoprotein B,hcmvgb,5C6T,A,393,ARG,53.61,0.1957
HCMV glycoprotein B,hcmvgb,5C6T,A,394,ASP,106.69,0.5528
HCMV glycoprotein B,hcmvgb,5C6T,A,395,GLU,84.08,0.3770
HCMV glycoprotein B,hcmvgb,5C6T,A,396,ALA,0.00,0.0000
HCMV glycoprotein B,hcmvgb,5C6T,A,397,ILE,38.64,0.1962
HCMV glycoprotein B,hcmvgb,5C6T,A,398,ASN,99.52,0.5104
HCMV glycoprotein B,hcmvgb,5C6T,A,399,LYS,46.69,0.1978
HCMV glycoprotein B,hcmvgb,5C6T,A,400,LEU,6.04,0.0300
HCMV glycoprotein B,hcmvgb,5C6T,A,401,GLN,77.14,0.3428
HCMV glycoprotein B,hcmvgb,5C6T,A,402,GLN,107.74,0.4788
HCMV glycoprotein B,hcmvgb,5C6T,A,403,ILE,14.49,0.0736
HCMV glycoprotein B,hcmvgb,5C6T,A,404,PHE,40.09,0.1670
HCMV glycoprotein B,hcmvgb,5C6T,A,405,ASN,119.56,0.6131
HCMV glycoprotein B,hcmvgb,5C6T,A,406,THR,117.85,0.6852
HCMV glycoprotein B,hcmvgb,5C6T,A,407,SER,61.91,0.3994
HCMV glycoprotein B,hcmvgb,5C6T,A,408,TYR,51.50,0.1958
HCMV glycoprotein B,hcmvgb,5C6T,A,409,ASN,82.50,0.4231
HCMV glycoprotein B,hcmvgb,5C6T,A,410,GLN,170.38,0.7572
HCMV glycoprotein B,hcmvgb,5C6T,A,411,THR,75.54,0.4392
HCMV glycoprotein B,hcmvgb,5C6T,A,412,TYR,50.78,0.1931
HCMV glycoprotein B,hcmvgb,5C6T,A,413,GLU,112.03,0.5024
HCMV glycoprotein B,hcmvgb,5C6T,A,414,LYS,111.91,0.4742
HCMV glycoprotein B,hcmvgb,5C6T,A,415,TYR,146.02,0.5552
HCMV glycoprotein B,hcmvgb,5C6T,A,416,GLY,41.86,0.4025
HCMV glycoprotein B,hcmvgb,5C6T,A,417,ASN,136.98,0.7025
HCMV glycoprotein B,hcmvgb,5C6T,A,418,VAL,35.30,0.2029
HCMV glycoprotein B,hcmvgb,5C6T,A,419,SER,8.98,0.0579
HCMV glycoprotein B,hcmvgb,5C6T,A,420,VAL,1.09,0.0063
HCMV glycoprotein B,hcmvgb,5C6T,A,421,PHE,1.21,0.0050
HCMV glycoprotein B,hcmvgb,5C6T,A,422,GLU,20.15,0.0903
HCMV glycoprotein B,hcmvgb,5C6T,A,423,THR,3.62,0.0211
HCMV glycoprotein B,hcmvgb,5C6T,A,424,THR,72.69,0.4226
HCMV glycoprotein B,hcmvgb,5C6T,A,425,GLY,18.30,0.1759
HCMV glycoprotein B,hcmvgb,5C6T,A,426,GLY,0.00,0.0000
HCMV glycoprotein B,hcmvgb,5C6T,A,427,LEU,4.83,0.0240
HCMV glycoprotein B,hcmvgb,5C6T,A,428,VAL,13.28,0.0763
HCMV glycoprotein B,hcmvgb,5C6T,A,429,VAL,1.21,0.0069
HCMV glycoprotein B,hcmvgb,5C6T,A,430,PHE,0.00,0.0000
HCMV glycoprotein B,hcmvgb,5C6T,A,431,TRP,7.02,0.0246
HCMV glycoprotein B,hcmvgb,5C6T,A,432,GLN,16.62,0.0739
HCMV glycoprotein B,hcmvgb,5C6T,A,433,GLY,4.83,0.0464
HCMV glycoprotein B,hcmvgb,5C6T,A,434,ILE,10.85,0.0551
HCMV glycoprotein B,hcmvgb,5C6T,A,435,LYS,35.02,0.1484
HCMV glycoprotein B,hcmvgb,5C6T,A,436,GLN,147.84,0.6571
HCMV glycoprotein B,hcmvgb,5C6T,A,469,HIS,112.58,0.5026
HCMV glycoprotein B,hcmvgb,5C6T,A,470,LEU,65.98,0.3282
HCMV glycoprotein B,hcmvgb,5C6T,A,471,SER,43.84,0.2828
HCMV glycoprotein B,hcmvgb,5C6T,A,472,ASN,109.71,0.5626
HCMV glycoprotein B,hcmvgb,5C6T,A,473,MET,67.10,0.2996
HCMV glycoprotein B,hcmvgb,5C6T,A,474,GLU,123.56,0.5541
HCMV glycoprotein B,hcmvgb,5C6T,A,475,SER,22.15,0.1429
HCMV glycoprotein B,hcmvgb,5C6T,A,476,VAL,66.67,0.3832
HCMV glycoprotein B,hcmvgb,5C6T,A,477,HIS,151.47,0.6762
HCMV glycoprotein B,hcmvgb,5C6T,A,478,ASN,95.48,0.4896
HCMV glycoprotein B,hcmvgb,5C6T,A,479,LEU,44.23,0.2200
HCMV glycoprotein B,hcmvgb,5C6T,A,480,VAL,69.77,0.4010
HCMV glycoprotein B,hcmvgb,5C6T,A,481,TYR,79.00,0.3004
HCMV glycoprotein B,hcmvgb,5C6T,A,482,ALA,0.00,0.0000
HCMV glycoprotein B,hcmvgb,5C6T,A,483,GLN,66.51,0.2956
HCMV glycoprotein B,hcmvgb,5C6T,A,484,LEU,118.35,0.5888
HCMV glycoprotein B,hcmvgb,5C6T,A,485,GLN,48.85,0.2171
HCMV glycoprotein B,hcmvgb,5C6T,A,486,PHE,43.47,0.1811
HCMV glycoprotein B,hcmvgb,5C6T,A,487,THR,69.19,0.4023
HCMV glycoprotein B,hcmvgb,5C6T,A,488,TYR,153.42,0.5833
HCMV glycoprotein B,hcmvgb,5C6T,A,489,ASP,37.66,0.1951
HCMV glycoprotein B,hcmvgb,5C6T,A,490,THR,62.23,0.3618
HCMV glycoprotein B,hcmvgb,5C6T,A,491,LEU,101.44,0.5047
HCMV glycoprotein B,hcmvgb,5C6T,A,492,ARG,126.13,0.4603
HCMV glycoprotein B,hcmvgb,5C6T,A,493,GLY,16.50,0.1586
HCMV glycoprotein B,hcmvgb,5C6T,A,494,TYR,134.89,0.5129
HCMV glycoprotein B,hcmvgb,5C6T,A,495,ILE,80.91,0.4107
HCMV glycoprotein B,hcmvgb,5C6T,A,496,ASN,78.10,0.4005
HCMV glycoprotein B,hcmvgb,5C6T,A,497,ARG,149.01,0.5438
HCMV glycoprotein B,hcmvgb,5C6T,A,498,ALA,27.66,0.2144
HCMV glycoprotein B,hcmvgb,5C6T,A,499,LEU,105.18,0.5233
HCMV glycoprotein B,hcmvgb,5C6T,A,500,ALA,55.96,0.4338
HCMV glycoprotein B,hcmvgb,5C6T,A,501,GLN,133.30,0.5924
HCMV glycoprotein B,hcmvgb,5C6T,A,502,ILE,103.45,0.5251
HCMV glycoprotein B,hcmvgb,5C6T,A,503,ALA,60.89,0.4720
HCMV glycoprotein B,hcmvgb,5C6T,A,504,GLU,88.98,0.3990
HCMV glycoprotein B,hcmvgb,5C6T,A,505,ALA,68.29,0.5294
HCMV glycoprotein B,hcmvgb,5C6T,A,506,TRP,152.98,0.5368
HCMV glycoprotein B,hcmvgb,5C6T,A,507,CYS,33.32,0.1995
HCMV glycoprotein B,hcmvgb,5C6T,A,508,VAL,36.23,0.2082
HCMV glycoprotein B,hcmvgb,5C6T,A,509,ASP,87.55,0.4536
HCMV glycoprotein B,hcmvgb,5C6T,A,510,GLN,68.04,0.3024
HCMV glycoprotein B,hcmvgb,5C6T,A,511,ARG,105.58,0.3853
HCMV glycoprotein B,hcmvgb,5C6T,A,512,ARG,162.68,0.5937
HCMV glycoprotein B,hcmvgb,5C6T,A,513,THR,41.18,0.2394
HCMV glycoprotein B,hcmvgb,5C6T,A,514,LEU,20.53,0.1021
HCMV glycoprotein B,hcmvgb,5C6T,A,515,GLU,60.74,0.2724
HCMV glycoprotein B,hcmvgb,5C6T,A,516,VAL,67.63,0.3887
HCMV glycoprotein B,hcmvgb,5C6T,A,517,PHE,74.87,0.3120
HCMV glycoprotein B,hcmvgb,5C6T,A,518,LYS,51.08,0.2165
HCMV glycoprotein B,hcmvgb,5C6T,A,519,GLU,117.29,0.5260
HCMV glycoprotein B,hcmvgb,5C6T,A,520,LEU,79.70,0.3965
HCMV glycoprotein B,hcmvgb,5C6T,A,521,SER,0.00,0.0000
HCMV glycoprotein B,hcmvgb,5C6T,A,522,LYS,71.58,0.3033
HCMV glycoprotein B,hcmvgb,5C6T,A,523,ILE,132.10,0.6706
HCMV glycoprotein B,hcmvgb,5C6T,A,524,ASN,49.52,0.2539
HCMV glycoprotein B,hcmvgb,5C6T,A,525,PRO,8.45,0.0532
HCMV glycoprotein B,hcmvgb,5C6T,A,526,SER,26.82,0.1730
HCMV glycoprotein B,hcmvgb,5C6T,A,527,ALA,44.82,0.3475
HCMV glycoprotein B,hcmvgb,5C6T,A,528,ILE,21.74,0.1103
HCMV glycoprotein B,hcmvgb,5C6T,A,529,LEU,2.42,0.0120
HCMV glycoprotein B,hcmvgb,5C6T,A,530,SER,27.62,0.1782
HCMV glycoprotein B,hcmvgb,5C6T,A,531,ALA,73.61,0.5706
HCMV glycoprotein B,hcmvgb,5C6T,A,532,ILE,71.74,0.3642
HCMV glycoprotein B,hcmvgb,5C6T,A,533,TYR,131.39,0.4996
HCMV glycoprotein B,hcmvgb,5C6T,A,534,ASN,124.12,0.6365
HCMV glycoprotein B,hcmvgb,5C6T,A,535,LYS,121.15,0.5133
HCMV glycoprotein B,hcmvgb,5C6T,A,536,PRO,80.47,0.5061
HCMV glycoprotein B,hcmvgb,5C6T,A,537,ILE,32.11,0.1630
HCMV glycoprotein B,hcmvgb,5C6T,A,538,ALA,15.86,0.1229
HCMV glycoprotein B,hcmvgb,5C6T,A,539,ALA,1.07,0.0083
HCMV glycoprotein B,hcmvgb,5C6T,A,540,ARG,70.36,0.2568
HCMV glycoprotein B,hcmvgb,5C6T,A,541,PHE,107.29,0.4470
HCMV glycoprotein B,hcmvgb,5C6T,A,542,MET,68.51,0.3058
HCMV glycoprotein B,hcmvgb,5C6T,A,543,GLY,40.90,0.3933
HCMV glycoprotein B,hcmvgb,5C6T,A,544,ASP,139.41,0.7223
HCMV glycoprotein B,hcmvgb,5C6T,A,545,VAL,42.27,0.2429
HCMV glycoprotein B,hcmvgb,5C6T,A,546,LEU,1.09,0.0054
HCMV glycoprotein B,hcmvgb,5C6T,A,547,GLY,0.00,0.0000
HCMV glycoprotein B,hcmvgb,5C6T,A,548,LEU,31.40,0.1562
HCMV glycoprotein B,hcmvgb,5C6T,A,549,ALA,18.78,0.1456
HCMV glycoprotein B,hcmvgb,5C6T,A,550,SER,94.93,0.6125
HCMV glycoprotein B,hcmvgb,5C6T,A,551,CYS,58.66,0.3512
HCMV glycoprotein B,hcmvgb,5C6T,A,552,VAL,64.00,0.3678
HCMV glycoprotein B,hcmvgb,5C6T,A,553,THR,78.91,0.4588
HCMV glycoprotein B,hcmvgb,5C6T,A,554,ILE,11.79,0.0598
HCMV glycoprotein B,hcmvgb,5C6T,A,555,ASN,54.27,0.2783
HCMV glycoprotein B,hcmvgb,5C6T,A,556,GLN,70.45,0.3131
HCMV glycoprotein B,hcmvgb,5C6T,A,557,THR,118.05,0.6863
HCMV glycoprotein B,hcmvgb,5C6T,A,558,SER,53.79,0.3471
HCMV glycoprotein B,hcmvgb,5C6T,A,559,VAL,35.85,0.2060
HCMV glycoprotein B,hcmvgb,5C6T,A,560,LYS,105.90,0.4487
HCMV glycoprotein B,hcmvgb,5C6T,A,561,VAL,36.51,0.2098
HCMV glycoprotein B,hcmvgb,5C6T,A,562,LEU,57.97,0.2884
HCMV glycoprotein B,hcmvgb,5C6T,A,563,ARG,164.86,0.6017
HCMV glycoprotein B,hcmvgb,5C6T,A,564,ASP,71.57,0.3708
HCMV glycoprotein B,hcmvgb,5C6T,A,565,MET,3.62,0.0162
HCMV glycoprotein B,hcmvgb,5C6T,A,566,ASN,47.52,0.2437
HCMV glycoprotein B,hcmvgb,5C6T,A,567,VAL,22.67,0.1303
HCMV glycoprotein B,hcmvgb,5C6T,A,568,LYS,103.79,0.4398
HCMV glycoprotein B,hcmvgb,5C6T,A,569,GLU,167.58,0.7515
HCMV glycoprotein B,hcmvgb,5C6T,A,570,SER,48.20,0.3110
HCMV glycoprotein B,hcmvgb,5C6T,A,571,PRO,98.58,0.6200
HCMV glycoprotein B,hcmvgb,5C6T,A,572,GLY,37.25,0.3582
HCMV glycoprotein B,hcmvgb,5C6T,A,573,ARG,19.19,0.0700
HCMV glycoprotein B,hcmvgb,5C6T,A,574,CYS,0.00,0.0000
HCMV glycoprotein B,hcmvgb,5C6T,A,575,TYR,48.37,0.1839
HCMV glycoprotein B,hcmvgb,5C6T,A,576,SER,23.84,0.1538
HCMV glycoprotein B,hcmvgb,5C6T,A,577,ARG,30.73,0.1122
HCMV glycoprotein B,hcmvgb,5C6T,A,578,PRO,0.00,0.0000
HCMV glycoprotein B,hcmvgb,5C6T,A,579,VAL,10.87,0.0625
HCMV glycoprotein B,hcmvgb,5C6T,A,580,VAL,2.42,0.0139
HCMV glycoprotein B,hcmvgb,5C6T,A,581,ILE,37.16,0.1887
HCMV glycoprotein B,hcmvgb,5C6T,A,582,PHE,13.28,0.0553
HCMV glycoprotein B,hcmvgb,5C6T,A,583,ASN,25.27,0.1296
HCMV glycoprotein B,hcmvgb,5C6T,A,584,PHE,77.17,0.3216
HCMV glycoprotein B,hcmvgb,5C6T,A,585,ALA,56.82,0.4405
HCMV glycoprotein B,hcmvgb,5C6T,A,586,ASN,164.23,0.8422
HCMV glycoprotein B,hcmvgb,5C6T,A,587,SER,64.80,0.4181
HCMV glycoprotein B,hcmvgb,5C6T,A,588,SER,86.93,0.5608
HCMV glycoprotein B,hcmvgb,5C6T,A,589,TYR,173.26,0.6588
HCMV glycoprotein B,hcmvgb,5C6T,A,590,VAL,82.61,0.4747
HCMV glycoprotein B,hcmvgb,5C6T,A,591,GLN,49.17,0.2185
HCMV glycoprotein B,hcmvgb,5C6T,A,592,TYR,143.42,0.5453
HCMV glycoprotein B,hcmvgb,5C6T,A,593,GLY,1.21,0.0116
HCMV glycoprotein B,hcmvgb,5C6T,A,594,GLN,0.00,0.0000
HCMV glycoprotein B,hcmvgb,5C6T,A,595,LEU,3.62,0.0180
HCMV glycoprotein B,hcmvgb,5C6T,A,596,GLY,1.21,0.0116
HCMV glycoprotein B,hcmvgb,5C6T,A,597,GLU,85.95,0.3854
HCMV glycoprotein B,hcmvgb,5C6T,A,598,ASP,92.55,0.4795
HCMV glycoprotein B,hcmvgb,5C6T,A,599,ASN,26.14,0.1340
HCMV glycoprotein B,hcmvgb,5C6T,A,600,GLU,22.50,0.1009
HCMV glycoprotein B,hcmvgb,5C6T,A,601,ILE,1.21,0.0061
HCMV glycoprotein B,hcmvgb,5C6T,A,602,LEU,30.19,0.1502
HCMV glycoprotein B,hcmvgb,5C6T,A,603,LEU,80.62,0.4011
HCMV glycoprotein B,hcmvgb,5C6T,A,604,GLY,55.52,0.5338
HCMV glycoprotein B,hcmvgb,5C6T,A,605,ASN,117.12,0.6006
HCMV glycoprotein B,hcmvgb,5C6T,A,606,HIS,57.91,0.2585
HCMV glycoprotein B,hcmvgb,5C6T,A,607,ARG,113.81,0.4154
HCMV glycoprotein B,hcmvgb,5C6T,A,608,THR,42.01,0.2442
HCMV glycoprotein B,hcmvgb,5C6T,A,609,GLU,61.25,0.2747
HCMV glycoprotein B,hcmvgb,5C6T,A,610,GLU,117.15,0.5253
HCMV glycoprotein B,hcmvgb,5C6T,A,611,CYS,41.99,0.2514
HCMV glycoprotein B,hcmvgb,5C6T,A,612,GLN,110.31,0.4903
HCMV glycoprotein B,hcmvgb,5C6T,A,613,LEU,113.83,0.5663
HCMV glycoprotein B,hcmvgb,5C6T,A,614,PRO,96.85,0.6091
HCMV glycoprotein B,hcmvgb,5C6T,A,615,SER,15.68,0.1012
HCMV glycoprotein B,hcmvgb,5C6T,A,616,LEU,92.18,0.4586
HCMV glycoprotein B,hcmvgb,5C6T,A,617,LYS,75.42,0.3196
HCMV glycoprotein B,hcmvgb,5C6T,A,618,ILE,68.73,0.3489
HCMV glycoprotein B,hcmvgb,5C6T,A,619,PHE,9.66,0.0403
HCMV glycoprotein B,hcmvgb,5C6T,A,620,ILE,83.92,0.4260
HCMV glycoprotein B,hcmvgb,5C6T,A,621,ALA,7.91,0.0613
HCMV glycoprotein B,hcmvgb,5C6T,A,622,GLY,37.13,0.3570
HCMV glycoprotein B,hcmvgb,5C6T,A,623,ASN,123.02,0.6308
HCMV glycoprotein B,hcmvgb,5C6T,A,624,SER,36.47,0.2353
HCMV glycoprotein B,hcmvgb,5C6T,A,625,ALA,0.00,0.0000
HCMV glycoprotein B,hcmvgb,5C6T,A,626,TYR,45.56,0.1732
HCMV glycoprotein B,hcmvgb,5C6T,A,627,GLU,22.50,0.1009
HCMV glycoprotein B,hcmvgb,5C6T,A,628,TYR,4.56,0.0173
HCMV glycoprotein B,hcmvgb,5C6T,A,629,VAL,49.51,0.2846
HCMV glycoprotein B,hcmvgb,5C6T,A,630,ASP,58.85,0.3049
HCMV glycoprotein B,hcmvgb,5C6T,A,631,TYR,6.84,0.0260
HCMV glycoprotein B,hcmvgb,5C6T,A,632,LEU,79.70,0.3965
HCMV glycoprotein B,hcmvgb,5C6T,A,633,PHE,56.34,0.2347
HCMV glycoprotein B,hcmvgb,5C6T,A,634,LYS,127.01,0.5382
HCMV glycoprotein B,hcmvgb,5C6T,A,635,ARG,113.24,0.4133
HCMV glycoprotein B,hcmvgb,5C6T,A,636,MET,102.52,0.4577
HCMV glycoprotein B,hcmvgb,5C6T,A,637,ILE,26.96,0.1368
HCMV glycoprotein B,hcmvgb,5C6T,A,638,ASP,96.82,0.5017
HCMV glycoprotein B,hcmvgb,5C6T,A,639,LEU,52.91,0.2632
HCMV glycoprotein B,hcmvgb,5C6T,A,640,SER,96.13,0.6202
HCMV glycoprotein B,hcmvgb,5C6T,A,641,SER,77.45,0.4997
HCMV glycoprotein B,hcmvgb,5C6T,A,642,ILE,67.88,0.3446
HCMV glycoprotein B,hcmvgb,5C6T,A,643,SER,110.20,0.7110
HCMV glycoprotein B,hcmvgb,5C6T,A,644,THR,115.41,0.6710
HCMV glycoprotein B,hcmvgb,5C6T,A,645,VAL,139.78,0.8033
HCMV glycoprotein B,hcmvgb,5C6T,A,646,ASP,130.61,0.6767
HCMV glycoprotein B,hcmvgb,5C6T,A,647,SER,95.62,0.6169
HCMV glycoprotein B,hcmvgb,5C6T,A,648,MET,141.77,0.6329
HCMV glycoprotein B,hcmvgb,5C6T,A,649,ILE,153.44,0.7789
HCMV glycoprotein B,hcmvgb,5C6T,A,650,ALA,64.68,0.5014
HCMV glycoprotein B,hcmvgb,5C6T,A,651,LEU,133.60,0.6647
HCMV glycoprotein B,hcmvgb,5C6T,A,652,ASP,136.63,0.7079
HCMV glycoprotein B,hcmvgb,5C6T,A,653,ILE,136.32,0.6920
HCMV glycoprotein B,hcmvgb,5C6T,A,654,ASP,132.69,0.6875
HCMV glycoprotein B,hcmvgb,5C6T,A,655,PRO,97.80,0.6151
HCMV glycoprotein B,hcmvgb,5C6T,A,656,LEU,167.17,0.8317
HCMV glycoprotein B,hcmvgb,5C6T,A,657,GLU,128.69,0.5771
HCMV glycoprotein B,hcmvgb,5C6T,A,658,ASN,120.54,0.6181
HCMV glycoprotein B,hcmvgb,5C6T,A,659,THR,85.78,0.4987
HCMV glycoprotein B,hcmvgb,5C6T,A,660,ASP,135.48,0.7020
HCMV glycoprotein B,hcmvgb,5C6T,A,661,PHE,190.27,0.7928
HCMV glycoprotein B,hcmvgb,5C6T,A,662,ARG,179.23,0.6541
HCMV glycoprotein B,hcmvgb,5C6T,A,663,VAL,144.90,0.8328
HCMV glycoprotein B,hcmvgb,5C6T,A,664,LEU,144.82,0.7205
HCMV glycoprotein B,hcmvgb,5C6T,A,665,GLU,130.06,0.5832
HCMV glycoprotein B,hcmvgb,5C6T,A,666,LEU,145.17,0.7223
HCMV glycoprotein B,hcmvgb,5C6T,A,667,TYR,141.94,0.5397
HCMV glycoprotein B,hcmvgb,5C6T,A,668,SER,26.57,0.1714
HCMV glycoprotein B,hcmvgb,5C6T,A,669,GLN,137.02,0.6090
HCMV glycoprotein B,hcmvgb,5C6T,A,670,LYS,177.55,0.7523
HCMV glycoprotein B,hcmvgb,5C6T,A,671,GLU,84.56,0.3792
HCMV glycoprotein B,hcmvgb,5C6T,A,672,LEU,76.34,0.3798
HCMV glycoprotein B,hcmvgb,5C6T,A,673,ARG,131.76,0.4809
HCMV glycoprotein B,hcmvgb,5C6T,A,674,SER,86.94,0.5609
HCMV glycoprotein B,hcmvgb,5C6T,A,675,SER,80.69,0.5206
HCMV glycoprotein B,hcmvgb,5C6T,A,676,ASN,87.38,0.4481
HCMV glycoprotein B,hcmvgb,5C6T,A,677,VAL,131.87,0.7579
HCMV glycoprotein B,hcmvgb,5C6T,A,678,PHE,165.05,0.6877
HCMV glycoprotein B,hcmvgb,5C6T,A,679,ASP,28.83,0.1494
HCMV glycoprotein B,hcmvgb,5C6T,A,680,LEU,120.19,0.5980
HCMV glycoprotein B,hcmvgb,5C6T,A,681,GLU,86.24,0.3867
HCMV glycoprotein B,hcmvgb,5C6T,A,682,GLU,114.29,0.5125
HCMV glycoprotein B,hcmvgb,5C6T,A,683,ILE,81.98,0.4162
HCMV glycoprotein B,hcmvgb,5C6T,A,684,MET,106.00,0.4732
HCMV glycoprotein B,hcmvgb,5C6T,A,685,ARG,142.26,0.5192
HCMV glycoprotein B,hcmvgb,5C6T,A,686,GLU,117.66,0.5276
HCMV glycoprotein B,hcmvgb,5C6T,A,687,PHE,90.57,0.3774
HCMV glycoprotein B,hcmvgb,5C6T,A,688,ASN,75.79,0.3887
HCMV glycoprotein B,hcmvgb,5C6T,A,689,SER,66.86,0.4313
HCMV glycoprotein B,hcmvgb,5C6T,A,690,TYR,161.74,0.6150
HCMV glycoprotein B,hcmvgb,5C6T,A,691,LYS,123.82,0.5247
HCMV glycoprotein B,hcmvgb,5C6T,A,692,GLN,139.55,0.6202
HCMV glycoprotein B,hcmvgb,5C6T,A,693,ARG,191.65,0.6994
HCMV glycoprotein B,hcmvgb,5C6T,A,694,VAL,110.73,0.6364
HCMV glycoprotein B,hcmvgb,5C6T,A,695,LYS,100.68,0.4266
HCMV glycoprotein B,hcmvgb,5C6T,A,696,TYR,250.16,0.9512
human growth hormone,hgh,1HGU,A,2,PRO,141.32,0.8888
human growth hormone,hgh,1HGU,A,3,THR,148.87,0.8655
human growth hormone,hgh,1HGU,A,4,ILE,123.69,0.6279
human growth hormone,hgh,1HGU,A,5,PRO,50.45,0.3173
human growth hormone,hgh,1HGU,A,6,LEU,73.32,0.3648
human growth hormone,hgh,1HGU,A,7,SER,30.95,0.1997
human growth hormone,hgh,1HGU,A,8,ARG,127.32,0.4647
human growth hormone,hgh,1HGU,A,9,LEU,62.25,0.3097
human growth hormone,hgh,1HGU,A,10,PHE,27.37,0.1140
human growth hormone,hgh,1HGU,A,11,GLN,76.53,0.3401
human growth hormone,hgh,1HGU,A,12,ASN,51.77,0.2655
human growth hormone,hgh,1HGU,A,13,ALA,8.45,0.0655
human growth hormone,hgh,1HGU,A,14,MET,29.84,0.1332
human growth hormone,hgh,1HGU,A,15,LEU,134.21,0.6677
human growth hormone,hgh,1HGU,A,16,ARG,44.77,0.1634
human growth hormone,hgh,1HGU,A,17,ALA,1.21,0.0094
human growth hormone,hgh,1HGU,A,18,HIS,52.68,0.2352
human growth hormone,hgh,1HGU,A,19,ARG,122.21,0.4460
human growth hormone,hgh,1HGU,A,20,LEU,4.83,0.0240
human growth hormone,hgh,1HGU,A,21,HIS,43.54,0.1944
human growth hormone,hgh,1HGU,A,22,GLN,115.48,0.5132
human growth hormone,hgh,1HGU,A,23,LEU,37.30,0.1856
human growth hormone,hgh,1HGU,A,24,ALA,0.00,0.0000
human growth hormone,hgh,1HGU,A,25,PHE,89.36,0.3724
human growth hormone,hgh,1HGU,A,26,ASP,26.96,0.1397
human growth hormone,hgh,1HGU,A,27,THR,19.58,0.1138
human growth hormone,hgh,1HGU,A,28,TYR,7.25,0.0276
human growth hormone,hgh,1HGU,A,29,GLU,70.38,0.3156
human growth hormone,hgh,1HGU,A,30,GLU,36.10,0.1619
human growth hormone,hgh,1HGU,A,31,PHE,36.23,0.1510
human growth hormone,hgh,1HGU,A,32,GLU,18.21,0.0817
human growth hormone,hgh,1HGU,A,33,GLU,119.80,0.5372
human growth hormone,hgh,1HGU,A,34,ALA,73.88,0.5727
human growth hormone,hgh,1HGU,A,35,TYR,118.61,0.4510
human growth hormone,hgh,1HGU,A,36,ILE,26.43,0.1342
human growth hormone,hgh,1HGU,A,37,PRO,59.17,0.3722
human growth hormone,hgh,1HGU,A,38,LYS,164.04,0.6951
human growth hormone,hgh,1HGU,A,39,GLU,145.32,0.6517
human growth hormone,hgh,1HGU,A,40,GLN,104.38,0.4639
human growth hormone,hgh,1HGU,A,41,LYS,50.44,0.2137
human growth hormone,hgh,1HGU,A,42,TYR,168.55,0.6409
human growth hormone,hgh,1HGU,A,43,SER,62.98,0.4063
human growth hormone,hgh,1HGU,A,44,PHE,164.10,0.6838
human growth hormone,hgh,1HGU,A,45,LEU,26.43,0.1315
human growth hormone,hgh,1HGU,A,46,GLN,111.52,0.4957
human growth hormone,hgh,1HGU,A,47,ALA,78.11,0.6055
human growth hormone,hgh,1HGU,A,48,PRO,106.49,0.6698
human growth hormone,hgh,1HGU,A,49,GLN,74.34,0.3304
human growth hormone,hgh,1HGU,A,50,ALA,81.02,0.6280
human growth hormone,hgh,1HGU,A,51,SER,80.29,0.5180
human growth hormone,hgh,1HGU,A,52,LEU,64.76,0.3222
human growth hormone,hgh,1HGU,A,53,CYS,9.01,0.0539
human growth hormone,hgh,1HGU,A,54,PHE,27.78,0.1157
human growth hormone,hgh,1HGU,A,55,SER,25.34,0.1635
human growth hormone,hgh,1HGU,A,56,GLU,102.17,0.4582
human growth hormone,hgh,1HGU,A,57,SER,54.68,0.3528
human growth hormone,hgh,1HGU,A,58,ILE,33.81,0.1716
human growth hormone,hgh,1HGU,A,59,PRO,95.50,0.6006
human growth hormone,hgh,1HGU,A,60,THR,59.69,0.3470
human growth hormone,hgh,1HGU,A,61,PRO,5.63,0.0354
human growth hormone,hgh,1HGU,A,62,SER,46.93,0.3028
human growth hormone,hgh,1HGU,A,63,ASN,122.65,0.6290
human growth hormone,hgh,1HGU,A,64,ARG,208.66,0.7615
human growth hormone,hgh,1HGU,A,65,GLU,91.59,0.4107
human growth hormone,hgh,1HGU,A,66,GLN,94.29,0.4191
human growth hormone,hgh,1HGU,A,67,ALA,4.29,0.0332
human growth hormone,hgh,1HGU,A,68,GLN,76.54,0.3402
human growth hormone,hgh,1HGU,A,69,GLN,178.61,0.7938
human growth hormone,hgh,1HGU,A,70,LYS,85.89,0.3639
human growth hormone,hgh,1HGU,A,71,SER,32.63,0.2105
human growth hormone,hgh,1HGU,A,72,ASN,56.30,0.2887
human growth hormone,hgh,1HGU,A,73,LEU,11.96,0.0595
human growth hormone,hgh,1HGU,A,74,GLN,52.13,0.2317
human growth hormone,hgh,1HGU,A,75,LEU,12.08,0.0601
human growth hormone,hgh,1HGU,A,76,LEU,4.83,0.0240
human growth hormone,hgh,1HGU,A,77,ARG,70.38,0.2569
human growth hormone,hgh,1HGU,A,78,ILE,62.80,0.3188
human growth hormone,hgh,1HGU,A,79,SER,3.49,0.0225
human growth hormone,hgh,1HGU,A,80,LEU,16.91,0.0841
human growth hormone,hgh,1HGU,A,81,LEU,25.36,0.1262
human growth hormone,hgh,1HGU,A,82,LEU,6.04,0.0300
human growth hormone,hgh,1HGU,A,83,ILE,1.21,0.0061
human growth hormone,hgh,1HGU,A,84,GLN,89.67,0.3985
human growth hormone,hgh,1HGU,A,85,SER,0.00,0.0000
human growth hormone,hgh,1HGU,A,86,TRP,9.66,0.0339
human growth hormone,hgh,1HGU,A,87,LEU,22.52,0.1120
human growth hormone,hgh,1HGU,A,88,GLU,82.05,0.3679
human growth hormone,hgh,1HGU,A,89,PRO,4.56,0.0287
human growth hormone,hgh,1HGU,A,90,VAL,20.53,0.1180
human growth hormone,hgh,1HGU,A,91,GLY,44.90,0.4317
human growth hormone,hgh,1HGU,A,92,PHE,185.61,0.7734
human growth hormone,hgh,1HGU,A,93,LEU,45.89,0.2283
human growth hormone,hgh,1HGU,A,94,ARG,182.91,0.6676
human growth hormone,hgh,1HGU,A,95,SER,50.21,0.3239
human growth hormone,hgh,1HGU,A,96,VAL,107.03,0.6151
human growth hormone,hgh,1HGU,A,97,PHE,37.31,0.1555
human growth hormone,hgh,1HGU,A,98,ALA,36.21,0.2807
human growth hormone,hgh,1HGU,A,99,ASN,86.37,0.4429
human growth hormone,hgh,1HGU,A,100,SER,40.96,0.2642
human growth hormone,hgh,1HGU,A,101,LEU,114.05,0.5674
human growth hormone,hgh,1HGU,A,102,VAL,81.98,0.4712
human growth hormone,hgh,1HGU,A,103,TYR,183.42,0.6974
human growth hormone,hgh,1HGU,A,104,GLY,49.54,0.4764
human growth hormone,hgh,1HGU,A,105,ALA,102.36,0.7935
human growth hormone,hgh,1HGU,A,106,SER,69.84,0.4506
human growth hormone,hgh,1HGU,A,107,ASP,93.69,0.4854
human growth hormone,hgh,1HGU,A,108,SER,61.36,0.3959
human growth hormone,hgh,1HGU,A,109,ASP,113.24,0.5867
human growth hormone,hgh,1HGU,A,110,VAL,60.11,0.3455
human growth hormone,hgh,1HGU,A,111,TYR,62.90,0.2392
human growth hormone,hgh,1HGU,A,112,ASP,71.53,0.3706
human growth hormone,hgh,1HGU,A,113,LEU,10.87,0.0541
human growth hormone,hgh,1HGU,A,114,LEU,2.42,0.0120
human growth hormone,hgh,1HGU,A,115,LYS,67.44,0.2858
human growth hormone,hgh,1HGU,A,116,ASP,52.91,0.2741
human growth hormone,hgh,1HGU,A,117,LEU,3.62,0.0180
human growth hormone,hgh,1HGU,A,118,GLU,13.93,0.0625
human growth hormone,hgh,1HGU,A,119,GLU,105.19,0.4717
human growth hormone,hgh,1HGU,A,120,GLY,24.97,0.2401
human growth hormone,hgh,1HGU,A,121,ILE,3.62,0.0184
human growth hormone,hgh,1HGU,A,122,GLN,94.85,0.4216
human growth hormone,hgh,1HGU,A,123,THR,69.06,0.4015
human growth hormone,hgh,1HGU,A,124,LEU,14.49,0.0721
human growth hormone,hgh,1HGU,A,125,MET,42.21,0.1884
human growth hormone,hgh,1HGU,A,126,GLY,68.42,0.6579
human growth hormone,hgh,1HGU,A,127,ARG,164.79,0.6014
human growth hormone,hgh,1HGU,A,128,LEU,83.17,0.4138
human growth hormone,hgh,1HGU,A,129,GLU,117.00,0.5247
human growth hormone,hgh,1HGU,A,130,ASP,116.56,0.6040
human growth hormone,hgh,1HGU,A,131,GLY,78.19,0.7519
human growth hormone,hgh,1HGU,A,132,SER,75.92,0.4898
human growth hormone,hgh,1HGU,A,133,PRO,64.24,0.4040
human growth hormone,hgh,1HGU,A,134,ARG,223.59,0.8160
human growth hormone,hgh,1HGU,A,135,THR,43.50,0.2529
human growth hormone,hgh,1HGU,A,136,GLY,87.13,0.8378
human growth hormone,hgh,1HGU,A,137,GLN,34.71,0.1543
human growth hormone,hgh,1HGU,A,138,ALA,87.40,0.6775
human growth hormone,hgh,1HGU,A,139,PHE,162.76,0.6782
human growth hormone,hgh,1HGU,A,140,LYS,172.35,0.7303
human growth hormone,hgh,1HGU,A,141,GLN,96.31,0.4280
human growth hormone,hgh,1HGU,A,142,THR,128.31,0.7460
human growth hormone,hgh,1HGU,A,143,TYR,89.89,0.3418
human growth hormone,hgh,1HGU,A,144,ALA,31.77,0.2463
human growth hormone,hgh,1HGU,A,145,LYS,18.76,0.0795
human growth hormone,hgh,1HGU,A,146,PHE,156.55,0.6523
human growth hormone,hgh,1HGU,A,147,ASP,61.91,0.3208
human growth hormone,hgh,1HGU,A,148,ALA,8.84,0.0686
human growth hormone,hgh,1HGU,A,149,ASN,103.60,0.5313
human growth hormone,hgh,1HGU,A,150,SER,62.47,0.4031
human growth hormone,hgh,1HGU,A,151,HIS,150.57,0.6722
human growth hormone,hgh,1HGU,A,152,ASN,123.18,0.6317
human growth hormone,hgh,1HGU,A,153,ASP,144.03,0.7463
human growth hormone,hgh,1HGU,A,154,ASP,95.12,0.4928
human growth hormone,hgh,1HGU,A,155,ALA,17.75,0.1376
human growth hormone,hgh,1HGU,A,156,LEU,30.19,0.1502
human growth hormone,hgh,1HGU,A,157,LEU,56.47,0.2809
human growth hormone,hgh,1HGU,A,158,LYS,140.07,0.5935
human growth hormone,hgh,1HGU,A,159,ASN,14.83,0.0761
human growth hormone,hgh,1HGU,A,160,TYR,23.45,0.0892
human growth hormone,hgh,1HGU,A,161,GLY,20.53,0.1974
human growth hormone,hgh,1HGU,A,162,LEU,16.91,0.0841
human growth hormone,hgh,1HGU,A,163,LEU,3.62,0.0180
human growth hormone,hgh,1HGU,A,164,TYR,67.42,0.2563
human growth hormone,hgh,1HGU,A,165,CYS,9.01,0.0539
human growth hormone,hgh,1HGU,A,166,PHE,22.94,0.0956
human growth hormone,hgh,1HGU,A,167,ARG,67.85,0.2476
human growth hormone,hgh,1HGU,A,168,LYS,76.76,0.3252
human growth hormone,hgh,1HGU,A,169,ASP,0.00,0.0000
human growth hormone,hgh,1HGU,A,170,MET,0.00,0.0000
human growth hormone,hgh,1HGU,A,171,ASP,27.47,0.1423
human growth hormone,hgh,1HGU,A,172,LYS,7.77,0.0329
human growth hormone,hgh,1HGU,A,173,VAL,4.83,0.0278
human growth hormone,hgh,1HGU,A,174,GLU,0.00,0.0000
human growth hormone,hgh,1HGU,A,175,THR,17.03,0.0990
human growth hormone,hgh,1HGU,A,176,PHE,16.91,0.0704
human growth hormone,hgh,1HGU,A,177,LEU,15.29,0.0761
human growth hormone,hgh,1HGU,A,178,ARG,77.85,0.2841
human growth hormone,hgh,1HGU,A,179,ILE,12.08,0.0613
human growth hormone,hgh,1HGU,A,180,VAL,3.62,0.0208
human growth hormone,hgh,1HGU,A,181,GLN,17.91,0.0796
human growth hormone,hgh,1HGU,A,182,CYS,43.79,0.2622
human growth hormone,hgh,1HGU,A,183,ARG,64.22,0.2344
human growth hormone,hgh,1HGU,A,184,SER,55.48,0.3579
human growth hormone,hgh,1HGU,A,185,VAL,52.16,0.2998
human growth hormone,hgh,1HGU,A,186,GLU,154.14,0.6912
human growth hormone,hgh,1HGU,A,187,GLY,43.45,0.4178
human growth hormone,hgh,1HGU,A,188,SER,114.58,0.7392
human growth hormone,hgh,1HGU,A,189,CYS,70.50,0.4222
human growth hormone,hgh,1HGU,A,190,GLY,111.41,1.0712
